Customer_ID,Customer_Name,Gender,Age,Customer_Segment,City,State,Region,Join_Date
1,Anvi Konda,Female,33,Regular,Delhi,Delhi,North,2024-09-25
2,Gagan Sami,Male,61,Premium,Chennai,Tamil Nadu,South,2022-08-26
3,Tejas Kaul,Female,20,Regular,Amritsar,Punjab,North,2021-09-11
4,Rushil Saini,Male,32,Regular,Delhi,Delhi,North,2024-01-24
5,Abeer Dutta,Male,63,New,Amritsar,Punjab,North,2022-08-21
6,Arunima Dugal,Female,55,New,Pune,Maharashtra,West,2025-01-10
7,Harsh Chanda,Male,62,New,Kolkata,West Bengal,East,2022-08-12
8,Hemangini Lalla,Female,27,Premium,Ahmedabad,Gujarat,West,2023-06-09
9,Jeet Radhakrishnan,Male,23,Regular,Hyderabad,Telangana,South,2025-07-28
10,Janaki Handa,Female,40,Regular,Mumbai,Maharashtra,West,2021-12-05
11,Vedant Mann,Female,52,New,Kolkata,West Bengal,East,2025-01-22
12,Harrison Rai,Male,53,Premium,Lucknow,Uttar Pradesh,North,2026-06-18
13,Nicholas Prabhakar,Female,54,Regular,Guwahati,Assam,East,2022-12-04
14,Ekbal Garg,Male,60,New,Bengaluru,Karnataka,South,2023-04-25
15,Nihal Shere,Male,32,New,Hyderabad,Telangana,South,2024-03-16
16,Ekta Bhalla,Female,47,New,Lucknow,Uttar Pradesh,North,2023-06-08
17,Diya Rattan,Female,40,New,Bhubaneswar,Odisha,East,2022-09-06
18,Divya Kala,Male,56,Regular,Hyderabad,Telangana,South,2022-11-16
19,Tara Dhar,Male,28,Regular,Coimbatore,Tamil Nadu,South,2024-10-24
20,Adya Sangha,Female,58,New,Surat,Gujarat,West,2022-11-10
21,Janaki Kanda,Male,32,Regular,Hyderabad,Telangana,South,2026-01-10
22,Yashodhara Tak,Female,35,New,Jaipur,Rajasthan,North,2026-07-11
23,Imaran Dua,Female,31,New,Chandigarh,Chandigarh,North,2021-12-28
24,Devansh Rajan,Female,27,Regular,Surat,Gujarat,West,2024-09-03
25,Zayan Apte,Male,65,Regular,Bhubaneswar,Odisha,East,2023-06-12
26,Amara Oak,Female,55,Regular,Guwahati,Assam,East,2024-12-08
27,Nakul Setty,Male,26,New,Ahmedabad,Gujarat,West,2022-02-03
28,Xiti Gokhale,Male,25,Regular,Mumbai,Maharashtra,West,2021-07-20
29,Chanchal Tripathi,Female,56,Regular,Chennai,Tamil Nadu,South,2024-01-28
30,Kashvi Edwin,Female,56,New,Lucknow,Uttar Pradesh,North,2024-07-31
31,Ekiya Suresh,Female,53,Regular,Indore,Madhya Pradesh,West,2024-03-26
32,Damyanti Khatri,Female,59,New,Delhi,Delhi,North,2021-08-19
33,Frederick Sunder,Female,45,New,Kolkata,West Bengal,East,2021-10-28
34,Kabir Soman,Male,64,Premium,Kochi,Kerala,South,2025-08-13
35,Alka Wable,Male,50,Premium,Guwahati,Assam,East,2026-04-09
36,Siddharth Zacharia,Male,27,Regular,Jaipur,Rajasthan,North,2025-11-24
37,Devika Rastogi,Male,56,New,Bhubaneswar,Odisha,East,2025-04-24
38,Raksha Varughese,Male,25,New,Ranchi,Jharkhand,East,2026-07-07
39,Umang Bhatt,Male,21,Regular,Patna,Bihar,East,2023-10-17
40,Thomas Amble,Male,23,Regular,Coimbatore,Tamil Nadu,South,2023-03-24
41,Veer Bir,Male,26,New,Mumbai,Maharashtra,West,2021-11-21
42,Ekavir Varkey,Male,34,Regular,Indore,Madhya Pradesh,West,2026-01-24
43,Tanish Zacharia,Male,63,New,Pune,Maharashtra,West,2022-09-22
44,Xavier Solanki,Female,46,Premium,Ranchi,Jharkhand,East,2022-03-13
45,Girindra Chatterjee,Male,32,New,Mumbai,Maharashtra,West,2025-07-29
46,Pallavi Roy,Male,55,Regular,Jaipur,Rajasthan,North,2024-10-30
47,Guneet Bhat,Male,18,New,Coimbatore,Tamil Nadu,South,2023-11-15
48,Ikbal Kothari,Male,22,Regular,Delhi,Delhi,North,2023-07-20
49,Logan Sami,Male,50,Regular,Jaipur,Rajasthan,North,2022-06-30
50,Zaid Borra,Female,31,New,Hyderabad,Telangana,South,2022-06-15
51,Chandresh Zachariah,Female,33,Premium,Coimbatore,Tamil Nadu,South,2023-10-02
52,Warjas Ganesan,Male,24,Regular,Surat,Gujarat,West,2025-09-19
53,Tanay Rattan,Female,45,Premium,Lucknow,Uttar Pradesh,North,2023-07-27
54,Ladli Agate,Male,61,Premium,Surat,Gujarat,West,2026-01-18
55,Suhani Mangal,Female,64,Regular,Delhi,Delhi,North,2026-06-19
56,Mohammed Gupta,Male,30,Premium,Kolkata,West Bengal,East,2023-08-26
57,Darsh Murthy,Female,26,New,Coimbatore,Tamil Nadu,South,2023-01-08
58,Yadavi Wali,Female,47,New,Pune,Maharashtra,West,2021-10-27
59,Quincy Biswas,Female,53,New,Bengaluru,Karnataka,South,2022-04-28
60,Netra Dar,Male,23,New,Delhi,Delhi,North,2024-07-06
61,Balveer Bumb,Female,49,Regular,Chennai,Tamil Nadu,South,2026-03-31
62,Advika Jayaraman,Female,21,New,Pune,Maharashtra,West,2023-08-19
63,William Lanka,Male,42,Regular,Kochi,Kerala,South,2024-11-19
64,Tanvi Mutti,Female,45,Regular,Ranchi,Jharkhand,East,2023-07-08
65,Aditya Shanker,Male,36,New,Pune,Maharashtra,West,2026-03-08
66,Ethan Yogi,Male,65,Regular,Bengaluru,Karnataka,South,2024-08-22
67,Kevin Palla,Male,55,New,Kolkata,West Bengal,East,2022-08-08
68,Kala Mane,Male,21,Regular,Indore,Madhya Pradesh,West,2025-12-10
69,Abhiram Mistry,Male,56,New,Chandigarh,Chandigarh,North,2022-04-29
70,Krish Lalla,Female,25,Premium,Chandigarh,Chandigarh,North,2026-03-13
71,Nachiket Magar,Male,57,Regular,Coimbatore,Tamil Nadu,South,2022-02-10
72,Hemal Jani,Female,34,New,Lucknow,Uttar Pradesh,North,2022-12-11
73,Yashasvi Suresh,Male,34,New,Hyderabad,Telangana,South,2024-12-22
74,George Sampath,Female,47,Regular,Pune,Maharashtra,West,2022-10-16
75,Aarush Nath,Male,47,Regular,Kolkata,West Bengal,East,2025-09-07
76,Neel Sathe,Male,50,Regular,Delhi,Delhi,North,2025-05-23
77,Aditya Choudhury,Female,22,Regular,Bhubaneswar,Odisha,East,2024-04-17
78,Balendra Pingle,Female,28,New,Hyderabad,Telangana,South,2021-11-29
79,Qushi Datta,Female,57,Regular,Indore,Madhya Pradesh,West,2024-06-13
80,Balveer Parmar,Female,60,New,Amritsar,Punjab,North,2021-09-29
81,Harshil Pandya,Female,25,Premium,Chandigarh,Chandigarh,North,2022-08-02
82,Mohammed Khalsa,Male,35,Regular,Amritsar,Punjab,North,2025-06-09
83,Nitara Bakshi,Male,63,New,Guwahati,Assam,East,2025-11-10
84,Nisha Kothari,Female,50,New,Bhubaneswar,Odisha,East,2022-06-07
85,Lavanya Barad,Male,23,New,Ahmedabad,Gujarat,West,2022-11-14
86,Ryan Sharma,Male,18,New,Ahmedabad,Gujarat,West,2025-10-30
87,Udant Bajwa,Female,28,Regular,Bhubaneswar,Odisha,East,2023-04-14
88,Falguni Mallick,Female,53,Regular,Indore,Madhya Pradesh,West,2024-11-01
89,Indali Upadhyay,Male,62,Premium,Delhi,Delhi,North,2025-11-10
90,Ayaan D’Alia,Male,41,Regular,Coimbatore,Tamil Nadu,South,2023-07-15
91,Pranav Lanka,Male,20,New,Kochi,Kerala,South,2025-12-03
92,Hemani Murthy,Male,40,Regular,Patna,Bihar,East,2021-09-22
93,Lekha Gupta,Male,40,Regular,Chennai,Tamil Nadu,South,2023-09-20
94,Aarav Venkatesh,Male,33,Regular,Indore,Madhya Pradesh,West,2022-10-23
95,Januja Sankar,Female,19,Regular,Chennai,Tamil Nadu,South,2026-03-02
96,Dipta Dash,Female,60,Regular,Hyderabad,Telangana,South,2021-11-19
97,Yashica More,Male,62,Regular,Hyderabad,Telangana,South,2025-02-18
98,Neha Merchant,Male,48,Regular,Lucknow,Uttar Pradesh,North,2024-11-14
99,Osha Raghavan,Female,40,New,Chennai,Tamil Nadu,South,2024-04-22
100,Charvi Ravi,Male,19,New,Bhubaneswar,Odisha,East,2024-12-03
101,Daksha Mangat,Female,35,New,Kochi,Kerala,South,2024-04-11
102,Udyati Sathe,Female,59,Regular,Jaipur,Rajasthan,North,2022-08-03
103,Yasti Solanki,Female,19,New,Indore,Madhya Pradesh,West,2023-09-30
104,Frado Mander,Male,55,Regular,Jaipur,Rajasthan,North,2025-07-04
105,Girik Keer,Male,56,Premium,Kolkata,West Bengal,East,2024-02-11
106,Rushil Din,Female,45,New,Ahmedabad,Gujarat,West,2024-11-25
107,Vaishnavi Bora,Male,34,Regular,Lucknow,Uttar Pradesh,North,2021-08-28
108,Leena Talwar,Male,51,Regular,Lucknow,Uttar Pradesh,North,2023-10-25
109,Abdul Chhabra,Female,22,New,Hyderabad,Telangana,South,2023-07-15
110,Patrick Vasa,Female,60,New,Guwahati,Assam,East,2025-06-06
111,Jairaj Shan,Female,60,New,Jaipur,Rajasthan,North,2023-11-10
112,Edhitha Savant,Female,62,New,Ahmedabad,Gujarat,West,2022-03-15
113,Sanaya Dutt,Male,30,Premium,Guwahati,Assam,East,2024-08-07
114,Shivani Lad,Male,57,Regular,Surat,Gujarat,West,2025-04-03
115,Vedhika Khare,Male,37,Regular,Ranchi,Jharkhand,East,2025-04-18
116,Bhavika Keer,Female,55,Premium,Bhubaneswar,Odisha,East,2022-11-28
117,Faris Devi,Female,46,Regular,Ranchi,Jharkhand,East,2022-11-23
118,Michael Kala,Female,65,New,Coimbatore,Tamil Nadu,South,2022-04-16
119,Ganga Shukla,Female,50,Premium,Bengaluru,Karnataka,South,2021-11-09
120,Osha Ramachandran,Male,61,Regular,Kolkata,West Bengal,East,2023-08-13
121,Lajita Sood,Male,27,Regular,Bhubaneswar,Odisha,East,2026-01-23
122,Chanchal Ramakrishnan,Male,48,Premium,Delhi,Delhi,North,2021-07-25
123,Thomas Sura,Female,58,New,Lucknow,Uttar Pradesh,North,2025-10-21
124,Vedika Balakrishnan,Female,43,New,Kochi,Kerala,South,2022-08-19
125,Noah Sibal,Male,24,New,Chennai,Tamil Nadu,South,2023-06-25
126,Meera Bala,Male,62,Regular,Pune,Maharashtra,West,2026-02-19
127,Krishna Shenoy,Male,25,Regular,Mumbai,Maharashtra,West,2021-12-15
128,Ladli Narang,Female,60,Premium,Pune,Maharashtra,West,2022-06-12
129,Geetika Raghavan,Female,53,New,Ranchi,Jharkhand,East,2022-08-05
130,Zayyan Bumb,Female,46,Regular,Pune,Maharashtra,West,2022-12-05
131,Inaya Kapur,Female,51,Regular,Bhubaneswar,Odisha,East,2023-11-21
132,Azaan Kota,Female,46,New,Pune,Maharashtra,West,2024-10-14
133,Michael Khare,Male,35,New,Jaipur,Rajasthan,North,2022-07-14
134,Tejas Shroff,Male,26,New,Patna,Bihar,East,2022-03-02
135,Oliver Contractor,Female,62,Premium,Chennai,Tamil Nadu,South,2025-01-12
136,Deepa Chokshi,Male,44,New,Chennai,Tamil Nadu,South,2025-06-05
137,Keya Ranganathan,Female,44,Regular,Ahmedabad,Gujarat,West,2024-06-06
138,Faqid Kibe,Female,42,Regular,Chandigarh,Chandigarh,North,2026-03-31
139,Jai Barman,Female,48,Regular,Amritsar,Punjab,North,2022-01-17
140,Kamala Biswas,Female,42,Premium,Jaipur,Rajasthan,North,2023-04-10
141,Advik Salvi,Male,49,Premium,Indore,Madhya Pradesh,West,2024-01-25
142,Rachita Pathak,Female,49,New,Hyderabad,Telangana,South,2025-08-25
143,Michael Saran,Female,60,Regular,Lucknow,Uttar Pradesh,North,2024-09-18
144,Veda Shroff,Female,26,New,Pune,Maharashtra,West,2022-06-01
145,Ekantika Korpal,Male,23,New,Lucknow,Uttar Pradesh,North,2023-09-18
146,Arya Seshadri,Female,29,New,Pune,Maharashtra,West,2025-09-09
147,Ladli Nayar,Female,38,Regular,Jaipur,Rajasthan,North,2022-10-03
148,Qabil Sura,Female,39,Regular,Kochi,Kerala,South,2021-09-05
149,Harini Mammen,Female,34,New,Ahmedabad,Gujarat,West,2022-08-06
150,Advaith Varughese,Male,65,New,Lucknow,Uttar Pradesh,North,2025-12-09
151,Wyatt Ray,Male,59,Premium,Jaipur,Rajasthan,North,2026-04-12
152,Vamakshi Swaminathan,Male,33,New,Delhi,Delhi,North,2023-12-24
153,Girik Menon,Male,33,New,Bengaluru,Karnataka,South,2023-10-11
154,Damini Pillay,Male,54,Regular,Kochi,Kerala,South,2022-08-23
155,Pavani Narayanan,Female,41,Premium,Kochi,Kerala,South,2023-11-26
156,Anika Mohan,Male,28,New,Coimbatore,Tamil Nadu,South,2023-04-18
157,Reyansh Mutti,Male,37,Regular,Kolkata,West Bengal,East,2022-10-17
158,Rehaan Kalita,Male,22,Regular,Surat,Gujarat,West,2022-02-18
159,Barkha Chaudhry,Female,61,New,Bengaluru,Karnataka,South,2025-03-25
160,Utkarsh Patel,Male,40,Regular,Amritsar,Punjab,North,2025-09-13
161,Jonathan Mahal,Male,50,Regular,Ahmedabad,Gujarat,West,2022-06-07
162,Brinda Date,Female,49,Regular,Kolkata,West Bengal,East,2021-10-06
163,Harshil Arora,Female,58,Regular,Lucknow,Uttar Pradesh,North,2024-09-22
164,Varenya Sastry,Female,29,Regular,Pune,Maharashtra,West,2024-05-28
165,Zayyan Sridhar,Female,47,New,Guwahati,Assam,East,2023-03-29
166,Nandini Swamy,Female,38,Regular,Indore,Madhya Pradesh,West,2022-02-08
167,Max Dixit,Female,46,New,Bengaluru,Karnataka,South,2021-11-27
168,Frederick Kothari,Female,39,New,Kochi,Kerala,South,2025-08-04
169,Upkaar Virk,Female,29,New,Lucknow,Uttar Pradesh,North,2022-02-16
170,Chameli Sanghvi,Female,34,Regular,Pune,Maharashtra,West,2023-06-09
171,Hardik Johal,Female,53,Regular,Patna,Bihar,East,2023-01-23
172,Finn Dugar,Male,23,New,Amritsar,Punjab,North,2024-08-30
173,Naksh Agate,Female,53,Regular,Kochi,Kerala,South,2022-09-26
174,Bishakha Bali,Female,46,New,Kochi,Kerala,South,2023-07-31
175,Sudiksha Bobal,Female,32,Regular,Delhi,Delhi,North,2022-09-10
176,Rudra Sandal,Female,60,New,Pune,Maharashtra,West,2024-12-21
177,Manthan Lata,Female,45,Regular,Ranchi,Jharkhand,East,2022-02-09
178,Darpan Gandhi,Female,35,Regular,Patna,Bihar,East,2025-09-02
179,Reva Dash,Male,25,Premium,Patna,Bihar,East,2025-07-02
180,Neha Magar,Male,65,New,Hyderabad,Telangana,South,2023-11-18
181,Raksha Buch,Male,65,New,Chennai,Tamil Nadu,South,2024-01-15
182,Ekantika Krishna,Female,24,New,Ahmedabad,Gujarat,West,2024-07-11
183,Ansh Luthra,Male,41,Premium,Hyderabad,Telangana,South,2021-08-31
184,Upma Venkataraman,Male,63,Premium,Hyderabad,Telangana,South,2024-06-01
185,Pratyush Sarin,Male,21,New,Hyderabad,Telangana,South,2024-10-17
186,Gavin Singhal,Female,24,Regular,Bhubaneswar,Odisha,East,2024-09-16
187,Ekani Cheema,Female,48,Regular,Amritsar,Punjab,North,2023-04-11
188,Nisha Tandon,Female,29,Regular,Surat,Gujarat,West,2025-10-29
189,Balhaar Sha,Female,25,Regular,Jaipur,Rajasthan,North,2022-12-23
190,Ekiya D’Alia,Female,22,New,Lucknow,Uttar Pradesh,North,2021-12-22
191,Yoshita Agarwal,Male,54,New,Chandigarh,Chandigarh,North,2026-05-22
192,Odika Bhagat,Male,25,Premium,Kolkata,West Bengal,East,2024-10-28
193,Wishi Sathe,Male,51,Premium,Indore,Madhya Pradesh,West,2022-06-22
194,Amara Deep,Female,37,Regular,Surat,Gujarat,West,2025-05-03
195,Vedhika Dara,Male,57,New,Ahmedabad,Gujarat,West,2026-03-05
196,Nathan Mukhopadhyay,Male,34,New,Chandigarh,Chandigarh,North,2021-09-05
197,Girik Kar,Male,29,Regular,Chandigarh,Chandigarh,North,2024-04-16
198,Triya Dalal,Male,44,Premium,Chandigarh,Chandigarh,North,2026-07-01
199,Wishi Manne,Female,36,Premium,Indore,Madhya Pradesh,West,2024-10-10
200,Ojasvi Subramanian,Female,63,Regular,Chandigarh,Chandigarh,North,2024-01-30
201,Tanmayi Dhillon,Male,61,Regular,Ranchi,Jharkhand,East,2026-06-09
202,Ekaraj Majumdar,Male,45,New,Hyderabad,Telangana,South,2023-06-15
203,Harini Tripathi,Male,59,New,Amritsar,Punjab,North,2025-05-26
204,Barkha Misra,Male,22,Premium,Hyderabad,Telangana,South,2022-11-15
205,Manthan Sekhon,Female,56,Regular,Chandigarh,Chandigarh,North,2025-09-22
206,Gaurangi Purohit,Male,47,New,Ranchi,Jharkhand,East,2024-03-24
207,Ranbir Khare,Female,50,New,Ranchi,Jharkhand,East,2023-10-24
208,Nirja Bassi,Male,56,Regular,Surat,Gujarat,West,2024-05-24
209,Lakshmi Raju,Female,56,New,Lucknow,Uttar Pradesh,North,2023-02-16
210,Warhi Bansal,Male,32,New,Kolkata,West Bengal,East,2026-06-24
211,Harish Sarraf,Male,29,Regular,Jaipur,Rajasthan,North,2022-03-02
212,Alexander Dhawan,Female,35,Regular,Indore,Madhya Pradesh,West,2022-01-13
213,Falan Singh,Female,58,Regular,Coimbatore,Tamil Nadu,South,2023-08-03
214,Hamsini Rao,Female,40,New,Mumbai,Maharashtra,West,2025-06-11
215,Lajita Nadig,Female,60,Regular,Ahmedabad,Gujarat,West,2024-10-14
216,Balendra Biswas,Female,44,New,Chandigarh,Chandigarh,North,2024-09-02
217,Utkarsh Chana,Female,53,New,Ahmedabad,Gujarat,West,2022-09-16
218,Harish Sawhney,Male,38,Regular,Lucknow,Uttar Pradesh,North,2023-09-15
219,Ayush Batra,Male,43,Regular,Patna,Bihar,East,2022-05-14
220,Chaaya Parmer,Female,44,Regular,Amritsar,Punjab,North,2023-02-27
221,Yash Wali,Female,57,Regular,Chandigarh,Chandigarh,North,2023-05-30
222,Onkar Gill,Male,31,Regular,Surat,Gujarat,West,2023-08-06
223,Wridesh Tank,Male,36,New,Guwahati,Assam,East,2021-12-06
224,Vincent Shenoy,Male,19,Regular,Surat,Gujarat,West,2026-02-06
225,Aadhya Andra,Female,53,New,Chennai,Tamil Nadu,South,2024-09-22
226,Bhavna Dugar,Female,23,New,Amritsar,Punjab,North,2026-01-12
227,Chandani Samra,Female,25,Premium,Bengaluru,Karnataka,South,2021-11-26
228,Chasmum Issac,Female,50,Regular,Kochi,Kerala,South,2024-12-27
229,Hredhaan Khalsa,Female,48,Premium,Ranchi,Jharkhand,East,2026-07-14
230,Chakrika Merchant,Male,42,Regular,Kochi,Kerala,South,2023-06-11
231,Anvi Anand,Male,22,Regular,Coimbatore,Tamil Nadu,South,2021-08-24
232,Watika Mangat,Female,50,Regular,Ranchi,Jharkhand,East,2024-05-13
233,Indira Kanda,Female,64,Regular,Kolkata,West Bengal,East,2025-06-01
234,Laksh Chatterjee,Female,27,Regular,Guwahati,Assam,East,2024-09-20
235,Dayamai Sastry,Female,40,New,Indore,Madhya Pradesh,West,2026-01-20
236,Karan Chana,Female,47,Regular,Guwahati,Assam,East,2021-09-13
237,Ojasvi Gill,Male,54,New,Bhubaneswar,Odisha,East,2026-01-31
238,Yachana Mahajan,Female,20,New,Pune,Maharashtra,West,2022-07-16
239,Vasatika Merchant,Female,42,Regular,Ranchi,Jharkhand,East,2025-09-09
240,Ishwar Sidhu,Male,26,New,Kochi,Kerala,South,2025-04-08
241,Upkaar Ranganathan,Female,24,Premium,Kolkata,West Bengal,East,2026-05-09
242,Gautam Rana,Male,44,Premium,Mumbai,Maharashtra,West,2026-05-17
243,Suhani Pillay,Female,34,Premium,Bengaluru,Karnataka,South,2021-08-09
244,Lakshmi Prabhu,Female,59,Regular,Guwahati,Assam,East,2024-11-25
245,Urishilla Bakshi,Female,38,New,Jaipur,Rajasthan,North,2022-01-28
246,Timothy Bhatnagar,Male,57,Premium,Indore,Madhya Pradesh,West,2024-08-19
247,Chasmum Rege,Female,32,Regular,Chandigarh,Chandigarh,North,2024-09-17
248,Baljiwan Modi,Male,58,Premium,Lucknow,Uttar Pradesh,North,2022-02-13
249,Gunbir Keer,Male,62,Premium,Lucknow,Uttar Pradesh,North,2026-07-08
250,Lipika Setty,Male,38,Premium,Kolkata,West Bengal,East,2025-12-22
251,Mohammed Sachdeva,Female,41,New,Jaipur,Rajasthan,North,2023-05-23
252,Nikita Mammen,Male,51,Regular,Pune,Maharashtra,West,2024-10-23
253,Teerth Sawhney,Male,28,Premium,Indore,Madhya Pradesh,West,2021-09-12
254,Janani Chaudhary,Female,57,New,Bengaluru,Karnataka,South,2023-10-05
255,Jagrati Bhat,Male,32,New,Kochi,Kerala,South,2026-06-11
256,Jason Sha,Female,34,Regular,Ahmedabad,Gujarat,West,2023-07-12
257,Ansh Bedi,Female,61,Premium,Lucknow,Uttar Pradesh,North,2021-12-29
258,Jeremiah Jha,Female,40,Regular,Bengaluru,Karnataka,South,2025-06-21
259,Tarak Kaul,Female,47,Regular,Ranchi,Jharkhand,East,2021-11-17
260,Aarnav Malhotra,Female,48,New,Bhubaneswar,Odisha,East,2023-03-07
261,Kalpit Zachariah,Female,54,Regular,Chandigarh,Chandigarh,North,2025-10-30
262,Imaran Bal,Female,62,Premium,Guwahati,Assam,East,2022-10-15
263,Wazir Naik,Female,35,New,Kolkata,West Bengal,East,2022-03-12
264,Charles Date,Male,56,Regular,Amritsar,Punjab,North,2021-08-12
265,Devansh Soni,Male,56,Premium,Ahmedabad,Gujarat,West,2025-03-31
266,Yochana Chopra,Male,57,Regular,Bhubaneswar,Odisha,East,2023-10-11
267,Caleb Verma,Male,58,Regular,Bhubaneswar,Odisha,East,2023-10-18
268,Darsh Srinivas,Female,20,Regular,Jaipur,Rajasthan,North,2023-01-17
269,Hritik Swaminathan,Male,36,Regular,Bhubaneswar,Odisha,East,2025-10-10
270,Ethan Buch,Male,30,New,Ranchi,Jharkhand,East,2025-02-05
271,Dominic Date,Female,51,Regular,Coimbatore,Tamil Nadu,South,2023-02-23
272,Lakshmi Wali,Female,48,Regular,Bhubaneswar,Odisha,East,2022-11-29
273,Hardik Contractor,Male,47,Premium,Patna,Bihar,East,2023-01-04
274,Qushi Seth,Male,61,Premium,Chandigarh,Chandigarh,North,2025-10-20
275,Harinakshi Setty,Female,23,Regular,Indore,Madhya Pradesh,West,2025-12-23
276,Dhriti Sane,Female,52,Regular,Mumbai,Maharashtra,West,2023-07-13
277,Kavya Dua,Female,61,Regular,Lucknow,Uttar Pradesh,North,2023-02-05
278,Ekalinga Chand,Female,58,Regular,Guwahati,Assam,East,2024-12-20
279,Rachana Char,Male,48,Regular,Kolkata,West Bengal,East,2025-09-11
280,Kalpit Bhasin,Female,57,Regular,Amritsar,Punjab,North,2025-04-05
281,Jason Roy,Female,62,Premium,Bengaluru,Karnataka,South,2024-06-20
282,Charan Mani,Male,26,New,Ranchi,Jharkhand,East,2023-04-22
283,Hemang Tripathi,Female,49,Regular,Delhi,Delhi,North,2024-07-15
284,Udarsh Chokshi,Male,52,New,Delhi,Delhi,North,2022-08-07
285,Ishwar Mallick,Female,41,Regular,Kochi,Kerala,South,2023-04-15
286,Atharv Loke,Male,44,New,Indore,Madhya Pradesh,West,2024-05-28
287,Dayamai Nori,Female,35,Regular,Lucknow,Uttar Pradesh,North,2021-09-05
288,Luke Rattan,Male,46,Regular,Jaipur,Rajasthan,North,2023-04-17
289,Gavin Wali,Female,24,New,Pune,Maharashtra,West,2021-11-19
290,Sudiksha Om,Female,21,Regular,Guwahati,Assam,East,2022-08-12
291,Ekta Chad,Male,25,New,Ahmedabad,Gujarat,West,2022-04-28
292,Nakul Bawa,Male,59,New,Mumbai,Maharashtra,West,2025-12-14
293,Saanvi Samra,Female,33,Regular,Delhi,Delhi,North,2024-11-27
294,Oeshi Mahajan,Male,22,Regular,Coimbatore,Tamil Nadu,South,2023-12-19
295,Hemani Sani,Male,32,New,Coimbatore,Tamil Nadu,South,2022-08-12
296,Darika Bath,Male,35,Regular,Bhubaneswar,Odisha,East,2022-02-02
297,Abhimanyu Jayaraman,Female,29,Regular,Chennai,Tamil Nadu,South,2022-08-21
298,Laksh Kumer,Male,18,New,Delhi,Delhi,North,2023-01-16
299,Abhimanyu Tank,Female,19,Regular,Bhubaneswar,Odisha,East,2022-12-25
300,Kai Rai,Male,26,New,Hyderabad,Telangana,South,2025-04-09
301,Xiti Pandya,Male,65,New,Indore,Madhya Pradesh,West,2024-03-14
302,Rajata Bahl,Female,41,Regular,Lucknow,Uttar Pradesh,North,2021-11-23
303,Dhriti Sanghvi,Male,57,Regular,Lucknow,Uttar Pradesh,North,2023-11-01
304,Bimala Contractor,Female,47,Regular,Amritsar,Punjab,North,2024-05-27
305,Onveer Sharma,Female,43,Regular,Delhi,Delhi,North,2023-07-24
306,Gaurang Sarkar,Female,63,Premium,Mumbai,Maharashtra,West,2025-09-12
307,Rajata Rattan,Male,38,Regular,Mumbai,Maharashtra,West,2025-10-04
308,Dayita Nori,Male,35,New,Bengaluru,Karnataka,South,2024-02-27
309,Faraj Uppal,Female,47,Regular,Ranchi,Jharkhand,East,2022-08-23
310,Ikshita Panchal,Male,59,New,Mumbai,Maharashtra,West,2024-09-13
311,Warinder Chauhan,Female,32,Regular,Kochi,Kerala,South,2025-03-04
312,Oscar Dua,Female,43,New,Ahmedabad,Gujarat,West,2022-04-08
313,Peter Tak,Female,45,New,Mumbai,Maharashtra,West,2025-05-03
314,Ekantika Mutti,Female,27,Premium,Patna,Bihar,East,2023-11-09
315,Upasna Sathe,Male,23,Regular,Mumbai,Maharashtra,West,2022-04-16
316,Daksh Pandey,Male,65,Regular,Lucknow,Uttar Pradesh,North,2024-09-10
317,Triya Seth,Male,55,Regular,Bhubaneswar,Odisha,East,2024-01-27
318,Bhavini Bose,Female,40,New,Kolkata,West Bengal,East,2021-09-21
319,Yashica Rajagopalan,Female,56,New,Mumbai,Maharashtra,West,2024-10-04
320,Shivani Guha,Male,54,New,Patna,Bihar,East,2023-11-07
321,Yachana Dora,Female,32,Regular,Chennai,Tamil Nadu,South,2023-02-22
322,Harshil Oza,Female,25,Regular,Jaipur,Rajasthan,North,2026-04-29
323,Yamini Gera,Male,45,Regular,Guwahati,Assam,East,2026-06-13
324,Reva Viswanathan,Female,19,New,Amritsar,Punjab,North,2021-09-24
325,Januja Pradhan,Female,39,Premium,Hyderabad,Telangana,South,2024-02-25
326,Nilima Nigam,Male,27,Regular,Kolkata,West Bengal,East,2026-02-16
327,Gaurika Bhatti,Male,65,Regular,Mumbai,Maharashtra,West,2024-12-06
328,Bhanumati Krishnan,Male,42,Regular,Delhi,Delhi,North,2023-03-09
329,Gauri Bumb,Female,28,Regular,Surat,Gujarat,West,2025-02-26
330,Inaya Mukherjee,Female,54,New,Patna,Bihar,East,2024-06-13
331,Kai Chad,Male,28,Regular,Delhi,Delhi,North,2026-05-17
332,Falguni Datta,Female,46,Regular,Delhi,Delhi,North,2023-01-31
333,Pallavi Trivedi,Female,44,New,Surat,Gujarat,West,2024-11-20
334,Dayamai Gole,Male,40,New,Bhubaneswar,Odisha,East,2023-05-07
335,Vedika Handa,Female,61,New,Mumbai,Maharashtra,West,2026-04-17
336,Mohammed Brahmbhatt,Female,20,New,Indore,Madhya Pradesh,West,2022-09-01
337,Yashica Zacharia,Male,18,Premium,Kochi,Kerala,South,2023-01-06
338,Gayathri Deep,Male,26,Regular,Hyderabad,Telangana,South,2025-09-17
339,Nicholas Golla,Female,25,Regular,Patna,Bihar,East,2024-07-10
340,Raksha Bassi,Female,29,New,Lucknow,Uttar Pradesh,North,2025-09-10
341,Sachi Mane,Male,50,Regular,Kochi,Kerala,South,2023-08-04
342,Vivaan Walla,Female,65,Regular,Kolkata,West Bengal,East,2025-04-19
343,Rishi Pillai,Male,47,New,Lucknow,Uttar Pradesh,North,2022-09-24
344,Triya Manda,Female,54,Regular,Jaipur,Rajasthan,North,2024-12-05
345,Neel Iyengar,Female,25,Regular,Surat,Gujarat,West,2025-06-05
346,Zashil Ben,Female,28,Regular,Mumbai,Maharashtra,West,2025-07-17
347,Harshil Varty,Male,45,Regular,Ahmedabad,Gujarat,West,2024-09-28
348,Fiyaz Dyal,Female,55,New,Chandigarh,Chandigarh,North,2025-10-17
349,Rajeshri Chand,Male,43,Regular,Indore,Madhya Pradesh,West,2022-11-25
350,Shravya Palla,Male,39,Regular,Patna,Bihar,East,2026-04-09
351,Chatresh Randhawa,Male,51,Regular,Bengaluru,Karnataka,South,2026-03-10
352,Libni Bumb,Female,64,Premium,Hyderabad,Telangana,South,2024-01-18
353,Eiravati Chaudhary,Male,27,Regular,Chennai,Tamil Nadu,South,2023-05-30
354,Madhav Devan,Male,56,New,Bhubaneswar,Odisha,East,2025-09-25
355,Liam Singh,Male,58,New,Bengaluru,Karnataka,South,2021-09-22
356,Fariq Bahl,Female,61,Regular,Surat,Gujarat,West,2023-10-12
357,Pallavi Choudhry,Male,46,New,Patna,Bihar,East,2022-10-25
358,Charvi Dara,Female,58,Regular,Lucknow,Uttar Pradesh,North,2025-06-02
359,Tanvi Bhatnagar,Male,40,Premium,Patna,Bihar,East,2021-10-10
360,Amol Varma,Female,46,Regular,Jaipur,Rajasthan,North,2022-02-02
361,Bishakha Sanghvi,Female,36,Regular,Delhi,Delhi,North,2024-05-30
362,Wridesh Saha,Female,47,Regular,Delhi,Delhi,North,2021-07-17
363,Jalsa Bir,Male,38,Regular,Lucknow,Uttar Pradesh,North,2022-06-22
364,Madhavi Singhal,Male,21,Regular,Indore,Madhya Pradesh,West,2026-04-21
365,Kashvi Kulkarni,Female,63,Premium,Mumbai,Maharashtra,West,2021-10-02
366,Ekansh Pai,Male,20,Regular,Amritsar,Punjab,North,2025-04-10
367,Gaurangi Deol,Female,51,Premium,Kochi,Kerala,South,2022-09-28
368,Parth Shetty,Female,36,Premium,Hyderabad,Telangana,South,2021-10-04
369,Qabil Deshmukh,Female,61,New,Surat,Gujarat,West,2026-06-10
370,Balhaar Memon,Male,39,New,Jaipur,Rajasthan,North,2021-11-07
371,Benjamin Mutti,Female,36,New,Amritsar,Punjab,North,2022-07-18
372,Urvashi Kulkarni,Male,39,New,Guwahati,Assam,East,2026-03-16
373,Bhavika Parikh,Male,40,New,Amritsar,Punjab,North,2021-09-19
374,Garima Mahajan,Male,56,Regular,Ranchi,Jharkhand,East,2025-11-06
375,Rajeshri Ratta,Female,59,New,Jaipur,Rajasthan,North,2022-02-27
376,Harinakshi Grover,Male,59,New,Bhubaneswar,Odisha,East,2025-04-03
377,Jhalak Venkataraman,Female,19,Regular,Indore,Madhya Pradesh,West,2024-01-07
378,Panini Brar,Male,31,New,Patna,Bihar,East,2022-11-14
379,Chaaya Nagi,Male,32,Regular,Ranchi,Jharkhand,East,2023-09-09
380,Chakrika Mohan,Male,36,New,Chennai,Tamil Nadu,South,2022-01-18
381,Ojas Sawhney,Male,60,New,Amritsar,Punjab,North,2023-10-07
382,Ira Saran,Male,56,Regular,Guwahati,Assam,East,2023-04-18
383,Falan Ravi,Male,29,Regular,Pune,Maharashtra,West,2022-11-28
384,Azaan Dhar,Male,44,Premium,Kochi,Kerala,South,2023-05-09
385,Bakhshi Date,Female,57,Regular,Bhubaneswar,Odisha,East,2025-10-12
386,Janaki Rajagopal,Male,52,Regular,Ranchi,Jharkhand,East,2021-11-14
387,Mitesh Sengupta,Female,30,New,Hyderabad,Telangana,South,2026-04-14
388,Sachi Bose,Female,47,New,Guwahati,Assam,East,2026-04-13
389,Mitali Murthy,Female,28,Regular,Ranchi,Jharkhand,East,2024-05-28
390,Ishaan Bal,Male,34,Regular,Coimbatore,Tamil Nadu,South,2024-10-13
391,Zarna Ram,Female,53,Premium,Lucknow,Uttar Pradesh,North,2025-03-20
392,Adweta Lad,Male,36,Regular,Amritsar,Punjab,North,2026-02-08
393,Bhavika Swaminathan,Female,46,Regular,Chandigarh,Chandigarh,North,2025-01-21
394,Ethan Seth,Male,32,Regular,Kochi,Kerala,South,2022-07-15
395,Gagan Nagarajan,Male,44,New,Ahmedabad,Gujarat,West,2022-05-26
396,Bina Mital,Female,33,Premium,Lucknow,Uttar Pradesh,North,2024-11-16
397,Janaki Trivedi,Female,32,Premium,Mumbai,Maharashtra,West,2025-10-17
398,Liam Khalsa,Male,63,Regular,Jaipur,Rajasthan,North,2022-08-28
399,Jalsa Pillay,Male,20,Regular,Bhubaneswar,Odisha,East,2025-06-28
400,Gabriel Bhatti,Male,63,Regular,Ranchi,Jharkhand,East,2023-11-15
401,Nirja Rout,Male,23,New,Surat,Gujarat,West,2023-01-31
402,Jeremiah Nadig,Male,27,Premium,Jaipur,Rajasthan,North,2025-08-27
403,Unnati Varughese,Female,33,Regular,Mumbai,Maharashtra,West,2024-09-30
404,Kai Sant,Male,33,Regular,Kolkata,West Bengal,East,2023-04-05
405,Jeet Vasa,Female,22,New,Indore,Madhya Pradesh,West,2024-01-19
406,Neel Naidu,Male,58,Premium,Lucknow,Uttar Pradesh,North,2022-04-20
407,Hiral Venkataraman,Female,45,Regular,Chennai,Tamil Nadu,South,2026-03-18
408,Zashil Hegde,Female,33,New,Amritsar,Punjab,North,2026-01-05
409,Jeremiah Mitter,Male,51,Premium,Pune,Maharashtra,West,2024-09-17
410,Yadavi Ganguly,Male,42,New,Kolkata,West Bengal,East,2024-08-10
411,Onveer Nazareth,Female,41,New,Mumbai,Maharashtra,West,2024-06-30
412,Ayush Bumb,Female,22,Premium,Kolkata,West Bengal,East,2025-10-01
413,Shivansh Saha,Male,55,Premium,Bhubaneswar,Odisha,East,2021-10-06
414,Widisha Mann,Male,40,Regular,Bhubaneswar,Odisha,East,2024-08-17
415,Vasudha Konda,Female,62,Regular,Bhubaneswar,Odisha,East,2024-09-29
416,Chameli Setty,Male,22,Regular,Pune,Maharashtra,West,2025-07-24
417,Nakul Sarraf,Female,30,New,Mumbai,Maharashtra,West,2021-11-25
418,Samar Oak,Male,38,New,Chandigarh,Chandigarh,North,2023-08-13
419,Eiravati Pai,Female,52,Regular,Guwahati,Assam,East,2024-07-27
420,Kamala Varma,Male,59,Regular,Ahmedabad,Gujarat,West,2026-06-01
421,Wyatt Shukla,Female,21,Regular,Hyderabad,Telangana,South,2024-05-06
422,Yug Dhaliwal,Male,41,Regular,Patna,Bihar,East,2022-02-23
423,Leena Sahota,Female,42,New,Surat,Gujarat,West,2022-01-07
424,Falak Munshi,Female,62,Regular,Bhubaneswar,Odisha,East,2022-10-11
425,Wishi Varma,Female,23,New,Ahmedabad,Gujarat,West,2022-06-26
426,Widisha Bajaj,Female,56,Regular,Mumbai,Maharashtra,West,2023-11-14
427,Yashasvi Shankar,Female,38,Regular,Coimbatore,Tamil Nadu,South,2021-12-26
428,Ira Bava,Female,60,Premium,Delhi,Delhi,North,2026-05-16
429,Upma Mangal,Female,56,Regular,Patna,Bihar,East,2021-10-15
430,Raagini Desai,Female,40,New,Pune,Maharashtra,West,2024-03-21
431,Neha Pau,Female,57,New,Mumbai,Maharashtra,West,2025-12-13
432,Robert Patil,Male,22,Regular,Ahmedabad,Gujarat,West,2021-10-05
433,Libni Thaman,Male,19,Regular,Ahmedabad,Gujarat,West,2024-04-20
434,Jagat Dave,Female,20,New,Coimbatore,Tamil Nadu,South,2023-10-15
435,Kashvi Nori,Male,59,New,Bengaluru,Karnataka,South,2026-05-31
436,Maanas Issac,Female,54,Regular,Patna,Bihar,East,2024-04-29
437,Xiti Baria,Male,61,New,Amritsar,Punjab,North,2024-07-19
438,Gauri Som,Female,46,Regular,Ahmedabad,Gujarat,West,2021-10-05
439,Yutika Dey,Male,51,Regular,Amritsar,Punjab,North,2024-02-18
440,Nicholas Ramaswamy,Female,59,New,Ranchi,Jharkhand,East,2023-03-06
441,Gayathri Tripathi,Male,19,New,Bhubaneswar,Odisha,East,2026-06-28
442,Chandani Soman,Female,53,Premium,Kochi,Kerala,South,2025-09-05
443,Garima Choudhary,Female,63,Regular,Jaipur,Rajasthan,North,2025-08-13
444,Avi Som,Female,62,Regular,Pune,Maharashtra,West,2026-06-09
445,Charan Srinivasan,Male,26,Regular,Pune,Maharashtra,West,2022-11-12
446,Manbir Kibe,Male,63,Premium,Lucknow,Uttar Pradesh,North,2022-05-22
447,Rayaan Bahl,Female,60,Premium,Mumbai,Maharashtra,West,2021-09-10
448,Max Sachar,Female,37,Regular,Kolkata,West Bengal,East,2023-09-28
449,Yachana Sinha,Female,50,Regular,Chennai,Tamil Nadu,South,2024-12-27
450,Lakshit Venkataraman,Male,26,New,Bengaluru,Karnataka,South,2025-11-25
451,Vanya Vora,Male,41,Regular,Kochi,Kerala,South,2022-07-28
452,Tripti Walia,Male,57,Regular,Ranchi,Jharkhand,East,2023-06-03
453,Aishani Sule,Female,43,Regular,Delhi,Delhi,North,2023-04-01
454,Arya Misra,Female,44,Premium,Indore,Madhya Pradesh,West,2022-07-01
455,Bhavya Johal,Female,59,New,Chandigarh,Chandigarh,North,2022-08-29
456,Edhitha Srinivasan,Female,61,Regular,Lucknow,Uttar Pradesh,North,2024-12-27
457,Bhavna Dara,Male,26,New,Bhubaneswar,Odisha,East,2023-04-13
458,Megha Pai,Male,25,Regular,Indore,Madhya Pradesh,West,2024-05-27
459,Bina Basak,Male,28,New,Hyderabad,Telangana,South,2026-04-24
460,Hiral Sathe,Female,51,New,Bhubaneswar,Odisha,East,2022-12-22
461,Tanish Jaggi,Female,30,New,Kolkata,West Bengal,East,2024-10-25
462,Anita Devan,Female,57,Regular,Bhubaneswar,Odisha,East,2025-09-04
463,Xavier Bedi,Male,55,Regular,Amritsar,Punjab,North,2022-01-30
464,Viraj Ben,Female,54,Regular,Chennai,Tamil Nadu,South,2024-11-19
465,Urmi Chaudhry,Male,20,Premium,Delhi,Delhi,North,2022-01-14
466,Abdul Dugar,Female,57,Regular,Bhubaneswar,Odisha,East,2024-12-10
467,Vansha Iyengar,Female,59,New,Lucknow,Uttar Pradesh,North,2023-07-28
468,Ekani Mangal,Male,61,Premium,Ranchi,Jharkhand,East,2025-04-26
469,Vincent Warrior,Female,22,New,Ahmedabad,Gujarat,West,2024-10-07
470,Parth Sahni,Female,44,Premium,Chandigarh,Chandigarh,North,2025-03-25
471,Balhaar Ranganathan,Male,39,New,Surat,Gujarat,West,2025-12-12
472,Bimala Barad,Female,64,Premium,Hyderabad,Telangana,South,2025-06-23
473,Gautami Mane,Male,41,New,Ranchi,Jharkhand,East,2021-07-31
474,Krish Thaman,Male,47,Premium,Jaipur,Rajasthan,North,2023-10-23
475,Isaiah Narayanan,Female,33,Regular,Jaipur,Rajasthan,North,2023-11-17
476,Aarini Grewal,Male,36,Premium,Bengaluru,Karnataka,South,2022-05-07
477,Chakrika Hans,Female,33,New,Indore,Madhya Pradesh,West,2021-08-09
478,Prisha Varma,Female,30,Regular,Hyderabad,Telangana,South,2022-05-31
479,Girish Goyal,Female,49,Premium,Kochi,Kerala,South,2023-03-06
480,Ekiya Kothari,Male,23,Regular,Ranchi,Jharkhand,East,2026-06-12
481,Warinder Sekhon,Female,33,Regular,Indore,Madhya Pradesh,West,2021-07-27
482,Chasmum Apte,Female,21,Regular,Coimbatore,Tamil Nadu,South,2025-04-22
483,Warinder Bhatia,Female,56,Regular,Jaipur,Rajasthan,North,2022-11-04
484,Damyanti Dutta,Male,24,Regular,Ahmedabad,Gujarat,West,2024-11-16
485,Jacob Merchant,Female,64,Regular,Pune,Maharashtra,West,2023-07-25
486,Theodore Deol,Female,20,Premium,Ranchi,Jharkhand,East,2023-05-17
487,Kashvi Sagar,Male,41,New,Mumbai,Maharashtra,West,2023-12-05
488,Tejas Kota,Female,50,New,Kolkata,West Bengal,East,2025-01-17
489,Sanya Wable,Female,57,Premium,Indore,Madhya Pradesh,West,2024-12-08
490,Isaac Bhatia,Male,43,Premium,Chandigarh,Chandigarh,North,2025-01-20
491,Mason Gala,Female,27,Regular,Patna,Bihar,East,2025-09-06
492,Jackson Jha,Female,50,Regular,Coimbatore,Tamil Nadu,South,2023-03-06
493,Gavin Uppal,Male,26,New,Delhi,Delhi,North,2025-02-13
494,Sudiksha Deo,Female,27,New,Ranchi,Jharkhand,East,2023-10-06
495,Dalbir Shere,Female,28,Regular,Hyderabad,Telangana,South,2024-02-07
496,Anthony Randhawa,Female,55,Regular,Indore,Madhya Pradesh,West,2024-11-25
497,Tejas Bora,Female,63,Regular,Guwahati,Assam,East,2022-10-22
498,Devansh Bhasin,Male,41,New,Ranchi,Jharkhand,East,2021-10-05
499,Urmi Balay,Female,55,Premium,Kolkata,West Bengal,East,2026-03-18
500,Krishna Salvi,Female,34,Premium,Kolkata,West Bengal,East,2022-12-21
501,Saumya Purohit,Female,28,Regular,Bengaluru,Karnataka,South,2023-05-30
502,Ijaya Dani,Male,20,Regular,Pune,Maharashtra,West,2023-06-01
503,Joshua Kapoor,Male,46,New,Chandigarh,Chandigarh,North,2022-06-06
504,Chanchal Sheth,Male,44,Regular,Ranchi,Jharkhand,East,2025-09-17
505,Ladli Karpe,Female,65,Regular,Kochi,Kerala,South,2024-11-26
506,Mohammed Majumdar,Male,53,New,Chandigarh,Chandigarh,North,2022-10-10
507,Azad Saini,Female,38,Premium,Ranchi,Jharkhand,East,2022-06-24
508,Wridesh Jhaveri,Female,52,Regular,Kochi,Kerala,South,2024-08-11
509,Sanya Bava,Female,30,Premium,Patna,Bihar,East,2021-11-14
510,Neelima Sarna,Female,32,Regular,Hyderabad,Telangana,South,2022-10-05
511,Daksh Dey,Male,62,Regular,Patna,Bihar,East,2022-09-16
512,Vivaan Nagar,Female,40,Regular,Ahmedabad,Gujarat,West,2024-01-21
513,Warjas Mittal,Male,54,Premium,Patna,Bihar,East,2024-06-04
514,Odika Mital,Female,27,Premium,Surat,Gujarat,West,2025-12-01
515,Prisha Tandon,Female,63,New,Kolkata,West Bengal,East,2022-11-29
516,Lakshmi Vohra,Female,59,New,Jaipur,Rajasthan,North,2021-10-08
517,Nilima Dixit,Male,30,Regular,Ranchi,Jharkhand,East,2023-02-17
518,Urvashi Khosla,Female,26,Regular,Guwahati,Assam,East,2023-01-13
519,Maanas Sheth,Male,33,Premium,Amritsar,Punjab,North,2025-10-13
520,Omaja Wagle,Male,58,New,Amritsar,Punjab,North,2026-02-10
521,Aadhya Jani,Male,44,Regular,Bengaluru,Karnataka,South,2022-03-16
522,Shivani Prabhakar,Male,61,Regular,Ranchi,Jharkhand,East,2023-03-10
523,Charan Loyal,Male,44,Premium,Bengaluru,Karnataka,South,2021-12-30
524,Elijah Guha,Male,36,Regular,Surat,Gujarat,West,2023-06-04
525,Varenya Joshi,Male,23,Regular,Patna,Bihar,East,2025-07-24
526,Chavvi Aurora,Male,29,Regular,Coimbatore,Tamil Nadu,South,2025-11-19
527,Jacob Srinivas,Male,43,Regular,Pune,Maharashtra,West,2022-08-05
528,Mekhala Khatri,Female,20,New,Pune,Maharashtra,West,2026-02-09
529,Lajita Shukla,Male,39,New,Jaipur,Rajasthan,North,2024-04-18
530,Darika Lal,Female,26,Premium,Ranchi,Jharkhand,East,2024-03-15
531,Unnati Chaudhari,Male,25,Regular,Ahmedabad,Gujarat,West,2023-05-03
532,Ekaja Jani,Female,59,Premium,Bhubaneswar,Odisha,East,2025-07-20
533,Chakradev Kant,Male,65,Premium,Bhubaneswar,Odisha,East,2023-05-23
534,Advika Sahni,Male,29,Regular,Patna,Bihar,East,2025-03-30
535,Forum Karpe,Female,23,Regular,Surat,Gujarat,West,2023-01-05
536,Xalak Nazareth,Male,26,Premium,Mumbai,Maharashtra,West,2023-06-08
537,Vritti Sharma,Male,18,Regular,Ahmedabad,Gujarat,West,2022-10-28
538,Omkaar Dey,Male,46,New,Ranchi,Jharkhand,East,2022-05-18
539,Qarin Bhargava,Female,55,Regular,Patna,Bihar,East,2025-02-20
540,Chanakya Ahuja,Female,62,New,Jaipur,Rajasthan,North,2024-02-27
541,Ekansh Dora,Male,47,Premium,Bengaluru,Karnataka,South,2023-08-07
542,Kashvi Bhasin,Female,61,Regular,Bhubaneswar,Odisha,East,2021-07-31
543,Vinaya Babu,Female,41,New,Kolkata,West Bengal,East,2024-08-16
544,Advik Badal,Male,48,Regular,Chennai,Tamil Nadu,South,2021-07-27
545,Bhavini Badal,Female,44,Regular,Kochi,Kerala,South,2024-03-08
546,Praneel Chhabra,Male,33,Regular,Indore,Madhya Pradesh,West,2024-01-18
547,Wridesh Handa,Female,51,New,Amritsar,Punjab,North,2026-02-16
548,Irya Loke,Male,21,Regular,Kolkata,West Bengal,East,2024-08-20
549,Kashvi Ravi,Male,28,Regular,Coimbatore,Tamil Nadu,South,2025-07-06
550,Upkaar Mital,Female,25,Regular,Guwahati,Assam,East,2023-10-31
551,Azad Chander,Female,23,Regular,Coimbatore,Tamil Nadu,South,2024-12-15
552,Vamakshi Bhalla,Female,26,Premium,Mumbai,Maharashtra,West,2023-07-25
553,Fitan Tata,Male,53,Regular,Surat,Gujarat,West,2024-09-20
554,Girish Wable,Male,43,Regular,Ahmedabad,Gujarat,West,2025-10-06
555,Siddharth Soman,Male,55,Premium,Kolkata,West Bengal,East,2026-02-18
556,Avni Bali,Female,40,Regular,Delhi,Delhi,North,2022-11-22
557,Amol Johal,Male,22,New,Amritsar,Punjab,North,2022-06-07
558,Faraj Mistry,Female,44,New,Mumbai,Maharashtra,West,2024-06-21
559,Lopa Zachariah,Female,41,Regular,Chennai,Tamil Nadu,South,2022-05-07
560,Farhan Tella,Female,42,Regular,Surat,Gujarat,West,2023-03-13
561,Chatresh Chaudhari,Male,59,Regular,Amritsar,Punjab,North,2025-04-06
562,Harini Ranganathan,Male,52,New,Kolkata,West Bengal,East,2023-09-21
563,Ayushman Mahajan,Male,64,New,Indore,Madhya Pradesh,West,2026-05-20
564,Vritti Kari,Male,37,New,Bengaluru,Karnataka,South,2025-06-15
565,Rachana Grewal,Female,52,Regular,Indore,Madhya Pradesh,West,2023-04-26
566,Frederick Merchant,Male,47,Regular,Pune,Maharashtra,West,2024-12-07
567,Fitan Loyal,Female,30,Regular,Bhubaneswar,Odisha,East,2025-07-12
568,Lopa Nadig,Female,57,Regular,Delhi,Delhi,North,2022-04-22
569,Abdul Morar,Male,22,Premium,Chandigarh,Chandigarh,North,2023-05-04
570,Harsh Deo,Male,46,New,Amritsar,Punjab,North,2023-10-05
571,Saumya Vala,Male,43,Regular,Chandigarh,Chandigarh,North,2021-12-21
572,Gaurav Pandya,Male,21,Regular,Pune,Maharashtra,West,2023-07-30
573,Lekha Arora,Female,32,Regular,Coimbatore,Tamil Nadu,South,2024-04-22
574,Frado Kibe,Female,33,Regular,Guwahati,Assam,East,2022-12-30
575,Lajita Gara,Male,44,Premium,Bhubaneswar,Odisha,East,2024-05-24
576,Amrita Tailor,Male,53,Premium,Patna,Bihar,East,2022-03-25
577,Radhika Majumdar,Female,21,New,Kochi,Kerala,South,2022-04-07
578,Faraj Patel,Female,62,Premium,Ranchi,Jharkhand,East,2023-08-23
579,Warhi Hayre,Male,37,Regular,Surat,Gujarat,West,2022-10-17
580,Daksha Ahuja,Female,33,New,Pune,Maharashtra,West,2023-10-29
581,Lajita Narayan,Male,47,Regular,Hyderabad,Telangana,South,2026-04-13
582,Laban Mital,Female,44,Premium,Amritsar,Punjab,North,2023-09-27
583,Varenya Murthy,Male,34,Regular,Kochi,Kerala,South,2023-02-20
584,Eiravati Manne,Male,46,New,Hyderabad,Telangana,South,2022-06-04
585,Xavier Nanda,Male,21,Regular,Kolkata,West Bengal,East,2025-03-18
586,Janya Comar,Male,22,New,Ranchi,Jharkhand,East,2023-06-02
587,Pranit Bala,Male,48,New,Coimbatore,Tamil Nadu,South,2026-03-13
588,Shaurya Sarma,Female,18,New,Hyderabad,Telangana,South,2026-04-21
589,Nilima Tata,Male,65,New,Chennai,Tamil Nadu,South,2025-07-11
590,Wyatt Krishnan,Male,43,New,Pune,Maharashtra,West,2022-03-26
591,Krishna Borah,Female,36,New,Coimbatore,Tamil Nadu,South,2024-10-30
592,Nandini Warrior,Female,37,Regular,Surat,Gujarat,West,2023-10-13
593,Balhaar Parsa,Female,47,New,Patna,Bihar,East,2024-01-26
594,Ikbal Kothari,Female,31,New,Lucknow,Uttar Pradesh,North,2025-01-16
595,Ojas Basu,Female,20,Premium,Patna,Bihar,East,2024-10-28
596,Garima Sani,Male,34,Regular,Chennai,Tamil Nadu,South,2024-05-09
597,Aarna Kapadia,Male,30,Regular,Ahmedabad,Gujarat,West,2022-01-24
598,Sanaya Prasad,Female,54,New,Bhubaneswar,Odisha,East,2024-02-03
599,Hemani Bakshi,Female,34,New,Kochi,Kerala,South,2023-06-29
600,Ojasvi Chada,Female,28,New,Surat,Gujarat,West,2023-12-14
601,Ijaya Muni,Male,64,New,Bhubaneswar,Odisha,East,2022-02-12
602,Vasudha Pall,Male,51,New,Pune,Maharashtra,West,2023-04-02
603,Sneha Nagar,Male,18,New,Delhi,Delhi,North,2023-12-01
604,Ishwar Bajaj,Male,22,New,Pune,Maharashtra,West,2021-11-14
605,Nitesh Kohli,Male,50,New,Bengaluru,Karnataka,South,2025-10-13
606,Ganga Sandhu,Male,57,Regular,Ahmedabad,Gujarat,West,2024-02-12
607,Nidhi Gour,Male,18,New,Surat,Gujarat,West,2026-05-01
608,Meghana Balakrishnan,Male,51,Regular,Mumbai,Maharashtra,West,2022-06-20
609,Shivani Sanghvi,Female,19,Regular,Guwahati,Assam,East,2025-03-23
610,Samesh Mallick,Male,24,Regular,Pune,Maharashtra,West,2023-06-25
611,Harsh Yadav,Male,57,New,Chennai,Tamil Nadu,South,2025-04-19
612,Ronith Shankar,Female,43,Regular,Patna,Bihar,East,2022-06-21
613,Dhriti Rama,Female,47,Regular,Jaipur,Rajasthan,North,2022-02-08
614,Ijaya Pandey,Female,61,New,Chennai,Tamil Nadu,South,2024-08-04
615,Chameli Chad,Male,43,Premium,Delhi,Delhi,North,2025-10-06
616,Jacob Khare,Female,21,Premium,Surat,Gujarat,West,2024-11-23
617,Kashvi Dhaliwal,Male,49,New,Chandigarh,Chandigarh,North,2023-01-23
618,Lakshit Rajagopal,Male,51,New,Ahmedabad,Gujarat,West,2024-02-03
619,Oscar Ganesan,Male,62,Regular,Chandigarh,Chandigarh,North,2023-08-26
620,Rachit Murty,Male,22,Regular,Ahmedabad,Gujarat,West,2023-12-26
621,Jagrati Andra,Male,29,New,Guwahati,Assam,East,2025-09-30
622,Leena Tiwari,Male,55,New,Kolkata,West Bengal,East,2023-12-17
623,Vyanjana Sagar,Male,37,Regular,Kochi,Kerala,South,2024-10-20
624,Vrinda Ganesh,Male,54,Regular,Coimbatore,Tamil Nadu,South,2025-02-01
625,Thomas Master,Female,42,Regular,Indore,Madhya Pradesh,West,2021-12-13
626,Bhavya Ganguly,Female,21,Regular,Bengaluru,Karnataka,South,2021-09-12
627,Yasti Chowdhury,Male,22,Regular,Lucknow,Uttar Pradesh,North,2025-06-10
628,Jeevika Barman,Female,38,Regular,Guwahati,Assam,East,2024-05-26
629,Tejas Sandal,Female,49,New,Jaipur,Rajasthan,North,2025-05-03
630,Chameli Bali,Female,45,New,Hyderabad,Telangana,South,2022-01-18
631,Gagan Sarna,Female,23,Regular,Coimbatore,Tamil Nadu,South,2023-10-14
632,Warjas Kadakia,Male,23,Premium,Bhubaneswar,Odisha,East,2025-11-11
633,Priya Gandhi,Female,63,Regular,Bhubaneswar,Odisha,East,2025-08-04
634,Samuel Bhargava,Female,41,Regular,Kochi,Kerala,South,2024-08-13
635,Om Naik,Male,37,New,Delhi,Delhi,North,2024-05-21
636,Bimala Loke,Female,24,Regular,Ahmedabad,Gujarat,West,2026-06-07
637,Krishna Sabharwal,Male,45,Regular,Bengaluru,Karnataka,South,2026-04-20
638,Jonathan Deo,Female,24,New,Indore,Madhya Pradesh,West,2026-02-17
639,Yug Ramaswamy,Female,53,New,Delhi,Delhi,North,2022-10-14
640,Oeshi Prashad,Female,42,Regular,Amritsar,Punjab,North,2023-12-26
641,Neha Varma,Female,42,New,Jaipur,Rajasthan,North,2023-10-18
642,Suhani Sura,Male,54,New,Amritsar,Punjab,North,2025-04-14
643,Girik Shanker,Male,26,New,Kochi,Kerala,South,2023-03-04
644,Dev Warrior,Female,49,New,Patna,Bihar,East,2024-09-16
645,Siddharth Talwar,Male,45,New,Bengaluru,Karnataka,South,2023-07-11
646,Geetika De,Female,48,Premium,Ranchi,Jharkhand,East,2022-11-17
647,Hemal Bava,Female,33,Regular,Jaipur,Rajasthan,North,2024-05-14
648,Amol Dash,Male,47,Regular,Indore,Madhya Pradesh,West,2021-10-06
649,Ridhi Shan,Female,18,Regular,Chandigarh,Chandigarh,North,2026-03-09
650,Samaksh Deo,Female,39,Regular,Ahmedabad,Gujarat,West,2021-07-16
651,Nathan Mahal,Female,59,New,Ahmedabad,Gujarat,West,2025-12-12
652,Zashil Butala,Female,56,Regular,Hyderabad,Telangana,South,2022-01-01
653,Charles Randhawa,Female,29,Regular,Kochi,Kerala,South,2023-05-25
654,Pushti Chand,Female,65,Regular,Ahmedabad,Gujarat,West,2024-08-30
655,Tanay Sood,Male,38,Regular,Indore,Madhya Pradesh,West,2025-01-20
656,Zilmil Saxena,Female,41,New,Ahmedabad,Gujarat,West,2021-12-04
657,Jai Sami,Male,55,New,Amritsar,Punjab,North,2021-07-31
658,Ekavir Karnik,Male,64,Regular,Coimbatore,Tamil Nadu,South,2025-01-02
659,Harshil Munshi,Female,36,Regular,Pune,Maharashtra,West,2023-06-14
660,Laksh Raja,Female,26,Regular,Lucknow,Uttar Pradesh,North,2023-05-17
661,Luke Biswas,Female,60,Regular,Bhubaneswar,Odisha,East,2025-05-28
662,Nitesh Sarraf,Female,22,Premium,Kochi,Kerala,South,2024-03-10
663,Max Sabharwal,Female,55,Regular,Indore,Madhya Pradesh,West,2023-04-17
664,Teerth Chadha,Female,52,New,Indore,Madhya Pradesh,West,2024-08-13
665,Jatin Rajagopalan,Male,24,New,Jaipur,Rajasthan,North,2026-01-08
666,Divya Dey,Male,59,New,Hyderabad,Telangana,South,2023-04-18
667,Yuvraj Mane,Female,39,New,Amritsar,Punjab,North,2022-10-10
668,Charvi Jha,Male,24,New,Mumbai,Maharashtra,West,2025-06-07
669,Manya Merchant,Male,46,New,Bhubaneswar,Odisha,East,2024-02-15
670,Warda Raju,Female,61,New,Ranchi,Jharkhand,East,2024-10-07
671,Ekavir Wable,Male,48,New,Hyderabad,Telangana,South,2022-02-05
672,Jalsa Nadig,Female,23,Premium,Jaipur,Rajasthan,North,2025-12-24
673,Jasmit Gera,Female,37,New,Chandigarh,Chandigarh,North,2022-03-13
674,Anay Bir,Male,51,Regular,Ranchi,Jharkhand,East,2025-05-08
675,Balveer Bhasin,Female,24,Regular,Ahmedabad,Gujarat,West,2021-08-09
676,Yashawini Mangat,Female,22,Premium,Surat,Gujarat,West,2026-04-13
677,Pallavi Ratti,Male,19,New,Kolkata,West Bengal,East,2024-09-05
678,Arunima Chacko,Male,65,Regular,Kolkata,West Bengal,East,2021-12-12
679,Nachiket Yadav,Male,53,Premium,Coimbatore,Tamil Nadu,South,2023-02-01
680,Dayita Sarkar,Female,47,Premium,Hyderabad,Telangana,South,2023-03-03
681,Dalbir Konda,Male,29,Regular,Kochi,Kerala,South,2025-03-09
682,Jack Setty,Male,65,New,Surat,Gujarat,West,2021-12-19
683,Dayamai Gill,Female,42,New,Kochi,Kerala,South,2024-08-06
684,Advay Gade,Male,35,Regular,Chandigarh,Chandigarh,North,2022-02-18
685,Zansi Lad,Male,52,Premium,Amritsar,Punjab,North,2024-01-07
686,Amruta Dalal,Female,30,Regular,Hyderabad,Telangana,South,2022-05-16
687,Gautami Sanghvi,Female,60,Regular,Mumbai,Maharashtra,West,2025-05-24
688,Adya Bose,Female,56,New,Indore,Madhya Pradesh,West,2022-11-23
689,Christopher Tata,Female,55,Regular,Indore,Madhya Pradesh,West,2024-01-07
690,Jhalak Dugar,Female,47,New,Jaipur,Rajasthan,North,2025-11-01
691,Jack Kari,Male,61,New,Hyderabad,Telangana,South,2022-10-24
692,Chaitanya Arora,Male,33,Regular,Hyderabad,Telangana,South,2025-03-29
693,Januja Rajagopal,Male,41,Regular,Kolkata,West Bengal,East,2022-10-04
694,Balendra Saini,Female,44,New,Coimbatore,Tamil Nadu,South,2026-02-20
695,Omaja Nagarajan,Female,45,New,Coimbatore,Tamil Nadu,South,2022-08-29
696,Kashish Dar,Male,53,Regular,Kochi,Kerala,South,2022-11-22
697,Praneel Kapoor,Female,26,New,Kochi,Kerala,South,2024-01-18
698,Nandini Biswas,Female,57,Regular,Hyderabad,Telangana,South,2025-07-23
699,Deepa Narang,Male,49,New,Jaipur,Rajasthan,North,2025-12-03
700,Abhiram Pillay,Female,53,Regular,Chennai,Tamil Nadu,South,2021-12-19
701,Xavier Shetty,Female,44,Regular,Surat,Gujarat,West,2022-07-16
702,Rohan Korpal,Male,23,New,Surat,Gujarat,West,2023-05-18
703,Arjun Kaul,Female,20,New,Chandigarh,Chandigarh,North,2022-04-16
704,Gautami Agarwal,Female,28,New,Bhubaneswar,Odisha,East,2024-03-30
705,Damyanti Chawla,Female,53,New,Indore,Madhya Pradesh,West,2025-05-01
706,Oni Swamy,Male,35,Premium,Amritsar,Punjab,North,2022-07-24
707,Ati Chander,Male,64,New,Guwahati,Assam,East,2026-05-06
708,Zinal Sachar,Male,45,Regular,Indore,Madhya Pradesh,West,2021-10-03
709,Tara Chad,Female,20,New,Chandigarh,Chandigarh,North,2025-01-15
710,Meera Borde,Female,23,Regular,Ahmedabad,Gujarat,West,2024-06-10
711,Radhika De,Male,31,Regular,Mumbai,Maharashtra,West,2024-06-30
712,Divya Ramaswamy,Female,28,Regular,Guwahati,Assam,East,2022-09-20
713,Eesha Sethi,Male,21,Regular,Chennai,Tamil Nadu,South,2025-01-15
714,Samaksh Deshpande,Female,56,Regular,Guwahati,Assam,East,2022-11-23
715,Nachiket Cherian,Female,36,New,Hyderabad,Telangana,South,2025-06-08
716,Dipta Ray,Male,26,Premium,Guwahati,Assam,East,2022-05-11
717,Sarthak Seth,Female,59,Regular,Mumbai,Maharashtra,West,2022-02-20
718,Jagdish Chana,Male,27,Premium,Chennai,Tamil Nadu,South,2023-01-29
719,Banjeet Kale,Female,49,New,Bhubaneswar,Odisha,East,2022-04-28
720,Manbir Chand,Female,58,Regular,Coimbatore,Tamil Nadu,South,2025-09-19
721,Meghana Varghese,Female,22,Premium,Surat,Gujarat,West,2025-02-03
722,Abha Ghosh,Female,62,New,Lucknow,Uttar Pradesh,North,2021-10-12
723,Sneha Krish,Female,38,New,Ranchi,Jharkhand,East,2021-09-09
724,Logan Dara,Female,58,Regular,Delhi,Delhi,North,2022-01-04
725,Kalpit Hora,Female,31,Regular,Kolkata,West Bengal,East,2021-08-05
726,Frado Lad,Female,35,Regular,Pune,Maharashtra,West,2025-08-27
727,Anthony Bhattacharyya,Female,53,New,Patna,Bihar,East,2026-02-15
728,Kabir Chanda,Female,39,Regular,Coimbatore,Tamil Nadu,South,2022-07-11
729,Jason Basak,Male,58,New,Delhi,Delhi,North,2026-01-23
730,Om Sant,Male,28,New,Mumbai,Maharashtra,West,2026-04-01
731,Watika Balan,Male,45,New,Surat,Gujarat,West,2025-08-24
732,Orinder Pandya,Female,28,Regular,Chennai,Tamil Nadu,South,2023-06-14
733,Anvi Mammen,Female,34,Regular,Kolkata,West Bengal,East,2022-08-11
734,Bakhshi Korpal,Male,21,Regular,Jaipur,Rajasthan,North,2023-10-07
735,Nisha Srinivas,Male,45,Regular,Ahmedabad,Gujarat,West,2024-10-09
736,Leela Devan,Male,31,Premium,Delhi,Delhi,North,2021-11-03
737,Anirudh Raja,Male,55,Regular,Mumbai,Maharashtra,West,2023-08-19
738,Varsha Sundaram,Female,18,Regular,Coimbatore,Tamil Nadu,South,2025-06-12
739,Lipika Madan,Male,45,Regular,Jaipur,Rajasthan,North,2023-04-04
740,Theodore Balan,Male,32,Regular,Kochi,Kerala,South,2022-06-08
741,Dalbir Sodhi,Male,24,Regular,Mumbai,Maharashtra,West,2026-01-06
742,Nathaniel Chaudhry,Female,26,New,Patna,Bihar,East,2024-03-08
743,Amaira Walla,Male,22,Regular,Pune,Maharashtra,West,2022-10-10
744,Theodore Rama,Male,46,Regular,Amritsar,Punjab,North,2025-08-14
745,Patrick Khalsa,Male,44,New,Bhubaneswar,Odisha,East,2023-04-24
746,Ayaan Pandey,Male,24,Premium,Pune,Maharashtra,West,2024-07-01
747,Raghav Tailor,Female,40,Regular,Bengaluru,Karnataka,South,2026-04-11
748,Vritti Barad,Male,33,Regular,Ahmedabad,Gujarat,West,2024-03-31
749,Theodore Bahri,Male,53,Premium,Kolkata,West Bengal,East,2021-12-26
750,Garima Jaggi,Female,31,Regular,Kolkata,West Bengal,East,2024-03-02
751,Peter Naik,Female,59,New,Kochi,Kerala,South,2025-07-27
752,Lucky Choudhry,Female,42,Premium,Chandigarh,Chandigarh,North,2021-10-31
753,Elijah Prakash,Female,58,Regular,Chandigarh,Chandigarh,North,2025-10-08
754,Harrison Nayar,Male,41,New,Amritsar,Punjab,North,2025-01-22
755,Nakul Sarkar,Female,54,New,Bhubaneswar,Odisha,East,2023-01-17
756,Edhitha Ghosh,Male,48,Regular,Ahmedabad,Gujarat,West,2025-06-30
757,Udant Gill,Male,18,Regular,Delhi,Delhi,North,2025-01-27
758,Joshua Goel,Male,21,Regular,Bhubaneswar,Odisha,East,2023-06-06
759,Bachittar Gopal,Female,58,Premium,Indore,Madhya Pradesh,West,2025-03-07
760,Hemang Taneja,Female,23,Regular,Surat,Gujarat,West,2024-07-19
761,Wazir Palan,Male,37,New,Hyderabad,Telangana,South,2022-03-28
762,Gaurang Nayak,Male,27,New,Amritsar,Punjab,North,2026-06-13
763,Shaurya Krish,Male,37,New,Ranchi,Jharkhand,East,2023-10-08
764,Aahana Chokshi,Male,33,Regular,Pune,Maharashtra,West,2025-01-01
765,Libni Sarma,Male,47,New,Lucknow,Uttar Pradesh,North,2025-02-20
766,Odika Tailor,Male,25,Regular,Jaipur,Rajasthan,North,2025-03-14
767,Keya Chaudhuri,Male,28,Regular,Chandigarh,Chandigarh,North,2025-12-11
768,Nicholas Seth,Female,28,Premium,Ahmedabad,Gujarat,West,2025-09-06
769,Chaitaly Bahri,Female,64,New,Bhubaneswar,Odisha,East,2021-11-26
770,Ethan Oommen,Female,45,Regular,Delhi,Delhi,North,2023-02-17
771,Naveen Borde,Male,34,New,Guwahati,Assam,East,2022-05-21
772,Hamsini Subramanian,Female,50,Regular,Lucknow,Uttar Pradesh,North,2024-04-09
773,Nitesh Saraf,Female,54,New,Kolkata,West Bengal,East,2025-01-22
774,Garima Jha,Male,34,Regular,Hyderabad,Telangana,South,2022-04-28
775,Alka Manda,Male,32,Regular,Amritsar,Punjab,North,2026-05-30
776,Chandran Ramaswamy,Male,33,New,Delhi,Delhi,North,2023-01-09
777,Mitesh Bhagat,Female,42,New,Lucknow,Uttar Pradesh,North,2024-05-24
778,Gagan Menon,Male,53,Regular,Chennai,Tamil Nadu,South,2023-05-05
779,Ryan Chatterjee,Female,33,Regular,Pune,Maharashtra,West,2025-08-28
780,Bishakha Bumb,Female,22,Regular,Ahmedabad,Gujarat,West,2021-08-31
781,Darika Rao,Male,29,Regular,Kolkata,West Bengal,East,2023-11-27
782,Gavin Ram,Male,43,Regular,Coimbatore,Tamil Nadu,South,2023-11-22
783,Kala Grover,Female,37,New,Lucknow,Uttar Pradesh,North,2022-06-17
784,Ria Shroff,Female,18,New,Kolkata,West Bengal,East,2023-10-07
785,David Dora,Female,54,New,Bhubaneswar,Odisha,East,2022-11-08
786,Frederick Padmanabhan,Male,47,Premium,Guwahati,Assam,East,2025-04-19
787,Utkarsh Bhat,Female,30,Regular,Guwahati,Assam,East,2025-07-30
788,Vaishnavi Keer,Male,44,Regular,Chennai,Tamil Nadu,South,2025-09-28
789,Megha Banerjee,Female,58,Regular,Chandigarh,Chandigarh,North,2023-12-02
790,Jai Sen,Male,60,Premium,Jaipur,Rajasthan,North,2024-01-18
791,Siddharth Hans,Male,31,New,Ahmedabad,Gujarat,West,2022-05-26
792,Farhan Saran,Female,21,Regular,Kochi,Kerala,South,2022-03-02
793,Aarna Nagarajan,Male,20,Regular,Hyderabad,Telangana,South,2022-07-18
794,Gagan Rama,Female,62,Regular,Coimbatore,Tamil Nadu,South,2026-02-03
795,Anya Venkatesh,Male,55,New,Ranchi,Jharkhand,East,2024-04-26
796,Oni Chowdhury,Male,58,Premium,Amritsar,Punjab,North,2023-10-30
797,Harish Cherian,Male,45,Premium,Mumbai,Maharashtra,West,2023-08-11
798,Bhavika Wason,Female,34,Regular,Chennai,Tamil Nadu,South,2024-05-08
799,Aishani Rajagopal,Female,38,Regular,Ranchi,Jharkhand,East,2025-12-09
800,Baljiwan Gera,Male,22,Premium,Ahmedabad,Gujarat,West,2024-10-23
801,Neelima Barad,Male,27,Regular,Chennai,Tamil Nadu,South,2022-11-30
802,Wazir Bawa,Female,47,New,Chandigarh,Chandigarh,North,2023-07-08
803,Kashish Bahri,Male,52,Regular,Ranchi,Jharkhand,East,2025-04-07
804,Deepa Mand,Female,37,Regular,Bhubaneswar,Odisha,East,2023-03-24
805,Vedant Desai,Male,23,Regular,Ahmedabad,Gujarat,West,2025-10-01
806,Ekani Luthra,Male,31,Regular,Hyderabad,Telangana,South,2023-01-14
807,Raghav Sathe,Male,63,Premium,Bhubaneswar,Odisha,East,2025-03-07
808,Vedhika Varty,Female,50,Premium,Hyderabad,Telangana,South,2022-08-05
809,Yutika Dutt,Female,29,Regular,Jaipur,Rajasthan,North,2025-11-15
810,Krishna Viswanathan,Female,53,New,Lucknow,Uttar Pradesh,North,2021-11-11
811,Oscar Hans,Female,24,Premium,Bengaluru,Karnataka,South,2025-12-07
812,Dalbir Krish,Male,21,Regular,Bengaluru,Karnataka,South,2025-11-29
813,Jalsa Issac,Male,43,New,Chennai,Tamil Nadu,South,2021-09-13
814,Yashasvi Ranganathan,Female,22,Premium,Kolkata,West Bengal,East,2022-11-27
815,Azaan Khurana,Male,59,Premium,Delhi,Delhi,North,2024-09-17
816,Peter Som,Male,39,Regular,Pune,Maharashtra,West,2023-05-26
817,Hemangini Gade,Female,21,Regular,Delhi,Delhi,North,2024-06-21
818,Gautam Mane,Female,64,Regular,Coimbatore,Tamil Nadu,South,2025-09-22
819,Nicholas Kala,Male,42,New,Surat,Gujarat,West,2021-09-03
820,Samuel Luthra,Female,31,New,Pune,Maharashtra,West,2025-10-27
821,Aditya Som,Female,46,Regular,Hyderabad,Telangana,South,2024-10-17
822,Abhiram Kapur,Male,59,New,Bengaluru,Karnataka,South,2026-02-04
823,Anvi Sampath,Female,53,New,Ranchi,Jharkhand,East,2022-10-19
824,Tripti Krishnan,Male,35,Regular,Mumbai,Maharashtra,West,2026-01-06
825,Mekhala Chaudry,Female,30,Regular,Pune,Maharashtra,West,2022-08-17
826,Barkha Misra,Male,42,Premium,Coimbatore,Tamil Nadu,South,2021-07-28
827,Devansh Nayar,Female,40,New,Ranchi,Jharkhand,East,2024-12-16
828,Aradhana Lal,Female,29,New,Ranchi,Jharkhand,East,2026-06-24
829,Raghav Doctor,Male,19,Regular,Jaipur,Rajasthan,North,2024-10-25
830,Dakshesh Raval,Female,51,Regular,Kolkata,West Bengal,East,2024-02-15
831,Atharv Tank,Male,28,New,Guwahati,Assam,East,2024-11-02
832,Omya Ravel,Male,35,Regular,Chandigarh,Chandigarh,North,2026-07-11
833,Ranveer Oza,Female,40,New,Chandigarh,Chandigarh,North,2023-06-24
834,Vamakshi Parmer,Male,55,New,Chennai,Tamil Nadu,South,2025-03-03
835,Pratyush Memon,Male,63,Regular,Patna,Bihar,East,2024-01-27
836,Aarna Goswami,Male,54,Regular,Guwahati,Assam,East,2022-01-09
837,Gaurav Kapadia,Female,29,Premium,Kochi,Kerala,South,2026-04-10
838,Osha Narula,Male,21,Regular,Mumbai,Maharashtra,West,2023-04-25
839,Ubika Dalal,Male,19,Regular,Coimbatore,Tamil Nadu,South,2023-05-25
840,Urmi Hayer,Female,57,Regular,Mumbai,Maharashtra,West,2023-11-21
841,Chanchal Sachdev,Female,63,New,Chennai,Tamil Nadu,South,2024-01-15
842,Laksh Iyer,Male,19,Regular,Hyderabad,Telangana,South,2021-10-21
843,Luke Mutti,Male,25,New,Coimbatore,Tamil Nadu,South,2023-04-02
844,Faris Sura,Female,63,Premium,Kolkata,West Bengal,East,2025-11-06
845,Dhriti Bhardwaj,Male,39,New,Indore,Madhya Pradesh,West,2023-03-14
846,Shaurya Ganguly,Male,28,Regular,Patna,Bihar,East,2021-07-23
847,Vrishti Chakrabarti,Female,29,New,Surat,Gujarat,West,2024-06-01
848,Pushti Raval,Male,42,Premium,Bhubaneswar,Odisha,East,2022-03-08
849,Leela Agrawal,Male,29,Regular,Patna,Bihar,East,2023-09-06
850,Kashvi Atwal,Female,54,Regular,Amritsar,Punjab,North,2021-09-21
851,Andrew Agrawal,Female,57,New,Chandigarh,Chandigarh,North,2025-12-30
852,Upkaar Padmanabhan,Male,49,Regular,Coimbatore,Tamil Nadu,South,2024-09-01
853,Leela Thakur,Male,33,New,Hyderabad,Telangana,South,2023-02-05
854,Dhruv Bath,Male,58,Premium,Patna,Bihar,East,2024-06-24
855,Tamanna Venkatesh,Female,18,New,Jaipur,Rajasthan,North,2023-01-10
856,Radha Desai,Male,62,New,Bhubaneswar,Odisha,East,2024-07-08
857,Jagrati Guha,Female,24,New,Jaipur,Rajasthan,North,2023-04-02
858,Anirudh Kari,Female,46,Regular,Delhi,Delhi,North,2022-05-12
859,Siddharth Bains,Female,49,Regular,Pune,Maharashtra,West,2022-08-28
860,Jatin Peri,Female,24,New,Ahmedabad,Gujarat,West,2024-06-26
861,Keya Kumer,Male,28,Regular,Indore,Madhya Pradesh,West,2025-02-03
862,Chanakya Chokshi,Male,36,Regular,Mumbai,Maharashtra,West,2025-05-24
863,Chanakya D’Alia,Female,24,Regular,Jaipur,Rajasthan,North,2024-10-21
864,Jatin Krishnan,Male,42,Regular,Jaipur,Rajasthan,North,2023-08-15
865,Samesh Andra,Male,39,Regular,Bengaluru,Karnataka,South,2023-11-28
866,Zinal Madan,Female,59,Regular,Mumbai,Maharashtra,West,2023-01-16
867,Omya Cheema,Female,28,New,Coimbatore,Tamil Nadu,South,2024-08-25
868,Barkha Comar,Female,31,New,Delhi,Delhi,North,2024-02-04
869,Rushil Iyengar,Female,60,Premium,Kochi,Kerala,South,2025-06-17
870,Ishita Rout,Male,24,Premium,Patna,Bihar,East,2025-06-05
871,Watika Johal,Female,27,Regular,Lucknow,Uttar Pradesh,North,2023-01-05
872,Ganga Keer,Male,45,New,Jaipur,Rajasthan,North,2024-12-23
873,Indrajit Tak,Female,30,Regular,Jaipur,Rajasthan,North,2021-07-20
874,Yasti Borde,Male,28,Regular,Delhi,Delhi,North,2022-04-13
875,Aahana Kashyap,Female,25,New,Kolkata,West Bengal,East,2025-02-25
876,Aishani Shetty,Female,49,New,Ranchi,Jharkhand,East,2023-10-27
877,Balveer Mannan,Female,29,Regular,Kolkata,West Bengal,East,2021-10-14
878,Pooja D’Alia,Female,29,Regular,Ranchi,Jharkhand,East,2023-05-04
879,Aditya Devi,Female,46,New,Mumbai,Maharashtra,West,2022-01-04
880,Falguni Parmar,Male,35,New,Ahmedabad,Gujarat,West,2024-11-07
881,Girik Pradhan,Male,23,New,Chandigarh,Chandigarh,North,2026-01-04
882,Ishaan Rattan,Female,55,Regular,Guwahati,Assam,East,2025-08-11
883,Anita Rajan,Male,42,New,Coimbatore,Tamil Nadu,South,2023-07-16
884,Oviya Ganesan,Female,54,New,Indore,Madhya Pradesh,West,2024-12-26
885,Nathaniel Chawla,Female,23,Regular,Kochi,Kerala,South,2022-02-06
886,Raksha Golla,Male,25,New,Mumbai,Maharashtra,West,2023-08-14
887,Ayush De,Male,31,Regular,Pune,Maharashtra,West,2024-08-04
888,Isaiah Sabharwal,Male,45,New,Chennai,Tamil Nadu,South,2023-12-14
889,Advika Murthy,Male,58,New,Lucknow,Uttar Pradesh,North,2023-09-28
890,Hamsini Venkataraman,Female,38,New,Coimbatore,Tamil Nadu,South,2021-08-06
891,Rachita Kothari,Female,53,Regular,Delhi,Delhi,North,2024-02-25
892,Manthan Bhagat,Female,35,Premium,Indore,Madhya Pradesh,West,2023-12-12
893,Yashasvi Singh,Female,25,Regular,Mumbai,Maharashtra,West,2021-08-05
894,Falan Swamy,Male,54,Regular,Pune,Maharashtra,West,2025-10-18
895,Arunima Bedi,Male,36,Regular,Delhi,Delhi,North,2023-02-20
896,Neha Keer,Female,42,New,Ranchi,Jharkhand,East,2024-01-27
897,Sara Chakrabarti,Female,20,New,Indore,Madhya Pradesh,West,2021-12-06
898,Diya Dani,Female,27,Premium,Hyderabad,Telangana,South,2025-10-26
899,Harshil Raval,Female,39,New,Mumbai,Maharashtra,West,2026-06-10
900,Gavin Modi,Female,35,New,Bengaluru,Karnataka,South,2023-08-07
901,Tanmayi Om,Female,37,New,Kolkata,West Bengal,East,2025-12-27
902,Udant Sha,Female,62,New,Patna,Bihar,East,2023-05-09
903,Januja Sethi,Male,37,New,Chandigarh,Chandigarh,North,2023-03-13
904,Aarnav Om,Female,64,Regular,Ahmedabad,Gujarat,West,2022-02-08
905,Kashvi Cherian,Male,30,Regular,Indore,Madhya Pradesh,West,2023-04-24
906,Waida Dey,Female,65,Premium,Pune,Maharashtra,West,2021-10-06
907,Hredhaan Kumar,Female,21,Regular,Indore,Madhya Pradesh,West,2025-08-24
908,Jai Ramaswamy,Female,63,New,Bengaluru,Karnataka,South,2024-08-04
909,Hamsini Chokshi,Male,29,New,Pune,Maharashtra,West,2022-08-12
910,Jatin Seshadri,Male,33,Regular,Chennai,Tamil Nadu,South,2025-04-28
911,Wishi Agrawal,Male,41,Regular,Lucknow,Uttar Pradesh,North,2023-10-28
912,Rachita Subramanian,Female,47,New,Hyderabad,Telangana,South,2024-03-09
913,Oscar Dave,Male,33,Regular,Mumbai,Maharashtra,West,2026-02-27
914,Yamini Rajagopalan,Female,29,Regular,Ranchi,Jharkhand,East,2022-01-20
915,Anusha Rao,Female,40,Regular,Indore,Madhya Pradesh,West,2023-08-18
916,Sneha Deol,Male,36,Regular,Hyderabad,Telangana,South,2026-05-10
917,Dipta Kalla,Male,28,New,Lucknow,Uttar Pradesh,North,2022-03-24
918,Hemani Deo,Male,61,Premium,Chennai,Tamil Nadu,South,2022-07-17
919,Yahvi Naidu,Female,50,Regular,Hyderabad,Telangana,South,2026-06-11
920,Varsha Sahni,Female,26,New,Delhi,Delhi,North,2025-02-01
921,Pahal Arya,Male,32,Premium,Coimbatore,Tamil Nadu,South,2024-11-27
922,Lakshmi Dhillon,Female,63,Regular,Guwahati,Assam,East,2024-02-25
923,Ryan Loke,Female,40,Premium,Ranchi,Jharkhand,East,2021-10-19
924,Bhavini Krishna,Male,47,Regular,Ahmedabad,Gujarat,West,2025-04-15
925,Chakrika Jani,Female,55,Regular,Guwahati,Assam,East,2022-04-08
926,Jagrati Sethi,Female,53,New,Delhi,Delhi,North,2025-04-21
927,Lopa Khanna,Male,48,New,Patna,Bihar,East,2022-01-18
928,Champak Raj,Female,58,Regular,Jaipur,Rajasthan,North,2024-02-03
929,Chatura Arya,Female,59,Regular,Patna,Bihar,East,2023-06-23
930,Saanvi Kar,Male,51,New,Bhubaneswar,Odisha,East,2025-04-03
931,Ronith Hari,Female,60,New,Bengaluru,Karnataka,South,2026-02-04
932,Falan Grover,Male,59,Regular,Bhubaneswar,Odisha,East,2023-01-03
933,Krishna Baria,Female,44,Premium,Ahmedabad,Gujarat,West,2026-05-08
934,Kalpit Dyal,Male,55,Regular,Surat,Gujarat,West,2023-09-05
935,Abdul Narayanan,Male,61,New,Hyderabad,Telangana,South,2024-06-15
936,Balveer Dube,Female,28,New,Ahmedabad,Gujarat,West,2023-11-13
937,Charvi Swaminathan,Male,48,New,Hyderabad,Telangana,South,2026-03-07
938,Elijah Nadkarni,Male,61,Premium,Hyderabad,Telangana,South,2025-06-27
939,Ekansh Tiwari,Male,40,New,Kolkata,West Bengal,East,2024-02-29
940,George Palla,Female,39,Regular,Hyderabad,Telangana,South,2022-05-02
941,Garima Narula,Female,47,New,Patna,Bihar,East,2022-08-23
942,Vaishnavi Andra,Male,58,Regular,Lucknow,Uttar Pradesh,North,2023-05-05
943,Sanaya Khosla,Male,50,Regular,Lucknow,Uttar Pradesh,North,2022-02-09
944,Balveer Nagi,Female,44,Regular,Lucknow,Uttar Pradesh,North,2026-01-22
945,Libni Kunda,Male,30,New,Chandigarh,Chandigarh,North,2023-06-11
946,Aryan Varughese,Female,27,New,Ranchi,Jharkhand,East,2024-03-28
947,Yoshita Trivedi,Male,49,New,Bhubaneswar,Odisha,East,2025-08-24
948,Chaman Hans,Female,58,Premium,Bhubaneswar,Odisha,East,2023-10-07
949,Gopal Ganesh,Female,35,Premium,Delhi,Delhi,North,2023-02-20
950,Dominic Kade,Male,49,Regular,Chennai,Tamil Nadu,South,2026-05-25
951,Panini Chawla,Female,58,Regular,Chandigarh,Chandigarh,North,2024-11-20
952,Ekbal Dube,Female,48,Regular,Surat,Gujarat,West,2022-07-25
953,Baljiwan Chahal,Male,52,New,Mumbai,Maharashtra,West,2021-08-27
954,Zayan Bobal,Male,38,Premium,Hyderabad,Telangana,South,2021-11-25
955,Aarna Reddy,Male,58,Regular,Bengaluru,Karnataka,South,2024-05-30
956,Rachita Mutti,Female,37,Regular,Chennai,Tamil Nadu,South,2023-06-23
957,Abeer Bhatnagar,Female,50,Regular,Bengaluru,Karnataka,South,2021-08-14
958,Elijah Parmar,Male,20,New,Bhubaneswar,Odisha,East,2025-04-26
959,Bimala Mitra,Female,64,New,Patna,Bihar,East,2026-03-06
960,Raksha Raj,Male,39,Regular,Ranchi,Jharkhand,East,2024-07-27
961,Urvi Dugar,Male,28,New,Ahmedabad,Gujarat,West,2023-07-06
962,Mahika Merchant,Male,32,Regular,Mumbai,Maharashtra,West,2024-03-15
963,Chanchal Prakash,Male,55,New,Chennai,Tamil Nadu,South,2026-05-04
964,Lohit Dasgupta,Female,63,Regular,Bengaluru,Karnataka,South,2026-04-29
965,Frederick Mody,Female,52,New,Lucknow,Uttar Pradesh,North,2021-09-29
966,Siddharth Sachar,Male,60,Regular,Amritsar,Punjab,North,2022-08-02
967,Naveen Gour,Male,62,Regular,Delhi,Delhi,North,2026-01-24
968,Rishi Contractor,Female,42,New,Lucknow,Uttar Pradesh,North,2022-08-22
969,Triya Bora,Female,48,Regular,Amritsar,Punjab,North,2022-06-11
970,Zashil Chaudhari,Male,37,Regular,Chennai,Tamil Nadu,South,2022-12-28
971,Ganga Parikh,Female,57,Regular,Mumbai,Maharashtra,West,2022-07-10
972,Harish Mane,Male,50,Premium,Kochi,Kerala,South,2022-03-06
973,Eesha Sunder,Male,24,Regular,Jaipur,Rajasthan,North,2024-08-19
974,Michael Patla,Male,34,New,Pune,Maharashtra,West,2023-10-16
975,Om Agrawal,Female,36,New,Hyderabad,Telangana,South,2025-07-29
976,Rajata Malhotra,Female,31,New,Bengaluru,Karnataka,South,2023-02-07
977,Garima Srinivasan,Male,18,Regular,Ahmedabad,Gujarat,West,2025-09-26
978,Dalaja Sur,Male,54,New,Delhi,Delhi,North,2023-11-07
979,Finn Mand,Male,50,Regular,Pune,Maharashtra,West,2024-04-17
980,Ronith Lall,Female,59,Regular,Delhi,Delhi,North,2025-10-30
981,Faqid Bahl,Female,34,New,Kochi,Kerala,South,2025-03-16
982,Nidhi Kala,Male,29,Regular,Mumbai,Maharashtra,West,2025-10-14
983,Urmi Dixit,Female,61,New,Jaipur,Rajasthan,North,2026-01-25
984,Bina Desai,Male,24,New,Ranchi,Jharkhand,East,2023-05-14
985,Mekhala Patla,Male,60,Regular,Delhi,Delhi,North,2023-11-11
986,Noah Varkey,Female,46,Regular,Hyderabad,Telangana,South,2024-01-18
987,Praneel Dhingra,Female,39,Regular,Kolkata,West Bengal,East,2022-03-28
988,Jagrati Baria,Female,43,Regular,Bengaluru,Karnataka,South,2025-03-20
989,Vincent Bhatnagar,Female,62,New,Ahmedabad,Gujarat,West,2022-08-18
990,Brijesh Jhaveri,Male,25,Regular,Surat,Gujarat,West,2022-11-09
991,Lipika Singh,Male,24,Regular,Bengaluru,Karnataka,South,2024-02-16
992,Balveer Naik,Female,54,Regular,Indore,Madhya Pradesh,West,2026-02-16
993,Adya Ghosh,Female,40,New,Pune,Maharashtra,West,2022-01-19
994,Jasmit Brahmbhatt,Female,49,Regular,Chandigarh,Chandigarh,North,2023-06-03
995,Udant Varty,Female,20,Regular,Lucknow,Uttar Pradesh,North,2024-02-13
996,Vidhi Subramaniam,Female,18,New,Jaipur,Rajasthan,North,2023-07-26
997,Yachana Dewan,Male,45,Premium,Hyderabad,Telangana,South,2025-12-21
998,Faraj Varkey,Female,60,New,Kochi,Kerala,South,2023-09-26
999,Mason Grover,Male,18,Premium,Pune,Maharashtra,West,2024-10-02
1000,Victor Sachdeva,Female,49,Regular,Coimbatore,Tamil Nadu,South,2022-04-28
1001,Vasatika Srinivas,Female,38,New,Bengaluru,Karnataka,South,2025-08-05
1002,Nirja Bains,Female,21,Regular,Hyderabad,Telangana,South,2023-12-07
1003,Naveen Desai,Female,43,Premium,Coimbatore,Tamil Nadu,South,2022-10-03
1004,Manan Bhalla,Female,46,Regular,Bengaluru,Karnataka,South,2024-09-07
1005,Zansi Ravi,Female,46,Regular,Mumbai,Maharashtra,West,2022-05-14
1006,Bhanumati Chada,Female,65,Regular,Kolkata,West Bengal,East,2024-07-14
1007,Vasatika Garde,Female,44,Regular,Delhi,Delhi,North,2022-08-14
1008,Luke Gopal,Male,23,Regular,Amritsar,Punjab,North,2022-08-19
1009,Oliver Oommen,Male,59,New,Guwahati,Assam,East,2024-08-26
1010,Victor Radhakrishnan,Female,21,Regular,Ahmedabad,Gujarat,West,2026-02-24
1011,Amol Jain,Female,53,New,Kochi,Kerala,South,2023-06-19
1012,Mason Char,Female,25,Premium,Ahmedabad,Gujarat,West,2024-02-24
1013,Yahvi Dalal,Male,39,Premium,Chandigarh,Chandigarh,North,2022-06-04
1014,Aarav Sankar,Female,62,New,Patna,Bihar,East,2022-01-01
1015,Caleb Wagle,Male,49,Regular,Delhi,Delhi,North,2024-02-23
1016,Lakshmi Palla,Male,34,Premium,Kochi,Kerala,South,2023-09-06
1017,Pavani Desai,Male,43,New,Chennai,Tamil Nadu,South,2024-06-25
1018,Fiyaz Mander,Male,63,Regular,Kochi,Kerala,South,2022-10-23
1019,Aarini Gulati,Female,20,Premium,Kolkata,West Bengal,East,2024-07-12
1020,Jacob Venkatesh,Female,60,New,Lucknow,Uttar Pradesh,North,2021-07-24
1021,Diya Rege,Male,51,Regular,Kochi,Kerala,South,2021-07-28
1022,Pooja Kulkarni,Female,55,New,Amritsar,Punjab,North,2023-05-07
1023,Jasmit Majumdar,Male,62,Premium,Indore,Madhya Pradesh,West,2022-11-04
1024,Samar Sachdev,Male,42,Premium,Chennai,Tamil Nadu,South,2026-07-01
1025,Praneel Prabhakar,Female,44,Premium,Guwahati,Assam,East,2024-04-18
1026,Zehaan Mohanty,Female,39,Regular,Hyderabad,Telangana,South,2024-05-01
1027,Lakshit Dani,Male,26,Premium,Ranchi,Jharkhand,East,2024-06-04
1028,Neel Chaudhry,Female,62,Regular,Indore,Madhya Pradesh,West,2025-04-11
1029,Hamsini Ben,Male,30,New,Guwahati,Assam,East,2022-08-10
1030,Gavin Dhillon,Female,61,Regular,Coimbatore,Tamil Nadu,South,2022-05-04
1031,Gaurang Bhatt,Male,50,New,Bhubaneswar,Odisha,East,2023-11-23
1032,Fariq Barad,Female,53,Regular,Kolkata,West Bengal,East,2022-11-07
1033,Bhavini Bhandari,Female,61,New,Indore,Madhya Pradesh,West,2025-02-27
1034,Warda Sarna,Male,51,New,Ranchi,Jharkhand,East,2026-04-07
1035,Robert Bandi,Female,27,New,Delhi,Delhi,North,2021-08-03
1036,Omkaar Banik,Male,35,Regular,Delhi,Delhi,North,2025-06-16
1037,Nakul Chadha,Female,27,New,Hyderabad,Telangana,South,2023-05-03
1038,Ira Rana,Male,52,Regular,Jaipur,Rajasthan,North,2026-07-10
1039,Zarna Aurora,Female,24,New,Jaipur,Rajasthan,North,2023-07-25
1040,Gautam Mane,Female,33,New,Coimbatore,Tamil Nadu,South,2025-03-22
1041,Idika Malhotra,Female,42,Regular,Kolkata,West Bengal,East,2025-03-02
1042,Suhani Raval,Male,18,Regular,Ahmedabad,Gujarat,West,2022-09-01
1043,Parth Ray,Female,32,New,Bhubaneswar,Odisha,East,2024-05-30
1044,Yahvi Menon,Male,64,Regular,Guwahati,Assam,East,2024-01-25
1045,Yochana Kurian,Female,29,Premium,Hyderabad,Telangana,South,2023-03-28
1046,Saanvi Purohit,Male,65,Regular,Chandigarh,Chandigarh,North,2025-12-01
1047,Harinakshi Shanker,Male,45,New,Lucknow,Uttar Pradesh,North,2024-05-08
1048,Vasatika Dada,Female,26,New,Guwahati,Assam,East,2024-12-11
1049,Thomas Karpe,Female,18,Premium,Coimbatore,Tamil Nadu,South,2022-10-29
1050,Ira Varty,Male,20,New,Ranchi,Jharkhand,East,2025-07-15
1051,Yuvraj Mani,Male,58,Premium,Hyderabad,Telangana,South,2024-03-19
1052,Faqid Gokhale,Female,22,Regular,Ranchi,Jharkhand,East,2021-12-31
1053,Tejas Luthra,Male,29,Premium,Guwahati,Assam,East,2023-12-02
1054,Wishi Iyengar,Male,44,Regular,Amritsar,Punjab,North,2022-06-13
1055,Alka Jhaveri,Female,32,Premium,Mumbai,Maharashtra,West,2022-09-17
1056,Ishani Dugal,Female,41,Regular,Hyderabad,Telangana,South,2022-09-06
1057,Farhan Tailor,Female,53,Regular,Bhubaneswar,Odisha,East,2025-06-07
1058,Vasatika Prabhu,Female,46,Regular,Delhi,Delhi,North,2024-08-09
1059,Anvi Swaminathan,Male,20,Regular,Coimbatore,Tamil Nadu,South,2024-08-21
1060,Mitali Kapadia,Male,42,Regular,Ranchi,Jharkhand,East,2022-06-14
1061,Chatura Vora,Female,19,Premium,Guwahati,Assam,East,2025-04-15
1062,Bachittar Thakkar,Female,49,Premium,Guwahati,Assam,East,2025-07-14
1063,Tanvi Dara,Male,38,Regular,Jaipur,Rajasthan,North,2023-04-10
1064,Diya Anand,Male,52,Regular,Delhi,Delhi,North,2025-01-10
1065,Ladli Chaudhuri,Male,60,Regular,Delhi,Delhi,North,2021-08-05
1066,Rachit Lall,Male,31,Regular,Kochi,Kerala,South,2023-03-01
1067,Hemal Pau,Male,19,New,Mumbai,Maharashtra,West,2022-09-21
1068,Shivansh Saini,Male,23,New,Ahmedabad,Gujarat,West,2022-06-16
1069,Janya Rattan,Male,34,Regular,Delhi,Delhi,North,2025-01-15
1070,Karan Karnik,Male,34,New,Amritsar,Punjab,North,2022-12-07
1071,Warinder Sankaran,Female,58,New,Surat,Gujarat,West,2025-08-10
1072,Madhav Doctor,Female,19,New,Surat,Gujarat,West,2025-10-26
1073,Patrick Sama,Male,59,New,Mumbai,Maharashtra,West,2023-11-26
1074,Vidhi Mital,Male,62,New,Amritsar,Punjab,North,2024-01-13
1075,Mitali Chaudhary,Male,36,Premium,Jaipur,Rajasthan,North,2022-10-16
1076,Tanveer Kumar,Male,36,Regular,Guwahati,Assam,East,2024-12-27
1077,Shivani Natt,Female,60,Regular,Surat,Gujarat,West,2023-12-02
1078,Aarini Padmanabhan,Male,52,Regular,Lucknow,Uttar Pradesh,North,2022-11-01
1079,Indali Issac,Female,52,New,Chennai,Tamil Nadu,South,2021-08-20
1080,Bhavani Pant,Female,61,Premium,Bhubaneswar,Odisha,East,2024-06-02
1081,Sanya Brar,Male,25,Regular,Kolkata,West Bengal,East,2023-02-28
1082,Ubika Dhillon,Female,52,New,Delhi,Delhi,North,2023-06-11
1083,Oviya Ravel,Male,65,Regular,Jaipur,Rajasthan,North,2025-11-17
1084,Fariq Edwin,Female,59,Premium,Bhubaneswar,Odisha,East,2025-10-12
1085,Edhitha Manne,Male,32,Premium,Chennai,Tamil Nadu,South,2023-04-03
1086,Anika Saxena,Male,29,Regular,Bhubaneswar,Odisha,East,2025-02-01
1087,Shravya Sachdev,Female,59,Regular,Amritsar,Punjab,North,2025-06-10
1088,Jeremiah Keer,Male,34,New,Jaipur,Rajasthan,North,2022-05-16
1089,Shivansh Ganesan,Female,39,Premium,Chandigarh,Chandigarh,North,2024-11-05
1090,Devansh Solanki,Male,24,New,Bhubaneswar,Odisha,East,2023-07-10
1091,Mekhala Viswanathan,Male,30,Premium,Guwahati,Assam,East,2024-04-11
1092,Hemang Lala,Female,39,Regular,Ranchi,Jharkhand,East,2025-05-12
1093,Madhavi More,Male,54,Regular,Guwahati,Assam,East,2024-08-17
1094,Saanvi Date,Female,28,Regular,Patna,Bihar,East,2022-09-07
1095,Ayush Banerjee,Male,32,New,Jaipur,Rajasthan,North,2022-03-11
1096,Vamakshi Sibal,Female,26,New,Ahmedabad,Gujarat,West,2024-11-08
1097,Sai Deshmukh,Female,46,New,Ranchi,Jharkhand,East,2026-05-31
1098,Tanmayi Saran,Female,53,New,Patna,Bihar,East,2026-05-21
1099,Idika Subramaniam,Male,35,Regular,Chandigarh,Chandigarh,North,2024-02-26
1100,Riya Morar,Male,34,Regular,Coimbatore,Tamil Nadu,South,2024-03-26
1101,Nachiket Mitter,Male,50,New,Delhi,Delhi,North,2023-05-14
1102,Hemangini Mangat,Female,55,Premium,Amritsar,Punjab,North,2021-08-03
1103,Vyanjana Sood,Female,52,Premium,Bengaluru,Karnataka,South,2023-11-19
1104,Brinda Kashyap,Female,43,Premium,Pune,Maharashtra,West,2023-01-13
1105,Ranbir Sabharwal,Female,26,Premium,Coimbatore,Tamil Nadu,South,2025-07-09
1106,Megha Krish,Male,43,New,Indore,Madhya Pradesh,West,2025-12-12
1107,Kritika Kannan,Male,60,Regular,Guwahati,Assam,East,2022-05-09
1108,Wriddhish Varughese,Male,50,Regular,Coimbatore,Tamil Nadu,South,2022-11-07
1109,Bhavani Wali,Male,29,Regular,Kochi,Kerala,South,2025-05-11
1110,Raghav Biswas,Female,20,New,Kochi,Kerala,South,2025-07-31
1111,Indrajit Shah,Male,22,Regular,Kochi,Kerala,South,2022-06-13
1112,Vyanjana Guha,Male,20,New,Patna,Bihar,East,2024-08-16
1113,Chandran Warrior,Female,42,New,Coimbatore,Tamil Nadu,South,2023-02-20
1114,Baghyawati Luthra,Male,20,Regular,Surat,Gujarat,West,2021-08-24
1115,Abhiram Kaul,Female,65,Regular,Kolkata,West Bengal,East,2022-02-28
1116,Wakeeta Kalla,Male,42,Regular,Guwahati,Assam,East,2021-12-26
1117,Wishi Prabhu,Male,51,New,Ahmedabad,Gujarat,West,2023-03-31
1118,Ganga Buch,Male,51,Premium,Ranchi,Jharkhand,East,2023-11-09
1119,Daksh Lata,Female,49,New,Ahmedabad,Gujarat,West,2025-10-03
1120,Upma Golla,Male,50,New,Indore,Madhya Pradesh,West,2025-06-01
1121,Lakshmi Arora,Male,32,Premium,Kochi,Kerala,South,2022-07-01
1122,Lekha Savant,Female,31,Premium,Amritsar,Punjab,North,2022-02-22
1123,Rushil Sharma,Male,41,Premium,Chennai,Tamil Nadu,South,2022-10-09
1124,Sathvik Solanki,Female,39,Regular,Chandigarh,Chandigarh,North,2025-03-19
1125,Ekantika Dutt,Female,48,Regular,Lucknow,Uttar Pradesh,North,2023-06-25
1126,Jason Kulkarni,Male,59,Regular,Coimbatore,Tamil Nadu,South,2024-09-06
1127,Rushil Patel,Male,20,New,Mumbai,Maharashtra,West,2023-12-11
1128,Isaiah Keer,Male,26,Regular,Coimbatore,Tamil Nadu,South,2025-12-22
1129,Alexander Ganesh,Male,21,Regular,Amritsar,Punjab,North,2024-09-13
1130,Meghana Kibe,Male,51,New,Hyderabad,Telangana,South,2025-07-05
1131,Vaishnavi Dubey,Male,64,Regular,Indore,Madhya Pradesh,West,2021-07-31
1132,Yuvraj Dugar,Male,46,Regular,Kolkata,West Bengal,East,2023-05-24
1133,Darpan Bhasin,Male,32,New,Surat,Gujarat,West,2024-01-14
1134,Hredhaan Dass,Male,55,New,Indore,Madhya Pradesh,West,2023-04-25
1135,Idika Sarna,Female,28,Regular,Coimbatore,Tamil Nadu,South,2023-12-23
1136,Krishna Parmar,Male,32,New,Ranchi,Jharkhand,East,2025-03-15
1137,Balveer Sundaram,Male,24,Premium,Surat,Gujarat,West,2025-02-27
1138,Vrishti Gupta,Female,27,Regular,Chandigarh,Chandigarh,North,2025-01-26
1139,Ekiya Sidhu,Female,57,Regular,Chandigarh,Chandigarh,North,2024-05-15
1140,Ekapad Wali,Male,23,Regular,Amritsar,Punjab,North,2022-11-30
1141,Adya Peri,Male,61,Regular,Pune,Maharashtra,West,2022-04-24
1142,Qasim Bahl,Female,41,New,Indore,Madhya Pradesh,West,2023-10-22
1143,William Nagi,Female,32,Regular,Amritsar,Punjab,North,2024-08-20
1144,Ranveer Viswanathan,Female,55,Regular,Surat,Gujarat,West,2025-02-21
1145,Barkha Naidu,Male,34,New,Lucknow,Uttar Pradesh,North,2024-12-14
1146,Indrajit Char,Male,36,Premium,Pune,Maharashtra,West,2023-08-02
1147,Caleb Dayal,Male,18,Regular,Ahmedabad,Gujarat,West,2024-02-25
1148,Saksham Chhabra,Male,51,Regular,Amritsar,Punjab,North,2022-06-06
1149,Azad Rama,Male,62,Premium,Lucknow,Uttar Pradesh,North,2023-12-18
1150,Chandran Peri,Female,24,Premium,Ranchi,Jharkhand,East,2024-10-29
1151,Agastya Joshi,Female,34,Regular,Kochi,Kerala,South,2022-08-22
1152,Upadhriti Bhat,Female,57,Regular,Indore,Madhya Pradesh,West,2024-10-25
1153,Jyoti Bhardwaj,Male,44,Regular,Ranchi,Jharkhand,East,2023-05-05
1154,Banjeet Bobal,Female,53,Regular,Pune,Maharashtra,West,2025-08-27
1155,Tarak Venkataraman,Female,54,Regular,Ahmedabad,Gujarat,West,2025-09-16
1156,Lekha Gupta,Male,60,Regular,Ranchi,Jharkhand,East,2022-01-08
1157,Praneel Sagar,Female,62,New,Chandigarh,Chandigarh,North,2022-07-02
1158,Tara Sane,Male,50,Premium,Bengaluru,Karnataka,South,2025-04-08
1159,Pranit Ratti,Male,28,Premium,Ahmedabad,Gujarat,West,2025-12-13
1160,Saanvi Pandey,Male,27,New,Mumbai,Maharashtra,West,2024-01-23
1161,Kamya Sachar,Female,23,Regular,Indore,Madhya Pradesh,West,2026-01-18
1162,Ekiya Khosla,Male,41,New,Jaipur,Rajasthan,North,2025-05-11
1163,Keya Kumar,Male,64,New,Amritsar,Punjab,North,2024-05-08
1164,Sara Ranganathan,Female,63,Regular,Surat,Gujarat,West,2023-05-03
1165,Bhavani Babu,Female,46,New,Chandigarh,Chandigarh,North,2021-07-15
1166,Abeer Mital,Female,30,Regular,Chandigarh,Chandigarh,North,2024-02-15
1167,Divya Bains,Male,57,Regular,Amritsar,Punjab,North,2026-06-17
1168,Yasti Dubey,Female,33,Regular,Bengaluru,Karnataka,South,2025-05-24
1169,Ishani Dugal,Male,35,New,Chandigarh,Chandigarh,North,2022-01-03
1170,Zaid Kaul,Female,43,New,Ahmedabad,Gujarat,West,2022-03-24
1171,George Ratta,Male,65,Regular,Coimbatore,Tamil Nadu,South,2022-10-26
1172,Faras Nair,Female,64,Premium,Delhi,Delhi,North,2024-05-19
1173,Vinaya Chandran,Female,32,Regular,Patna,Bihar,East,2025-07-02
1174,Baljiwan Raj,Female,54,New,Kochi,Kerala,South,2024-07-06
1175,Gaurika Pall,Male,44,Regular,Jaipur,Rajasthan,North,2021-12-05
1176,Omaja Dara,Male,50,Regular,Amritsar,Punjab,North,2025-12-08
1177,Advay Raja,Male,50,Regular,Patna,Bihar,East,2025-11-20
1178,Eiravati Zacharia,Female,62,New,Guwahati,Assam,East,2021-10-21
1179,Yadavi Kant,Female,33,Regular,Surat,Gujarat,West,2024-05-12
1180,Sanaya Thaman,Female,55,Regular,Ranchi,Jharkhand,East,2022-04-20
1181,Bimala Ramesh,Male,34,Premium,Lucknow,Uttar Pradesh,North,2021-12-26
1182,Fitan Soni,Male,61,New,Lucknow,Uttar Pradesh,North,2022-04-11
1183,Mohini Lala,Female,40,Regular,Hyderabad,Telangana,South,2024-05-24
1184,Kalpit Deshmukh,Male,36,Premium,Jaipur,Rajasthan,North,2021-12-17
1185,Vinaya Rana,Female,22,New,Lucknow,Uttar Pradesh,North,2023-12-10
1186,Yatin Kibe,Female,40,Premium,Kochi,Kerala,South,2024-10-18
1187,Ekiya Chakraborty,Female,29,Regular,Coimbatore,Tamil Nadu,South,2021-11-22
1188,Pallavi Pau,Male,33,New,Kochi,Kerala,South,2022-02-05
1189,Hemangini Bajwa,Male,32,New,Hyderabad,Telangana,South,2023-04-12
1190,Inaya Sathe,Female,27,Regular,Chennai,Tamil Nadu,South,2025-05-21
1191,Chaitanya Kaur,Male,61,New,Delhi,Delhi,North,2024-08-26
1192,Nachiket Chada,Male,52,Regular,Indore,Madhya Pradesh,West,2022-07-14
1193,Xavier Divan,Female,57,New,Lucknow,Uttar Pradesh,North,2022-02-05
1194,Akshay Oza,Female,49,Regular,Ranchi,Jharkhand,East,2025-11-18
1195,Dalaja Sengupta,Female,43,New,Coimbatore,Tamil Nadu,South,2025-01-02
1196,Shaurya Yogi,Male,21,Premium,Coimbatore,Tamil Nadu,South,2023-11-22
1197,Vasudha Dhaliwal,Male,50,Premium,Surat,Gujarat,West,2022-08-06
1198,Krisha Vyas,Male,47,Premium,Ranchi,Jharkhand,East,2025-01-04
1199,Darpan Mander,Female,38,Regular,Amritsar,Punjab,North,2021-10-02
1200,Chatresh Shroff,Male,42,New,Delhi,Delhi,North,2022-07-16
1201,Ekalinga Rama,Female,57,Regular,Jaipur,Rajasthan,North,2024-10-23
1202,Hritik Bahl,Female,33,New,Bhubaneswar,Odisha,East,2024-11-02
1203,Vihaan Rai,Female,41,New,Ranchi,Jharkhand,East,2022-12-31
1204,Diya Sundaram,Female,31,New,Kochi,Kerala,South,2024-01-30
1205,Quincy Issac,Female,43,Regular,Ahmedabad,Gujarat,West,2025-11-14
1206,Anthony Baral,Male,54,Regular,Ranchi,Jharkhand,East,2024-01-15
1207,Gauri Suri,Male,24,Regular,Coimbatore,Tamil Nadu,South,2022-10-09
1208,Andrew Palan,Female,42,Regular,Bhubaneswar,Odisha,East,2023-07-03
1209,Chasmum Keer,Male,48,New,Chennai,Tamil Nadu,South,2024-12-16
1210,David Kurian,Female,49,Premium,Chandigarh,Chandigarh,North,2026-07-08
1211,Ati Kar,Female,49,Regular,Coimbatore,Tamil Nadu,South,2025-12-06
1212,Laksh Chahal,Male,43,Regular,Patna,Bihar,East,2022-04-18
1213,Omisha Khosla,Male,31,New,Chandigarh,Chandigarh,North,2025-03-09
1214,Devika Narayan,Male,46,Regular,Ranchi,Jharkhand,East,2024-05-26
1215,Samuel Devi,Female,41,Regular,Patna,Bihar,East,2023-10-13
1216,Lakshit More,Male,44,New,Patna,Bihar,East,2024-06-10
1217,Qushi Dhillon,Male,54,New,Jaipur,Rajasthan,North,2024-12-23
1218,Eesha Bir,Female,38,Regular,Hyderabad,Telangana,South,2024-10-25
1219,Qarin Nadkarni,Male,42,Regular,Surat,Gujarat,West,2024-04-28
1220,Ayushman Nagar,Male,28,New,Ranchi,Jharkhand,East,2025-09-25
1221,Nisha Mitter,Female,22,Premium,Ranchi,Jharkhand,East,2025-12-09
1222,Max Guha,Female,32,New,Chandigarh,Chandigarh,North,2023-10-02
1223,Atharv Loke,Female,63,Regular,Patna,Bihar,East,2022-01-26
1224,Vincent Kashyap,Female,35,Premium,Guwahati,Assam,East,2024-07-25
1225,Fariq Sood,Female,44,Regular,Ahmedabad,Gujarat,West,2024-12-21
1226,Kashvi Gour,Male,26,Regular,Chennai,Tamil Nadu,South,2022-03-16
1227,Urvi Devan,Male,31,Regular,Hyderabad,Telangana,South,2025-10-18
1228,Bachittar Rege,Male,24,New,Kochi,Kerala,South,2022-05-10
1229,Anamika Sachar,Male,19,Premium,Lucknow,Uttar Pradesh,North,2025-05-11
1230,Samarth Bhatti,Male,24,Regular,Indore,Madhya Pradesh,West,2022-08-25
1231,Vrishti Nair,Male,23,Premium,Guwahati,Assam,East,2022-06-03
1232,Prisha Ravel,Male,33,New,Ahmedabad,Gujarat,West,2025-11-14
1233,Dhriti Ramesh,Male,26,New,Ranchi,Jharkhand,East,2025-06-02
1234,Ikbal Seth,Male,60,New,Bengaluru,Karnataka,South,2024-08-05
1235,Yatan Venkataraman,Female,47,Regular,Patna,Bihar,East,2023-10-27
1236,Lila Varty,Female,26,Regular,Guwahati,Assam,East,2024-03-23
1237,Ranveer Manne,Female,58,Premium,Coimbatore,Tamil Nadu,South,2025-05-12
1238,Bhavika Shenoy,Female,40,Regular,Indore,Madhya Pradesh,West,2023-09-26
1239,Chatura Varughese,Male,23,Premium,Indore,Madhya Pradesh,West,2022-05-15
1240,Siya Chana,Female,44,New,Ahmedabad,Gujarat,West,2026-01-21
1241,Pranit Deshmukh,Female,18,Premium,Bhubaneswar,Odisha,East,2025-02-24
1242,Shravya Bakshi,Male,40,Regular,Amritsar,Punjab,North,2023-07-03
1243,Suhani Chana,Male,62,Regular,Ranchi,Jharkhand,East,2022-06-06
1244,Jatin Chand,Female,18,Regular,Surat,Gujarat,West,2022-10-14
1245,Janani Chada,Male,18,Regular,Ahmedabad,Gujarat,West,2022-02-08
1246,Yasti Dutta,Female,53,Regular,Bhubaneswar,Odisha,East,2024-02-27
1247,Caleb Garde,Male,28,New,Surat,Gujarat,West,2023-06-06
1248,Nicholas Dhillon,Male,34,New,Surat,Gujarat,West,2026-02-05
1249,Oni Morar,Male,51,Premium,Lucknow,Uttar Pradesh,North,2022-06-06
1250,Bhavya Golla,Female,44,Regular,Patna,Bihar,East,2023-01-31
1251,Samaksh Aggarwal,Male,26,Regular,Bengaluru,Karnataka,South,2022-02-14
1252,Advik Shanker,Female,57,Regular,Kolkata,West Bengal,East,2024-08-25
1253,Abdul Tak,Female,30,New,Ahmedabad,Gujarat,West,2024-01-10
1254,Sudiksha Rout,Male,21,New,Kolkata,West Bengal,East,2022-09-22
1255,Yash Mall,Male,36,Regular,Chandigarh,Chandigarh,North,2023-09-30
1256,Chandran Goyal,Female,64,Regular,Bhubaneswar,Odisha,East,2024-08-20
1257,Balhaar Dhillon,Male,27,New,Chandigarh,Chandigarh,North,2022-04-11
1258,Garima Chahal,Male,39,Regular,Lucknow,Uttar Pradesh,North,2025-10-21
1259,Pranav Edwin,Female,41,New,Ahmedabad,Gujarat,West,2021-10-12
1260,Tamanna Parsa,Female,23,Regular,Mumbai,Maharashtra,West,2024-11-23
1261,Chandani Naidu,Female,43,New,Bengaluru,Karnataka,South,2026-03-12
1262,Ekansh Sane,Female,29,Regular,Amritsar,Punjab,North,2023-05-19
1263,Brinda Sinha,Female,18,New,Hyderabad,Telangana,South,2025-10-02
1264,Forum Vyas,Female,46,Regular,Chandigarh,Chandigarh,North,2022-03-17
1265,Shaurya Bhardwaj,Male,47,New,Bengaluru,Karnataka,South,2023-08-09
1266,Veda Mani,Male,48,New,Amritsar,Punjab,North,2022-01-30
1267,Aashi Vora,Female,28,Regular,Ahmedabad,Gujarat,West,2023-09-03
1268,Kai Taneja,Male,34,Regular,Amritsar,Punjab,North,2024-05-30
1269,Waida Gole,Male,41,Regular,Ahmedabad,Gujarat,West,2024-02-19
1270,Bina Hari,Male,33,New,Chandigarh,Chandigarh,North,2025-12-15
1271,Udyati Dalal,Male,28,Regular,Ahmedabad,Gujarat,West,2021-07-17
1272,Oeshi Sachdev,Male,43,Premium,Guwahati,Assam,East,2025-03-23
1273,Simon Apte,Male,55,Regular,Bengaluru,Karnataka,South,2021-10-06
1274,Aachal Bir,Male,41,New,Indore,Madhya Pradesh,West,2024-09-27
1275,Abeer Comar,Male,49,Regular,Chandigarh,Chandigarh,North,2023-01-28
1276,Meghana Balakrishnan,Female,58,New,Amritsar,Punjab,North,2024-12-19
1277,Ganga Nigam,Female,59,New,Delhi,Delhi,North,2025-09-12
1278,Urvi Banik,Male,26,Premium,Coimbatore,Tamil Nadu,South,2026-02-24
1279,Nachiket Sharma,Female,53,New,Pune,Maharashtra,West,2024-10-06
1280,Turvi Sachdev,Male,19,Regular,Ranchi,Jharkhand,East,2025-12-30
1281,Chandani Mutti,Male,34,Regular,Ahmedabad,Gujarat,West,2026-03-06
1282,Sathvik Narula,Female,53,Regular,Lucknow,Uttar Pradesh,North,2024-04-24
1283,Dominic Dixit,Female,30,Regular,Guwahati,Assam,East,2025-07-14
1284,Harinakshi Prashad,Female,38,New,Coimbatore,Tamil Nadu,South,2022-12-09
1285,Lopa Grover,Male,22,New,Ahmedabad,Gujarat,West,2024-09-01
1286,Divya Balay,Female,34,Regular,Kochi,Kerala,South,2024-07-06
1287,Watika Khanna,Male,58,New,Ranchi,Jharkhand,East,2022-11-23
1288,Tarak Vohra,Male,57,Regular,Pune,Maharashtra,West,2023-05-24
1289,Kavya Barad,Male,38,New,Guwahati,Assam,East,2023-01-18
1290,Sachi Toor,Female,30,New,Amritsar,Punjab,North,2025-06-05
1291,Xiti Dube,Male,57,Regular,Indore,Madhya Pradesh,West,2021-08-29
1292,Dayita Narang,Female,59,New,Patna,Bihar,East,2022-06-27
1293,Zaitra Deo,Male,51,Regular,Kolkata,West Bengal,East,2022-04-02
1294,Tripti Ram,Male,29,Regular,Delhi,Delhi,North,2022-07-24
1295,Aayush Mukhopadhyay,Male,49,Regular,Chandigarh,Chandigarh,North,2025-02-07
1296,Gauri Sibal,Male,54,New,Bengaluru,Karnataka,South,2026-03-14
1297,Devika Bajaj,Female,21,New,Surat,Gujarat,West,2025-12-25
1298,Shaurya Nagi,Male,18,New,Bhubaneswar,Odisha,East,2024-06-04
1299,Aradhana Walia,Male,47,Regular,Kochi,Kerala,South,2022-07-16
1300,Jacob Mahajan,Female,41,Regular,Jaipur,Rajasthan,North,2023-02-18
1301,Ishwar Aurora,Female,51,New,Amritsar,Punjab,North,2022-04-13
1302,Samuel Palla,Female,22,Premium,Delhi,Delhi,North,2026-04-30
1303,Lohit Mander,Male,24,New,Coimbatore,Tamil Nadu,South,2024-04-13
1304,Ekavir Mukhopadhyay,Female,30,Regular,Coimbatore,Tamil Nadu,South,2024-05-28
1305,Sachi Bedi,Male,54,Regular,Coimbatore,Tamil Nadu,South,2024-08-08
1306,Chandresh Cherian,Female,65,Premium,Coimbatore,Tamil Nadu,South,2022-03-09
1307,Pooja Ramanathan,Female,61,Regular,Amritsar,Punjab,North,2023-06-15
1308,Ishani Muni,Male,28,Regular,Surat,Gujarat,West,2022-06-07
1309,Farhan Shroff,Female,50,New,Coimbatore,Tamil Nadu,South,2023-03-14
1310,Upadhriti Chatterjee,Female,40,Regular,Bhubaneswar,Odisha,East,2024-05-17
1311,Upma Kata,Female,41,New,Guwahati,Assam,East,2023-10-25
1312,Aarna Patla,Female,56,Premium,Surat,Gujarat,West,2026-04-10
1313,Ekta Setty,Male,42,Regular,Coimbatore,Tamil Nadu,South,2023-07-01
1314,Vaishnavi Chowdhury,Female,46,Regular,Patna,Bihar,East,2023-12-22
1315,Onkar Mandal,Male,36,Regular,Mumbai,Maharashtra,West,2023-04-18
1316,Yashoda Chauhan,Male,37,Regular,Amritsar,Punjab,North,2025-05-18
1317,Eshana Bobal,Male,31,Regular,Jaipur,Rajasthan,North,2023-07-26
1318,Nandini Sachdev,Female,53,Regular,Kolkata,West Bengal,East,2025-07-01
1319,Nathan Subramaniam,Male,47,New,Bengaluru,Karnataka,South,2022-09-23
1320,Sathvik Sankar,Male,34,New,Bhubaneswar,Odisha,East,2023-06-16
1321,Hema Keer,Male,32,New,Guwahati,Assam,East,2025-06-16
1322,Vidhi Contractor,Male,54,New,Patna,Bihar,East,2022-05-27
1323,Eshana Chatterjee,Male,64,Premium,Indore,Madhya Pradesh,West,2024-06-30
1324,Darika Ravi,Female,29,New,Jaipur,Rajasthan,North,2025-08-24
1325,Ladli Narang,Male,56,Premium,Indore,Madhya Pradesh,West,2021-11-19
1326,Gautam Kalla,Female,23,New,Kolkata,West Bengal,East,2024-01-04
1327,Manan Dixit,Female,45,New,Jaipur,Rajasthan,North,2025-08-15
1328,Madhavi Sekhon,Male,65,Regular,Mumbai,Maharashtra,West,2023-10-20
1329,Chandani Modi,Male,37,Regular,Lucknow,Uttar Pradesh,North,2022-07-07
1330,Hemangini Chakraborty,Male,38,Regular,Jaipur,Rajasthan,North,2026-02-17
1331,Joshua Menon,Male,61,Regular,Chennai,Tamil Nadu,South,2024-06-13
1332,Aadi Parmer,Male,32,Regular,Surat,Gujarat,West,2021-11-06
1333,Azaan Keer,Female,27,New,Ahmedabad,Gujarat,West,2022-01-31
1334,Eesha Raja,Male,48,Premium,Hyderabad,Telangana,South,2023-09-11
1335,Siddharth Ghose,Female,34,Premium,Amritsar,Punjab,North,2023-07-26
1336,Leena Parsa,Female,62,Regular,Lucknow,Uttar Pradesh,North,2023-11-29
1337,Bhavya Dass,Female,53,New,Chennai,Tamil Nadu,South,2025-09-26
1338,Amol Dhawan,Female,59,Regular,Kochi,Kerala,South,2022-03-17
1339,Rajeshri Deshpande,Male,33,New,Coimbatore,Tamil Nadu,South,2025-02-21
1340,Tamanna Sandal,Female,38,New,Jaipur,Rajasthan,North,2021-12-16
1341,Yashodhara Samra,Female,45,New,Delhi,Delhi,North,2024-08-26
1342,Leena Pant,Male,38,Regular,Patna,Bihar,East,2024-04-18
1343,Abhimanyu Tara,Male,37,Premium,Guwahati,Assam,East,2022-08-31
1344,Yachana Luthra,Female,57,Regular,Hyderabad,Telangana,South,2025-10-09
1345,Bahadurjit Barad,Male,32,Regular,Kochi,Kerala,South,2023-08-04
1346,Isaiah Subramaniam,Male,64,Regular,Hyderabad,Telangana,South,2024-05-18
1347,Lucky Vyas,Male,33,New,Delhi,Delhi,North,2026-05-07
1348,Udyati Varughese,Male,39,Regular,Hyderabad,Telangana,South,2026-06-15
1349,Yatan Sodhi,Female,48,Premium,Jaipur,Rajasthan,North,2021-12-04
1350,Devika Bera,Male,65,New,Jaipur,Rajasthan,North,2024-09-09
1351,Upasna Setty,Female,53,Premium,Chennai,Tamil Nadu,South,2026-01-20
1352,Garima Sama,Male,62,Regular,Indore,Madhya Pradesh,West,2024-02-06
1353,Bimala Ganesh,Male,34,Regular,Lucknow,Uttar Pradesh,North,2023-04-20
1354,Abha Bhat,Female,30,Regular,Bengaluru,Karnataka,South,2021-09-17
1355,Charan Manne,Female,59,Regular,Kolkata,West Bengal,East,2024-09-06
1356,Bhavini Sundaram,Female,60,Premium,Delhi,Delhi,North,2025-07-31
1357,Arunima Krishnan,Male,19,Premium,Patna,Bihar,East,2021-12-12
1358,Anvi Kurian,Male,42,Regular,Ranchi,Jharkhand,East,2022-03-14
1359,Owen Dora,Female,56,New,Jaipur,Rajasthan,North,2021-08-09
1360,Parth Lal,Male,50,Regular,Chandigarh,Chandigarh,North,2024-10-31
1361,Vedhika Golla,Male,20,Premium,Indore,Madhya Pradesh,West,2025-06-13
1362,Hemal Chad,Female,39,New,Coimbatore,Tamil Nadu,South,2025-07-14
1363,Warhi Sachar,Male,19,Regular,Surat,Gujarat,West,2026-05-17
1364,Ria Ganesh,Female,58,Regular,Patna,Bihar,East,2025-05-22
1365,Chatura Lalla,Female,21,Regular,Bhubaneswar,Odisha,East,2022-08-04
1366,Charles Ganesh,Male,53,New,Ranchi,Jharkhand,East,2025-04-25
1367,Charvi Soni,Male,39,Regular,Bhubaneswar,Odisha,East,2023-11-09
1368,Ladli Ramakrishnan,Male,64,Premium,Pune,Maharashtra,West,2025-04-08
1369,Radhika Arora,Male,44,New,Indore,Madhya Pradesh,West,2023-11-29
1370,Lavanya Mutti,Male,45,New,Coimbatore,Tamil Nadu,South,2022-12-24
1371,Gunbir Wali,Female,46,Premium,Guwahati,Assam,East,2026-05-07
1372,Anjali Nayak,Male,55,New,Chennai,Tamil Nadu,South,2024-09-21
1373,Aadhya Raman,Female,62,Premium,Chennai,Tamil Nadu,South,2022-11-20
1374,Robert Venkatesh,Male,59,Regular,Kochi,Kerala,South,2023-11-04
1375,Dhriti Anne,Male,53,New,Hyderabad,Telangana,South,2023-03-23
1376,Advik Sabharwal,Female,27,Premium,Chandigarh,Chandigarh,North,2024-11-25
1377,Sanaya Panchal,Female,44,Regular,Jaipur,Rajasthan,North,2022-01-09
1378,Zayan Hans,Female,27,Regular,Ranchi,Jharkhand,East,2022-08-19
1379,Dakshesh Kalla,Male,29,Regular,Bengaluru,Karnataka,South,2021-09-15
1380,Jagdish Chadha,Female,56,Regular,Amritsar,Punjab,North,2026-04-16
1381,Keya Goyal,Male,32,New,Coimbatore,Tamil Nadu,South,2025-10-26
1382,Zehaan Menon,Male,62,Regular,Jaipur,Rajasthan,North,2026-01-06
1383,Sudiksha Malhotra,Female,63,Premium,Pune,Maharashtra,West,2023-11-15
1384,Aarini Edwin,Female,49,New,Bhubaneswar,Odisha,East,2025-05-20
1385,David Raja,Male,30,Regular,Pune,Maharashtra,West,2025-06-10
1386,Aarna Lanka,Female,18,New,Bengaluru,Karnataka,South,2023-06-24
1387,Vyanjana Iyer,Male,65,Regular,Ranchi,Jharkhand,East,2022-06-05
1388,Vyanjana Chopra,Male,29,New,Chennai,Tamil Nadu,South,2024-08-03
1389,Tejas Cherian,Female,62,Premium,Indore,Madhya Pradesh,West,2022-04-03
1390,Harshil Banerjee,Male,45,Regular,Ranchi,Jharkhand,East,2026-02-06
1391,Sanaya Bahl,Female,64,New,Mumbai,Maharashtra,West,2021-11-25
1392,Aadi Barad,Male,51,New,Ranchi,Jharkhand,East,2026-01-07
1393,Max Narayan,Female,20,New,Lucknow,Uttar Pradesh,North,2024-11-10
1394,Yutika Swaminathan,Female,65,Regular,Coimbatore,Tamil Nadu,South,2026-01-22
1395,Ekaraj Zachariah,Female,51,New,Amritsar,Punjab,North,2023-12-05
1396,Vasatika Dara,Female,46,Regular,Chandigarh,Chandigarh,North,2022-08-31
1397,Gauri Mitter,Female,47,Regular,Ahmedabad,Gujarat,West,2024-05-16
1398,Jasmit Warrior,Female,57,New,Kochi,Kerala,South,2023-07-16
1399,Faris Sharaf,Male,47,Regular,Amritsar,Punjab,North,2025-10-21
1400,Samaksh Goda,Male,29,Regular,Mumbai,Maharashtra,West,2025-05-04
1401,Rayaan Mistry,Female,38,New,Kochi,Kerala,South,2024-04-23
1402,Jagrati Sur,Male,47,New,Mumbai,Maharashtra,West,2025-01-06
1403,Ranveer Dey,Male,34,New,Kochi,Kerala,South,2021-12-17
1404,William Suresh,Male,23,Regular,Bhubaneswar,Odisha,East,2021-09-18
1405,Xalak Walla,Female,23,Regular,Lucknow,Uttar Pradesh,North,2023-06-25
1406,Amol Bansal,Male,42,Regular,Indore,Madhya Pradesh,West,2026-05-12
1407,Brijesh Ravi,Male,39,Regular,Mumbai,Maharashtra,West,2023-03-26
1408,Manthan Kaul,Male,29,Regular,Chennai,Tamil Nadu,South,2022-02-15
1409,Lohit Suresh,Female,37,Regular,Lucknow,Uttar Pradesh,North,2026-02-28
1410,Chakradev Kibe,Male,25,Premium,Ahmedabad,Gujarat,West,2024-10-21
1411,Akshay Gera,Male,57,New,Chennai,Tamil Nadu,South,2025-01-16
1412,Gunbir Shan,Female,49,New,Kolkata,West Bengal,East,2024-09-12
1413,Hitesh Comar,Male,56,New,Indore,Madhya Pradesh,West,2024-08-04
1414,Dev Jain,Male,55,New,Pune,Maharashtra,West,2024-01-09
1415,Ekta Dara,Female,46,Regular,Surat,Gujarat,West,2023-09-01
1416,Ekanta Kala,Male,33,Premium,Amritsar,Punjab,North,2026-06-01
1417,Gautami Bhatnagar,Male,21,New,Guwahati,Assam,East,2025-05-11
1418,Ojasvi Ganguly,Male,59,New,Chennai,Tamil Nadu,South,2022-02-20
1419,Reva Kohli,Male,20,Regular,Kolkata,West Bengal,East,2025-01-07
1420,Kiaan Chaudhry,Male,21,Premium,Patna,Bihar,East,2026-03-02
1421,Nakul Babu,Male,28,New,Lucknow,Uttar Pradesh,North,2025-06-29
1422,Abeer Amble,Male,47,Regular,Guwahati,Assam,East,2025-12-08
1423,Bhanumati Saha,Male,37,New,Kolkata,West Bengal,East,2022-06-07
1424,Jonathan Jhaveri,Female,22,New,Patna,Bihar,East,2025-01-02
1425,Shravya Sabharwal,Male,36,Premium,Indore,Madhya Pradesh,West,2022-04-02
1426,Baljiwan Gole,Male,62,Premium,Pune,Maharashtra,West,2022-09-25
1427,Charvi Pall,Female,51,New,Patna,Bihar,East,2025-02-14
1428,Rehaan Dalal,Male,24,Premium,Chennai,Tamil Nadu,South,2023-08-19
1429,Janaki Zacharia,Female,45,Regular,Lucknow,Uttar Pradesh,North,2026-06-21
1430,Sathvik Malhotra,Female,26,Premium,Patna,Bihar,East,2024-01-28
1431,Manthan Som,Female,49,Regular,Indore,Madhya Pradesh,West,2021-10-19
1432,Caleb Bhagat,Male,63,Regular,Coimbatore,Tamil Nadu,South,2024-01-09
1433,Shaurya Saran,Male,25,Regular,Bhubaneswar,Odisha,East,2024-10-05
1434,Caleb Chawla,Male,65,Regular,Lucknow,Uttar Pradesh,North,2022-10-17
1435,Nakul Balakrishnan,Female,44,New,Coimbatore,Tamil Nadu,South,2025-03-28
1436,Ekavir Keer,Female,53,New,Jaipur,Rajasthan,North,2023-12-18
1437,Oni Issac,Male,62,New,Bengaluru,Karnataka,South,2025-02-22
1438,Victor Choudhary,Male,37,Regular,Patna,Bihar,East,2025-04-09
1439,Warjas Sachar,Female,18,New,Guwahati,Assam,East,2023-03-02
1440,Thomas Borah,Female,43,Regular,Jaipur,Rajasthan,North,2025-11-20
1441,Chatura Sarin,Male,39,Premium,Chandigarh,Chandigarh,North,2023-11-22
1442,Pranav Ram,Female,20,New,Ranchi,Jharkhand,East,2022-04-05
1443,Rishi Parmer,Male,58,Regular,Kochi,Kerala,South,2023-05-28
1444,Gautami Datta,Female,47,Regular,Indore,Madhya Pradesh,West,2026-06-01
1445,Avni Deshpande,Female,54,Premium,Mumbai,Maharashtra,West,2021-09-11
1446,Tara Sahota,Male,31,New,Guwahati,Assam,East,2022-02-02
1447,Thomas Merchant,Male,27,Regular,Patna,Bihar,East,2022-05-23
1448,Victor Chadha,Female,42,Regular,Kolkata,West Bengal,East,2024-07-21
1449,Tarak Solanki,Female,29,Premium,Coimbatore,Tamil Nadu,South,2023-08-06
1450,Akshay Sangha,Female,63,Regular,Jaipur,Rajasthan,North,2025-09-21
1451,Yug Narang,Female,23,Regular,Jaipur,Rajasthan,North,2025-03-20
1452,Manthan Ahluwalia,Female,46,Regular,Pune,Maharashtra,West,2023-09-16
1453,Banjeet Singhal,Female,29,Premium,Bhubaneswar,Odisha,East,2023-08-17
1454,Pavani Wali,Male,30,Regular,Jaipur,Rajasthan,North,2025-03-16
1455,Sneha Tandon,Male,48,New,Lucknow,Uttar Pradesh,North,2023-07-05
1456,Niharika Kamdar,Female,48,Premium,Chennai,Tamil Nadu,South,2022-09-27
1457,William Chana,Male,24,Regular,Patna,Bihar,East,2022-03-14
1458,Neel Sharaf,Male,47,Regular,Chennai,Tamil Nadu,South,2021-08-13
1459,Suhani Sheth,Male,18,New,Indore,Madhya Pradesh,West,2025-10-29
1460,Qasim Prabhakar,Male,39,Regular,Kolkata,West Bengal,East,2025-05-25
1461,Ekavir Rajan,Male,51,Regular,Mumbai,Maharashtra,West,2024-09-02
1462,Bachittar Minhas,Female,58,Regular,Kolkata,West Bengal,East,2026-01-02
1463,Sarthak Buch,Male,30,New,Hyderabad,Telangana,South,2023-09-01
1464,Christopher Varma,Female,46,Regular,Patna,Bihar,East,2024-08-21
1465,Charan Choudhry,Male,28,Premium,Jaipur,Rajasthan,North,2026-04-07
1466,Banjeet Pau,Male,57,New,Kolkata,West Bengal,East,2023-06-14
1467,Samarth Devi,Female,53,Premium,Chandigarh,Chandigarh,North,2023-05-15
1468,Ishaan Sridhar,Male,63,Regular,Patna,Bihar,East,2026-06-11
1469,Umang Nagi,Male,28,Premium,Guwahati,Assam,East,2025-03-23
1470,Yahvi Sampath,Female,52,Regular,Jaipur,Rajasthan,North,2023-04-20
1471,Kashish Pai,Male,19,Regular,Mumbai,Maharashtra,West,2022-12-03
1472,Upma Wali,Male,42,Regular,Mumbai,Maharashtra,West,2023-10-19
1473,Siya Pillai,Female,43,Premium,Delhi,Delhi,North,2024-12-05
1474,Raghav Shankar,Female,57,Regular,Coimbatore,Tamil Nadu,South,2025-07-15
1475,Praneel Mani,Female,30,New,Patna,Bihar,East,2021-12-21
1476,Ikbal Gala,Male,23,Regular,Lucknow,Uttar Pradesh,North,2026-04-30
1477,Watika Dora,Female,37,Regular,Mumbai,Maharashtra,West,2022-12-01
1478,Chaaya Saha,Male,32,Regular,Surat,Gujarat,West,2025-11-29
1479,Urvi Palan,Female,41,Regular,Coimbatore,Tamil Nadu,South,2026-05-21
1480,Bishakha Gulati,Female,38,Regular,Pune,Maharashtra,West,2023-08-21
1481,Zinal Nayak,Male,22,Regular,Surat,Gujarat,West,2021-11-07
1482,Eta Sunder,Female,48,New,Mumbai,Maharashtra,West,2023-08-06
1483,Tanvi Modi,Female,40,Regular,Pune,Maharashtra,West,2024-07-03
1484,Onveer Lad,Male,43,New,Coimbatore,Tamil Nadu,South,2024-05-16
1485,Bhavya Batta,Male,37,New,Jaipur,Rajasthan,North,2022-09-02
1486,Tamanna Ganesan,Female,33,Regular,Surat,Gujarat,West,2022-04-12
1487,Bhavika Gopal,Male,48,Regular,Coimbatore,Tamil Nadu,South,2024-08-18
1488,Neel Khanna,Female,31,Regular,Mumbai,Maharashtra,West,2026-05-28
1489,Jonathan Sastry,Female,52,Regular,Surat,Gujarat,West,2022-02-13
1490,Samesh Banerjee,Male,65,Regular,Chennai,Tamil Nadu,South,2022-11-02
1491,Manbir Pradhan,Female,38,New,Mumbai,Maharashtra,West,2024-11-11
1492,Charvi Dara,Male,37,Regular,Lucknow,Uttar Pradesh,North,2023-10-12
1493,Xalak Dhillon,Male,61,New,Mumbai,Maharashtra,West,2026-02-20
1494,Nachiket Agrawal,Female,59,New,Ahmedabad,Gujarat,West,2026-04-11
1495,Chakrika Som,Male,26,Regular,Delhi,Delhi,North,2026-05-22
1496,Riya Nigam,Male,46,Regular,Chandigarh,Chandigarh,North,2026-01-06
1497,Banjeet Dewan,Female,30,Regular,Ranchi,Jharkhand,East,2024-12-25
1498,Darika Bakshi,Female,54,Regular,Hyderabad,Telangana,South,2024-12-04
1499,Sanaya Parikh,Female,23,Regular,Ranchi,Jharkhand,East,2023-07-18
1500,Robert Vyas,Female,26,Premium,Amritsar,Punjab,North,2021-12-30
1501,Rohan Bajaj,Female,53,Regular,Kolkata,West Bengal,East,2022-08-24
1502,Gagan Vala,Female,25,Regular,Delhi,Delhi,North,2021-12-14
1503,Eesha Vaidya,Male,45,New,Kolkata,West Bengal,East,2023-07-05
1504,Mitali Divan,Female,43,New,Ahmedabad,Gujarat,West,2026-04-03
1505,Kala Raju,Male,60,Regular,Surat,Gujarat,West,2025-02-12
1506,Hemani Panchal,Male,30,Regular,Kochi,Kerala,South,2023-05-27
1507,Gagan Kale,Female,27,Regular,Ahmedabad,Gujarat,West,2023-01-28
1508,Ojasvi Savant,Male,18,Regular,Bhubaneswar,Odisha,East,2025-03-05
1509,Oeshi Dewan,Male,64,Regular,Delhi,Delhi,North,2022-12-24
1510,Maanas Johal,Male,23,Regular,Surat,Gujarat,West,2025-09-18
1511,Dominic Prashad,Female,62,Regular,Kochi,Kerala,South,2023-01-20
1512,Anjali Sachdeva,Male,47,Regular,Indore,Madhya Pradesh,West,2021-12-23
1513,Laksh Iyengar,Female,42,Premium,Indore,Madhya Pradesh,West,2022-05-30
1514,Bimala Swaminathan,Male,45,New,Bhubaneswar,Odisha,East,2022-06-19
1515,Daksha Tak,Female,64,New,Amritsar,Punjab,North,2021-09-30
1516,Udarsh Bala,Female,44,New,Coimbatore,Tamil Nadu,South,2024-05-01
1517,Adweta Mital,Male,54,Regular,Kolkata,West Bengal,East,2025-06-29
1518,Jeet Mani,Male,55,Premium,Ahmedabad,Gujarat,West,2026-04-26
1519,Yash Balakrishnan,Male,64,New,Mumbai,Maharashtra,West,2023-08-16
1520,Waida Bhavsar,Male,51,Premium,Ranchi,Jharkhand,East,2022-02-18
1521,Vasana Sarin,Female,58,New,Chandigarh,Chandigarh,North,2024-07-13
1522,Jagdish Prakash,Female,57,Premium,Amritsar,Punjab,North,2025-11-17
1523,Aashi Gaba,Male,48,Regular,Jaipur,Rajasthan,North,2024-02-06
1524,Ekaja Shenoy,Female,54,New,Indore,Madhya Pradesh,West,2024-06-11
1525,Ishanvi Gade,Female,36,Regular,Ranchi,Jharkhand,East,2025-12-05
1526,Oni Parekh,Male,62,New,Bhubaneswar,Odisha,East,2021-10-19
1527,Faraj Varkey,Female,21,New,Guwahati,Assam,East,2021-10-12
1528,Girindra Ganesh,Male,54,New,Indore,Madhya Pradesh,West,2022-07-04
1529,Charvi Madan,Male,36,Regular,Jaipur,Rajasthan,North,2024-04-03
1530,Gopal Warrior,Male,50,Regular,Mumbai,Maharashtra,West,2024-12-18
1531,Agastya Devan,Female,26,New,Jaipur,Rajasthan,North,2024-06-08
1532,Vedhika Sabharwal,Female,18,Regular,Patna,Bihar,East,2024-02-16
1533,Harsh Kamdar,Male,55,Regular,Amritsar,Punjab,North,2023-03-28
1534,Raghav Vora,Female,29,New,Kochi,Kerala,South,2022-04-23
1535,Omisha Sharma,Female,29,Regular,Bhubaneswar,Odisha,East,2025-10-07
1536,Karan Badal,Male,27,New,Jaipur,Rajasthan,North,2026-02-12
1537,Janani Dewan,Female,42,New,Kochi,Kerala,South,2023-12-08
1538,Orinder Modi,Male,31,Regular,Kochi,Kerala,South,2025-08-15
1539,Tristan Dave,Female,25,New,Kolkata,West Bengal,East,2021-09-05
1540,Utkarsh Mohanty,Female,43,Regular,Chandigarh,Chandigarh,North,2025-10-27
1541,Farhan Sandal,Female,65,Regular,Ahmedabad,Gujarat,West,2022-03-01
1542,Faras Bahl,Female,48,New,Kochi,Kerala,South,2024-12-28
1543,Brijesh Hegde,Female,18,Regular,Bhubaneswar,Odisha,East,2025-05-30
1544,Upasna Dani,Female,61,New,Ranchi,Jharkhand,East,2022-01-27
1545,Dominic Mitra,Male,24,Premium,Guwahati,Assam,East,2026-01-29
1546,Jatin Jha,Female,39,Regular,Ranchi,Jharkhand,East,2024-11-15
1547,Qasim Panchal,Male,34,Regular,Patna,Bihar,East,2024-06-22
1548,Arunima Pall,Male,64,Regular,Surat,Gujarat,West,2021-09-06
1549,Yashasvi Bir,Female,61,New,Coimbatore,Tamil Nadu,South,2023-04-19
1550,Teerth Handa,Male,61,Regular,Hyderabad,Telangana,South,2022-01-12
1551,Aayush Chaudhary,Male,44,Premium,Delhi,Delhi,North,2026-05-11
1552,Jeevika Goyal,Male,61,Regular,Amritsar,Punjab,North,2026-02-27
1553,Pratyush Pant,Male,64,Regular,Ahmedabad,Gujarat,West,2023-09-26
1554,Tanish Varkey,Male,20,Premium,Patna,Bihar,East,2026-06-11
1555,Dipta Dasgupta,Male,21,New,Amritsar,Punjab,North,2022-09-03
1556,Warhi Patel,Male,63,New,Coimbatore,Tamil Nadu,South,2023-11-13
1557,Fitan Narang,Male,42,Regular,Delhi,Delhi,North,2025-01-22
1558,Bhanumati Shan,Male,34,Regular,Bengaluru,Karnataka,South,2024-01-03
1559,Sachi Kara,Male,58,Regular,Ranchi,Jharkhand,East,2024-07-15
1560,Priya Gulati,Female,62,Premium,Ahmedabad,Gujarat,West,2024-04-22
1561,Jhalak Gola,Male,22,Regular,Patna,Bihar,East,2025-10-27
1562,Henry Randhawa,Female,42,New,Kolkata,West Bengal,East,2021-08-07
1563,Jagdish Dhar,Female,34,Regular,Kolkata,West Bengal,East,2023-09-23
1564,Om Bhattacharyya,Male,49,New,Kochi,Kerala,South,2023-07-06
1565,Hamsini Iyer,Female,29,Regular,Coimbatore,Tamil Nadu,South,2023-05-10
1566,Jason Kaul,Male,52,Regular,Mumbai,Maharashtra,West,2024-07-05
1567,Arya Mahajan,Male,46,Regular,Pune,Maharashtra,West,2025-09-23
1568,Ishani Soni,Male,22,New,Kolkata,West Bengal,East,2025-04-26
1569,Vedhika Vaidya,Female,46,Regular,Amritsar,Punjab,North,2024-11-14
1570,Hritik Das,Male,59,Regular,Lucknow,Uttar Pradesh,North,2022-12-06
1571,Vihaan Desai,Female,35,Regular,Delhi,Delhi,North,2022-10-16
1572,Ekansh Tara,Female,54,New,Hyderabad,Telangana,South,2021-09-07
1573,Lavanya Narain,Female,48,Regular,Amritsar,Punjab,North,2024-12-04
1574,Faraj Venkatesh,Male,52,Premium,Surat,Gujarat,West,2022-04-20
1575,Saksham Memon,Female,62,New,Bengaluru,Karnataka,South,2025-05-17
1576,Yamini Lal,Female,39,New,Mumbai,Maharashtra,West,2024-11-05
1577,Azad Sani,Male,58,New,Ranchi,Jharkhand,East,2024-04-01
1578,Leela Sengupta,Female,23,Regular,Jaipur,Rajasthan,North,2025-12-08
1579,Saanvi Sharaf,Male,29,Regular,Ahmedabad,Gujarat,West,2023-02-09
1580,Chavvi Gala,Male,37,Regular,Lucknow,Uttar Pradesh,North,2021-09-18
1581,Devika Ramachandran,Female,49,New,Mumbai,Maharashtra,West,2023-12-29
1582,Vritti Zacharia,Male,26,Regular,Lucknow,Uttar Pradesh,North,2023-12-22
1583,Naksh Toor,Male,64,Regular,Chandigarh,Chandigarh,North,2024-05-25
1584,Warda Purohit,Female,22,Regular,Kochi,Kerala,South,2021-10-24
1585,Bhavani Nagi,Female,19,Premium,Ranchi,Jharkhand,East,2024-08-15
1586,Kabir Peri,Male,39,New,Jaipur,Rajasthan,North,2021-11-04
1587,Harita Rai,Male,31,Regular,Lucknow,Uttar Pradesh,North,2023-04-13
1588,Ishanvi Sabharwal,Male,65,Regular,Indore,Madhya Pradesh,West,2022-01-08
1589,Yug Keer,Male,65,Regular,Bengaluru,Karnataka,South,2023-04-17
1590,Dominic Mody,Male,48,Regular,Kochi,Kerala,South,2024-10-11
1591,Anmol Yohannan,Male,18,Regular,Chandigarh,Chandigarh,North,2022-02-09
1592,Pahal Varma,Female,24,Premium,Bengaluru,Karnataka,South,2023-03-02
1593,Anmol Singh,Male,55,New,Indore,Madhya Pradesh,West,2026-01-16
1594,Krishna Ramakrishnan,Male,49,New,Delhi,Delhi,North,2024-06-23
1595,Vrinda Chaudhry,Male,45,Regular,Bengaluru,Karnataka,South,2023-02-24
1596,Gayathri Taneja,Female,25,Regular,Ranchi,Jharkhand,East,2024-12-28
1597,Ojas Mistry,Male,20,New,Hyderabad,Telangana,South,2024-01-19
1598,Saksham Taneja,Male,25,New,Hyderabad,Telangana,South,2023-05-09
1599,Tanish Mani,Female,28,New,Bhubaneswar,Odisha,East,2024-09-17
1600,Neelima Kara,Male,46,Premium,Guwahati,Assam,East,2022-11-11
1601,Girish Nayar,Male,26,New,Coimbatore,Tamil Nadu,South,2024-08-29
1602,Prisha Kadakia,Female,28,New,Amritsar,Punjab,North,2022-11-26
1603,Chasmum Thaman,Male,18,New,Lucknow,Uttar Pradesh,North,2023-04-10
1604,Dhriti Iyengar,Male,63,Regular,Chandigarh,Chandigarh,North,2025-07-23
1605,Yutika Setty,Female,62,New,Ranchi,Jharkhand,East,2023-08-10
1606,Anirudh Varty,Male,58,Regular,Chennai,Tamil Nadu,South,2024-11-22
1607,Tanay Sibal,Female,44,New,Guwahati,Assam,East,2025-11-07
1608,Darpan Vig,Male,56,Regular,Chennai,Tamil Nadu,South,2022-11-16
1609,Manbir Khosla,Male,58,New,Kochi,Kerala,South,2022-07-16
1610,Radhika Roy,Female,18,Regular,Patna,Bihar,East,2022-04-15
1611,Samar Sachar,Male,51,Premium,Chennai,Tamil Nadu,South,2023-02-17
1612,Naveen Kunda,Female,52,Regular,Amritsar,Punjab,North,2022-11-14
1613,Nidra Khare,Male,35,Regular,Kochi,Kerala,South,2024-12-20
1614,Ayaan Korpal,Male,27,New,Chandigarh,Chandigarh,North,2022-02-07
1615,Ucchal Sunder,Male,28,New,Surat,Gujarat,West,2025-07-10
1616,Pahal Bansal,Female,36,Regular,Delhi,Delhi,North,2024-05-02
1617,Laban Balakrishnan,Female,39,Premium,Kochi,Kerala,South,2022-07-19
1618,Patrick Basak,Male,65,Regular,Mumbai,Maharashtra,West,2022-10-30
1619,Anmol Bhakta,Male,28,Regular,Amritsar,Punjab,North,2026-05-10
1620,Dipta Misra,Male,22,Regular,Lucknow,Uttar Pradesh,North,2025-11-01
1621,Januja Chana,Female,44,Regular,Kochi,Kerala,South,2025-11-15
1622,Warinder Choudhury,Male,25,New,Hyderabad,Telangana,South,2023-07-10
1623,Zayan Taneja,Male,33,Regular,Bhubaneswar,Odisha,East,2024-05-23
1624,Jason Munshi,Female,32,Premium,Pune,Maharashtra,West,2025-12-17
1625,Warinder Sampath,Female,21,New,Lucknow,Uttar Pradesh,North,2023-03-08
1626,Parth Kala,Male,57,Regular,Pune,Maharashtra,West,2022-08-17
1627,Nilima Kumar,Female,41,New,Pune,Maharashtra,West,2026-05-22
1628,Vritti Walla,Male,58,Regular,Kochi,Kerala,South,2025-11-07
1629,Edhitha Sampath,Male,39,New,Patna,Bihar,East,2023-05-30
1630,Arunima Dhillon,Male,35,Regular,Bengaluru,Karnataka,South,2023-11-29
1631,Darika Bail,Female,47,Regular,Bengaluru,Karnataka,South,2023-05-09
1632,Chatura Khatri,Female,32,New,Pune,Maharashtra,West,2024-10-06
1633,Dayamai Patil,Male,58,Regular,Guwahati,Assam,East,2022-10-20
1634,Warjas Savant,Male,23,Regular,Coimbatore,Tamil Nadu,South,2026-01-20
1635,Aadhya Mitra,Female,31,Premium,Indore,Madhya Pradesh,West,2023-06-24
1636,Chameli Kade,Female,18,New,Surat,Gujarat,West,2021-12-26
1637,Reva Nadig,Male,38,Regular,Pune,Maharashtra,West,2025-11-01
1638,Bahadurjit Mahal,Male,55,New,Indore,Madhya Pradesh,West,2025-12-07
1639,Urishilla Sachar,Male,44,Premium,Coimbatore,Tamil Nadu,South,2025-11-13
1640,Pahal Chaudhry,Female,64,Premium,Delhi,Delhi,North,2026-03-03
1641,Yashawini Bhatti,Female,48,Regular,Lucknow,Uttar Pradesh,North,2025-08-29
1642,Sudiksha Bala,Female,33,Regular,Lucknow,Uttar Pradesh,North,2023-04-18
1643,Sachi Deshpande,Male,62,Regular,Amritsar,Punjab,North,2025-05-07
1644,Dalaja Murthy,Male,40,Regular,Pune,Maharashtra,West,2021-07-20
1645,Nakul Krish,Male,19,New,Bhubaneswar,Odisha,East,2024-06-01
1646,Nirja Nagarajan,Male,63,Regular,Ahmedabad,Gujarat,West,2024-02-13
1647,Abha Ghose,Male,47,New,Indore,Madhya Pradesh,West,2023-10-17
1648,Baghyawati Issac,Female,29,Regular,Pune,Maharashtra,West,2024-12-22
1649,Qabil Ramaswamy,Male,58,Regular,Ranchi,Jharkhand,East,2021-12-16
1650,Ansh Bajaj,Female,51,Regular,Lucknow,Uttar Pradesh,North,2025-12-02
1651,Gaurav Shere,Female,35,New,Jaipur,Rajasthan,North,2026-02-25
1652,Chandran Rattan,Female,65,New,Bengaluru,Karnataka,South,2022-07-12
1653,Manthan Chakraborty,Female,21,New,Amritsar,Punjab,North,2024-08-17
1654,Jacob Atwal,Female,47,Regular,Lucknow,Uttar Pradesh,North,2026-04-30
1655,Sudiksha Talwar,Female,29,New,Jaipur,Rajasthan,North,2025-02-16
1656,Rayaan Lata,Male,26,Premium,Amritsar,Punjab,North,2022-02-16
1657,Lavanya De,Male,59,Regular,Bhubaneswar,Odisha,East,2022-12-23
1658,Tanveer Mandal,Male,65,New,Indore,Madhya Pradesh,West,2023-09-11
1659,Omya Gole,Female,35,Regular,Hyderabad,Telangana,South,2025-03-03
1660,Ayush Mannan,Male,22,Regular,Ahmedabad,Gujarat,West,2023-07-31
1661,Shravya Kothari,Female,49,Regular,Patna,Bihar,East,2026-06-02
1662,Frederick Anne,Female,46,Regular,Lucknow,Uttar Pradesh,North,2023-05-21
1663,Mitali Kala,Male,47,Premium,Kolkata,West Bengal,East,2023-11-18
1664,Aahana Bora,Female,29,Regular,Delhi,Delhi,North,2025-02-07
1665,Charles Natarajan,Male,28,Premium,Kolkata,West Bengal,East,2022-01-05
1666,Irya Bath,Male,49,Premium,Kolkata,West Bengal,East,2026-03-12
1667,Chasmum Rana,Male,36,New,Chennai,Tamil Nadu,South,2021-07-24
1668,Benjamin Gola,Male,48,Premium,Indore,Madhya Pradesh,West,2024-11-22
1669,Harinakshi Sidhu,Female,65,New,Ranchi,Jharkhand,East,2022-11-02
1670,Rachita Dhar,Male,22,Regular,Jaipur,Rajasthan,North,2022-03-13
1671,Chaitanya Datta,Female,44,Regular,Chandigarh,Chandigarh,North,2022-11-02
1672,Jalsa Sani,Female,55,Premium,Patna,Bihar,East,2024-01-13
1673,Aishani Varughese,Female,54,Premium,Surat,Gujarat,West,2022-12-13
1674,Diya Swamy,Male,34,Regular,Hyderabad,Telangana,South,2023-02-06
1675,Ria Bera,Female,36,Regular,Kochi,Kerala,South,2025-05-10
1676,Victor Goswami,Female,36,New,Chandigarh,Chandigarh,North,2022-06-25
1677,Nihal Sibal,Male,63,New,Pune,Maharashtra,West,2021-09-18
1678,Banjeet Sathe,Male,63,Regular,Bhubaneswar,Odisha,East,2023-09-20
1679,Tanvi Tailor,Male,25,New,Chennai,Tamil Nadu,South,2023-04-27
1680,Jatin Palla,Male,46,Regular,Jaipur,Rajasthan,North,2022-02-05
1681,Pranit Ganguly,Male,31,New,Patna,Bihar,East,2022-01-01
1682,Simon Agrawal,Female,27,Premium,Jaipur,Rajasthan,North,2025-04-15
1683,Omaja Bose,Male,52,Regular,Ranchi,Jharkhand,East,2024-03-02
1684,Girindra Narasimhan,Male,43,Regular,Kolkata,West Bengal,East,2022-10-07
1685,Meera Prakash,Female,38,New,Pune,Maharashtra,West,2021-08-31
1686,Ekiya Dube,Female,59,Premium,Bengaluru,Karnataka,South,2024-06-27
1687,Varsha Setty,Female,54,Premium,Ranchi,Jharkhand,East,2021-09-05
1688,Abdul Narayan,Female,39,Regular,Coimbatore,Tamil Nadu,South,2024-09-05
1689,Ekta Dayal,Male,26,Regular,Lucknow,Uttar Pradesh,North,2026-05-21
1690,Barkha Naidu,Male,43,Regular,Jaipur,Rajasthan,North,2022-08-05
1691,Lakshmi Chanda,Female,23,New,Kochi,Kerala,South,2025-07-12
1692,Wriddhish Rastogi,Male,55,Regular,Kolkata,West Bengal,East,2023-07-13
1693,Nicholas Rama,Male,19,Regular,Hyderabad,Telangana,South,2021-12-24
1694,Mitesh Dara,Female,61,New,Amritsar,Punjab,North,2025-06-08
1695,Dayita Deep,Female,30,Regular,Amritsar,Punjab,North,2023-01-11
1696,Jhalak Vala,Male,60,New,Ahmedabad,Gujarat,West,2023-05-01
1697,Lipika Soni,Male,63,New,Ranchi,Jharkhand,East,2022-07-15
1698,Gautam Sami,Female,41,New,Ahmedabad,Gujarat,West,2022-11-17
1699,Radha Sandhu,Female,40,Premium,Jaipur,Rajasthan,North,2025-08-04
1700,Ubika Kapur,Male,31,Regular,Ranchi,Jharkhand,East,2021-12-31
1701,Warhi Vyas,Female,36,Premium,Surat,Gujarat,West,2024-10-10
1702,Bina Sidhu,Female,26,Regular,Kochi,Kerala,South,2024-09-07
1703,Charita Dixit,Male,37,New,Chandigarh,Chandigarh,North,2023-09-22
1704,Yuvraj Virk,Female,22,Regular,Indore,Madhya Pradesh,West,2026-06-17
1705,Faraj Bath,Male,44,Regular,Mumbai,Maharashtra,West,2023-09-04
1706,Nitara Chandra,Male,53,New,Ranchi,Jharkhand,East,2024-02-08
1707,Isha Kumar,Male,30,Regular,Indore,Madhya Pradesh,West,2023-11-10
1708,Ishaan Shere,Female,53,New,Kochi,Kerala,South,2024-06-18
1709,Maya Bath,Female,55,Regular,Mumbai,Maharashtra,West,2022-06-08
1710,Dipta Sha,Female,32,Regular,Ranchi,Jharkhand,East,2021-12-14
1711,Alka Om,Male,34,New,Delhi,Delhi,North,2025-04-28
1712,Siddharth Goyal,Male,59,New,Ranchi,Jharkhand,East,2026-05-16
1713,Hitesh Saraf,Male,49,Regular,Ranchi,Jharkhand,East,2021-12-04
1714,Megha Dada,Male,35,Regular,Bengaluru,Karnataka,South,2024-03-17
1715,Triveni Ravel,Female,55,New,Mumbai,Maharashtra,West,2021-08-08
1716,Chavvi Patel,Female,34,Premium,Indore,Madhya Pradesh,West,2025-11-18
1717,Chasmum Chahal,Female,50,New,Mumbai,Maharashtra,West,2024-12-27
1718,Rayaan Choudhury,Male,55,Regular,Jaipur,Rajasthan,North,2022-02-28
1719,Avi Kadakia,Female,47,Premium,Chandigarh,Chandigarh,North,2025-08-13
1720,Wyatt Sarin,Male,21,New,Hyderabad,Telangana,South,2023-12-11
1721,Gabriel Mitra,Female,58,New,Patna,Bihar,East,2025-09-30
1722,Urvi Sami,Female,36,New,Kolkata,West Bengal,East,2025-05-21
1723,Michael Saxena,Male,58,New,Amritsar,Punjab,North,2021-08-23
1724,Anmol Sengupta,Male,52,New,Bengaluru,Karnataka,South,2026-05-10
1725,Chaitaly Ramanathan,Female,35,Regular,Patna,Bihar,East,2024-06-18
1726,Harshil Sankaran,Female,27,New,Kolkata,West Bengal,East,2021-10-16
1727,Bina Bansal,Female,41,Regular,Chandigarh,Chandigarh,North,2026-06-08
1728,Yochana Sura,Female,28,Premium,Surat,Gujarat,West,2023-12-22
1729,Anirudh Sami,Male,50,Regular,Chandigarh,Chandigarh,North,2022-09-11
1730,Amrita Sahni,Male,44,Regular,Chennai,Tamil Nadu,South,2024-06-02
1731,Warda Palan,Male,26,New,Mumbai,Maharashtra,West,2025-12-25
1732,Ansh Edwin,Female,37,Regular,Lucknow,Uttar Pradesh,North,2023-10-12
1733,Upasna Padmanabhan,Female,56,Regular,Bhubaneswar,Odisha,East,2022-12-23
1734,Harinakshi Sidhu,Female,19,Regular,Bhubaneswar,Odisha,East,2023-09-23
1735,Madhavi Saha,Male,62,New,Chandigarh,Chandigarh,North,2022-03-11
1736,Urmi Edwin,Female,26,Premium,Chennai,Tamil Nadu,South,2025-09-14
1737,Gabriel Subramanian,Male,45,Regular,Chennai,Tamil Nadu,South,2024-08-24
1738,Naksh Swamy,Male,48,New,Delhi,Delhi,North,2022-03-07
1739,Wakeeta Mitter,Male,24,Regular,Mumbai,Maharashtra,West,2022-01-15
1740,Andrew Parmer,Male,48,Regular,Amritsar,Punjab,North,2022-09-16
1741,Nathan Ghosh,Male,22,Regular,Jaipur,Rajasthan,North,2025-12-10
1742,Devansh Nazareth,Male,25,Regular,Kolkata,West Bengal,East,2025-09-04
1743,Jai Kapur,Male,29,Regular,Coimbatore,Tamil Nadu,South,2023-09-09
1744,Isha Batra,Male,27,New,Kolkata,West Bengal,East,2023-12-20
1745,Matthew Varma,Female,40,Regular,Guwahati,Assam,East,2025-05-21
1746,Chandresh Sarma,Male,50,Regular,Coimbatore,Tamil Nadu,South,2024-07-23
1747,Hitesh Chaudry,Male,51,New,Delhi,Delhi,North,2025-07-13
1748,Yashica Cheema,Female,28,New,Chennai,Tamil Nadu,South,2025-08-27
1749,Samesh Pathak,Male,50,Regular,Delhi,Delhi,North,2022-05-16
1750,Riya Toor,Male,46,New,Ahmedabad,Gujarat,West,2022-04-27
1751,Mitesh Patla,Female,42,Regular,Chandigarh,Chandigarh,North,2024-01-11
1752,Jason Jaggi,Male,44,New,Pune,Maharashtra,West,2023-03-18
1753,Abeer Korpal,Male,47,New,Jaipur,Rajasthan,North,2023-09-25
1754,Harita Mangat,Male,49,New,Amritsar,Punjab,North,2025-09-17
1755,Amaira Pradhan,Male,23,Premium,Patna,Bihar,East,2024-01-23
1756,Jalsa Korpal,Male,42,Regular,Ranchi,Jharkhand,East,2025-02-10
1757,Vedant Devi,Female,61,Premium,Ranchi,Jharkhand,East,2022-04-17
1758,Nimrat Shanker,Female,36,Regular,Pune,Maharashtra,West,2025-07-18
1759,Ayushman Savant,Male,48,New,Pune,Maharashtra,West,2026-04-19
1760,Zansi Boase,Male,61,Regular,Bhubaneswar,Odisha,East,2022-04-06
1761,Neelima Gala,Female,46,Regular,Mumbai,Maharashtra,West,2021-12-16
1762,Balhaar Dora,Male,43,Regular,Delhi,Delhi,North,2023-09-16
1763,Zinal Merchant,Male,65,New,Indore,Madhya Pradesh,West,2026-01-18
1764,Dipta Padmanabhan,Female,30,Regular,Bengaluru,Karnataka,South,2023-08-20
1765,Manan Raval,Female,25,New,Bhubaneswar,Odisha,East,2021-07-29
1766,Riya Pai,Female,35,New,Kochi,Kerala,South,2023-10-08
1767,Rudra Mitra,Female,48,Regular,Ranchi,Jharkhand,East,2025-12-22
1768,Madhavi Date,Female,27,Regular,Surat,Gujarat,West,2021-12-15
1769,Tanay Chander,Male,34,Regular,Mumbai,Maharashtra,West,2024-02-20
1770,Harini Dutta,Male,58,Regular,Surat,Gujarat,West,2024-02-04
1771,Wyatt Modi,Male,65,Regular,Bengaluru,Karnataka,South,2021-08-26
1772,Darpan Pradhan,Female,61,Regular,Delhi,Delhi,North,2025-03-03
1773,Jatin Batta,Female,56,Premium,Chandigarh,Chandigarh,North,2022-11-01
1774,Saumya Misra,Female,57,Premium,Bhubaneswar,Odisha,East,2025-04-27
1775,Sudiksha Nori,Female,47,Regular,Delhi,Delhi,North,2024-05-25
1776,Inaya Mistry,Female,49,New,Hyderabad,Telangana,South,2026-06-14
1777,Krishna Venkatesh,Female,52,Regular,Guwahati,Assam,East,2022-12-16
1778,Falak Varty,Female,25,Regular,Delhi,Delhi,North,2025-03-23
1779,Suhani Chaudhari,Female,42,New,Surat,Gujarat,West,2024-06-12
1780,Nisha Bumb,Male,20,Regular,Surat,Gujarat,West,2022-04-08
1781,Kalpit Soni,Female,63,New,Coimbatore,Tamil Nadu,South,2021-12-30
1782,Kala Vora,Female,26,Premium,Kochi,Kerala,South,2022-08-11
1783,Aishani Tara,Female,25,Regular,Ranchi,Jharkhand,East,2023-07-20
1784,Vrishti Saha,Female,48,Regular,Indore,Madhya Pradesh,West,2024-09-19
1785,Yashasvi Datta,Male,43,Regular,Coimbatore,Tamil Nadu,South,2025-08-28
1786,Kai Varghese,Female,57,Premium,Ranchi,Jharkhand,East,2023-12-17
1787,Simon Shah,Female,21,Regular,Patna,Bihar,East,2025-11-08
1788,Kala Dani,Male,26,Regular,Amritsar,Punjab,North,2023-11-26
1789,Imaran Dara,Male,58,New,Patna,Bihar,East,2024-07-18
1790,Banjeet Virk,Male,45,Regular,Ranchi,Jharkhand,East,2023-05-21
1791,Dalaja Prasad,Female,40,New,Patna,Bihar,East,2022-04-21
1792,Ayaan Dhar,Male,33,Regular,Chandigarh,Chandigarh,North,2023-01-20
1793,Chanakya Mody,Male,62,Regular,Guwahati,Assam,East,2022-03-31
1794,Qadim Suresh,Male,39,Regular,Jaipur,Rajasthan,North,2025-12-25
1795,Ekansh Basu,Female,20,New,Bengaluru,Karnataka,South,2021-07-18
1796,Sneha Nazareth,Female,35,New,Surat,Gujarat,West,2023-08-16
1797,Kevin Devi,Male,38,Regular,Lucknow,Uttar Pradesh,North,2025-06-11
1798,Shivani Sen,Female,38,New,Indore,Madhya Pradesh,West,2024-01-23
1799,Gaurav Rout,Male,62,New,Lucknow,Uttar Pradesh,North,2022-04-13
1800,Harinakshi Zachariah,Female,50,New,Hyderabad,Telangana,South,2023-06-22
1801,Arunima Chakrabarti,Female,41,Premium,Bhubaneswar,Odisha,East,2021-10-06
1802,Dayamai Dasgupta,Female,58,Regular,Pune,Maharashtra,West,2025-11-13
1803,Reyansh Bera,Male,36,Regular,Amritsar,Punjab,North,2024-10-03
1804,Vamakshi Thakkar,Female,54,New,Kolkata,West Bengal,East,2026-04-28
1805,Pranit Bahl,Male,63,New,Pune,Maharashtra,West,2026-01-08
1806,Yatan Sawhney,Female,35,Regular,Amritsar,Punjab,North,2022-11-29
1807,Neelima Bath,Female,45,Regular,Amritsar,Punjab,North,2021-12-16
1808,Harini Sarkar,Male,59,New,Hyderabad,Telangana,South,2023-12-29
1809,Edhitha Raja,Female,45,New,Guwahati,Assam,East,2022-06-09
1810,Hardik Ganguly,Female,43,New,Bhubaneswar,Odisha,East,2022-10-27
1811,Aadhya Chakraborty,Female,60,Regular,Guwahati,Assam,East,2022-12-18
1812,Omkaar Bhargava,Male,54,Regular,Bengaluru,Karnataka,South,2022-04-22
1813,Pratyush Bala,Female,35,New,Pune,Maharashtra,West,2024-08-10
1814,Madhavi Chaudhary,Male,51,New,Indore,Madhya Pradesh,West,2025-02-07
1815,Ekiya Kuruvilla,Female,27,New,Hyderabad,Telangana,South,2023-02-19
1816,Charles Jain,Female,45,Premium,Chennai,Tamil Nadu,South,2023-06-01
1817,Waida Trivedi,Male,58,New,Ahmedabad,Gujarat,West,2022-09-25
1818,Ishwar Luthra,Female,36,Regular,Kochi,Kerala,South,2025-04-19
1819,Niharika Bhatti,Male,43,Regular,Hyderabad,Telangana,South,2021-11-02
1820,Vivaan Bahl,Male,30,Regular,Bengaluru,Karnataka,South,2023-12-16
1821,Yatin Dass,Female,47,New,Chandigarh,Chandigarh,North,2022-11-18
1822,Sanaya Chacko,Female,45,New,Indore,Madhya Pradesh,West,2023-01-22
1823,Lucky Prakash,Male,35,Regular,Chandigarh,Chandigarh,North,2025-10-08
1824,Yatan Yogi,Female,35,Regular,Bengaluru,Karnataka,South,2024-03-28
1825,Benjamin Agarwal,Female,19,Regular,Bengaluru,Karnataka,South,2026-04-20
1826,Oliver Acharya,Female,56,Regular,Delhi,Delhi,North,2025-08-07
1827,Anjali Krishna,Female,41,New,Kolkata,West Bengal,East,2021-11-01
1828,Indali Kala,Male,33,Premium,Lucknow,Uttar Pradesh,North,2025-09-25
1829,Chakradev Edwin,Male,51,Regular,Amritsar,Punjab,North,2024-06-18
1830,Charita Chakraborty,Male,33,New,Ranchi,Jharkhand,East,2025-03-26
1831,Logan Mammen,Female,55,Premium,Jaipur,Rajasthan,North,2023-07-07
1832,Yamini Nadkarni,Female,31,Regular,Pune,Maharashtra,West,2025-12-05
1833,Advika Sethi,Male,31,Regular,Bengaluru,Karnataka,South,2025-12-15
1834,Harita Kade,Female,34,Regular,Ranchi,Jharkhand,East,2022-11-25
1835,Amol Deol,Female,62,Regular,Lucknow,Uttar Pradesh,North,2023-11-02
1836,Vamakshi Agrawal,Female,48,Regular,Jaipur,Rajasthan,North,2024-10-08
1837,Odika Suresh,Male,41,New,Hyderabad,Telangana,South,2026-01-16
1838,Faras Yohannan,Female,19,New,Ahmedabad,Gujarat,West,2025-05-08
1839,Jatin Pandit,Male,34,Premium,Delhi,Delhi,North,2021-09-09
1840,Ishita Ram,Female,61,New,Ahmedabad,Gujarat,West,2026-05-25
1841,Jeet Shere,Male,46,Regular,Amritsar,Punjab,North,2022-06-03
1842,Sai Andra,Female,34,Regular,Mumbai,Maharashtra,West,2023-05-22
1843,Avni Parmar,Male,37,Regular,Kolkata,West Bengal,East,2022-08-23
1844,Timothy Kaur,Female,58,Regular,Chennai,Tamil Nadu,South,2022-06-29
1845,Balhaar Mand,Male,35,Premium,Ranchi,Jharkhand,East,2026-06-09
1846,Abhimanyu Hayre,Female,65,New,Lucknow,Uttar Pradesh,North,2024-01-01
1847,Indrajit Mall,Female,24,New,Ahmedabad,Gujarat,West,2026-06-17
1848,Onkar Hari,Male,40,New,Hyderabad,Telangana,South,2024-05-19
1849,Dhruv Dave,Female,47,Premium,Indore,Madhya Pradesh,West,2024-11-01
1850,Aashi Kari,Male,58,Regular,Delhi,Delhi,North,2025-04-07
1851,Rehaan Bajaj,Male,43,New,Pune,Maharashtra,West,2025-12-10
1852,Sudiksha Agate,Female,54,Regular,Hyderabad,Telangana,South,2026-07-01
1853,Ekantika Sankaran,Male,33,Premium,Delhi,Delhi,North,2026-03-24
1854,Anusha Dara,Female,38,Regular,Coimbatore,Tamil Nadu,South,2025-10-04
1855,Warhi Pathak,Male,34,Premium,Surat,Gujarat,West,2024-12-08
1856,Udarsh Batta,Female,36,New,Coimbatore,Tamil Nadu,South,2024-02-15
1857,Saumya Mutti,Female,41,Regular,Bengaluru,Karnataka,South,2022-12-04
1858,Gaurika Bumb,Female,54,Regular,Kochi,Kerala,South,2021-07-24
1859,Upkaar Sampath,Male,53,Regular,Bengaluru,Karnataka,South,2025-12-08
1860,Ronith Gala,Female,30,Regular,Bengaluru,Karnataka,South,2026-04-29
1861,Gunbir Bala,Male,43,Regular,Bhubaneswar,Odisha,East,2023-03-08
1862,Gaurika Krishna,Female,27,Regular,Indore,Madhya Pradesh,West,2023-12-08
1863,William Oak,Male,54,New,Jaipur,Rajasthan,North,2022-10-09
1864,Zinal Khalsa,Female,47,Regular,Delhi,Delhi,North,2025-09-13
1865,Girish Sekhon,Male,63,Premium,Mumbai,Maharashtra,West,2026-04-03
1866,Darsh Bandi,Female,36,Premium,Chennai,Tamil Nadu,South,2024-06-06
1867,Joshua Bhatia,Male,45,New,Surat,Gujarat,West,2023-06-04
1868,Christopher Mitra,Male,36,New,Coimbatore,Tamil Nadu,South,2026-02-18
1869,Dominic Chaudry,Male,44,New,Kochi,Kerala,South,2024-08-03
1870,Chaitaly Raj,Female,34,Regular,Bengaluru,Karnataka,South,2024-12-03
1871,Viraj Anne,Female,33,Regular,Coimbatore,Tamil Nadu,South,2023-07-18
1872,Priya Chaudhuri,Female,23,New,Guwahati,Assam,East,2023-10-21
1873,Sudiksha Varughese,Male,38,Regular,Lucknow,Uttar Pradesh,North,2023-03-27
1874,Hritik Chauhan,Female,63,Regular,Pune,Maharashtra,West,2023-03-06
1875,Rishi Date,Female,22,Regular,Indore,Madhya Pradesh,West,2021-08-06
1876,Isha Sama,Male,21,Regular,Amritsar,Punjab,North,2024-09-21
1877,Quincy Kibe,Female,40,Regular,Bhubaneswar,Odisha,East,2023-12-11
1878,Darpan Datta,Female,50,Regular,Delhi,Delhi,North,2022-03-23
1879,Yochana Parmar,Female,60,New,Ahmedabad,Gujarat,West,2023-02-04
1880,Manan Singh,Male,55,Regular,Bhubaneswar,Odisha,East,2023-02-03
1881,Bishakha Pillay,Male,50,Regular,Hyderabad,Telangana,South,2023-01-29
1882,Dakshesh Khanna,Female,26,Premium,Ahmedabad,Gujarat,West,2026-05-22
1883,Pahal Padmanabhan,Female,27,Regular,Jaipur,Rajasthan,North,2024-01-27
1884,Saksham Biswas,Female,20,Regular,Kolkata,West Bengal,East,2022-07-07
1885,Unni Narula,Female,65,New,Kochi,Kerala,South,2023-03-31
1886,Chandani Sahota,Female,34,Regular,Ranchi,Jharkhand,East,2025-10-18
1887,Suhani Basak,Female,45,New,Guwahati,Assam,East,2023-03-07
1888,Udant Karpe,Female,27,New,Hyderabad,Telangana,South,2024-01-07
1889,William Srivastava,Male,27,Regular,Mumbai,Maharashtra,West,2023-11-14
1890,Keya Jha,Male,20,Premium,Chandigarh,Chandigarh,North,2025-03-18
1891,Janani Anne,Male,63,New,Ahmedabad,Gujarat,West,2023-07-16
1892,Ishwar Dhar,Male,49,Regular,Surat,Gujarat,West,2021-11-26
1893,Jagvi Bassi,Female,63,Regular,Lucknow,Uttar Pradesh,North,2022-12-27
1894,Rudra Mander,Female,25,New,Surat,Gujarat,West,2026-05-31
1895,Owen Nori,Female,23,Regular,Bengaluru,Karnataka,South,2022-05-29
1896,Pranav Hayre,Male,28,Regular,Hyderabad,Telangana,South,2025-10-10
1897,Harrison Bail,Male,55,Regular,Guwahati,Assam,East,2021-08-23
1898,Ladli Choudhry,Male,44,New,Amritsar,Punjab,North,2025-09-11
1899,Dalaja Shan,Female,61,Regular,Chandigarh,Chandigarh,North,2023-03-25
1900,Onveer Vyas,Male,36,Regular,Jaipur,Rajasthan,North,2022-09-26
1901,Dhruv Dani,Female,55,Regular,Lucknow,Uttar Pradesh,North,2026-06-04
1902,Ranveer Handa,Male,19,New,Jaipur,Rajasthan,North,2022-04-04
1903,Eesha Sanghvi,Female,47,Regular,Lucknow,Uttar Pradesh,North,2024-03-13
1904,Chakradhar Gulati,Male,39,New,Guwahati,Assam,East,2026-06-03
1905,Manthan Narang,Female,38,Regular,Amritsar,Punjab,North,2025-10-23
1906,Jonathan Trivedi,Male,59,New,Chennai,Tamil Nadu,South,2022-10-09
1907,Shaurya Bumb,Male,65,Premium,Patna,Bihar,East,2026-05-19
1908,Oliver Trivedi,Female,23,Regular,Amritsar,Punjab,North,2025-06-17
1909,Wishi Venkataraman,Male,33,New,Ahmedabad,Gujarat,West,2023-06-24
1910,Kashvi Vora,Male,31,New,Mumbai,Maharashtra,West,2023-11-10
1911,Urvi Loyal,Female,36,New,Kochi,Kerala,South,2025-01-03
1912,Sarthak Kanda,Female,49,Premium,Bengaluru,Karnataka,South,2024-06-10
1913,Wahab Randhawa,Male,40,Premium,Ahmedabad,Gujarat,West,2026-01-04
1914,Krishna Dugar,Male,49,Regular,Jaipur,Rajasthan,North,2022-08-18
1915,Aachal Chad,Female,35,Regular,Surat,Gujarat,West,2026-03-20
1916,Chakrika Saxena,Female,41,Regular,Mumbai,Maharashtra,West,2022-03-17
1917,Benjamin Shroff,Female,23,Premium,Kochi,Kerala,South,2024-02-17
1918,Pooja Seshadri,Female,47,Regular,Amritsar,Punjab,North,2024-02-05
1919,Jhalak Tank,Female,51,Regular,Chennai,Tamil Nadu,South,2023-11-16
1920,Aryan Gola,Female,45,Regular,Jaipur,Rajasthan,North,2023-02-14
1921,Faqid Parmer,Female,27,Regular,Lucknow,Uttar Pradesh,North,2023-09-29
1922,Yachana Varghese,Male,51,New,Hyderabad,Telangana,South,2026-01-16
1923,Aradhana Kari,Male,53,Regular,Ahmedabad,Gujarat,West,2024-04-08
1924,Jagvi Barad,Male,50,Regular,Delhi,Delhi,North,2022-01-10
1925,Ronith Narayan,Male,47,Regular,Surat,Gujarat,West,2024-04-07
1926,Rayaan Devi,Female,55,New,Patna,Bihar,East,2022-10-14
1927,Abhiram Mistry,Male,25,Regular,Amritsar,Punjab,North,2026-07-13
1928,Netra Ravi,Male,43,Regular,Pune,Maharashtra,West,2022-12-11
1929,Urmi Vala,Female,63,Regular,Delhi,Delhi,North,2025-08-24
1930,Mitali Kari,Female,60,New,Patna,Bihar,East,2026-06-26
1931,Urvi Kaur,Female,39,Regular,Indore,Madhya Pradesh,West,2022-09-02
1932,Triya Oak,Male,23,Regular,Chennai,Tamil Nadu,South,2024-02-12
1933,Raghav Sanghvi,Female,52,Regular,Kolkata,West Bengal,East,2025-06-30
1934,Shaurya Sarna,Female,25,Regular,Delhi,Delhi,North,2025-05-22
1935,Kavya Dewan,Female,47,Regular,Chandigarh,Chandigarh,North,2023-10-15
1936,Dalaja Andra,Female,37,Regular,Indore,Madhya Pradesh,West,2024-06-04
1937,Harinakshi Kar,Female,23,New,Ranchi,Jharkhand,East,2024-01-14
1938,Chandani Nanda,Male,30,Regular,Chennai,Tamil Nadu,South,2023-08-19
1939,Liam Dube,Male,19,Regular,Delhi,Delhi,North,2024-06-21
1940,Mahika Raj,Male,59,New,Kochi,Kerala,South,2026-06-04
1941,Devansh Warrior,Male,23,New,Kochi,Kerala,South,2022-07-23
1942,Ikbal Narasimhan,Male,48,New,Ranchi,Jharkhand,East,2023-06-21
1943,Daksha Chander,Male,28,Regular,Mumbai,Maharashtra,West,2024-05-20
1944,Azad Suresh,Female,48,Regular,Kochi,Kerala,South,2022-05-24
1945,Ekaraj Raju,Male,30,Regular,Lucknow,Uttar Pradesh,North,2021-09-02
1946,Bishakha Viswanathan,Female,21,Regular,Guwahati,Assam,East,2022-12-15
1947,Jyoti Vasa,Male,58,Regular,Kolkata,West Bengal,East,2021-11-19
1948,Nirja Raman,Female,65,New,Surat,Gujarat,West,2021-08-04
1949,Kai Yadav,Female,43,New,Kolkata,West Bengal,East,2022-04-27
1950,Lopa Jhaveri,Female,32,Regular,Indore,Madhya Pradesh,West,2023-08-18
1951,Dayita Sankaran,Male,45,New,Amritsar,Punjab,North,2022-03-09
1952,Nathan Mukherjee,Male,35,New,Guwahati,Assam,East,2025-08-17
1953,Anya Jaggi,Male,49,Regular,Surat,Gujarat,West,2024-06-22
1954,Sanaya Bhatt,Female,19,Regular,Ranchi,Jharkhand,East,2021-07-28
1955,Falguni Swaminathan,Male,48,Premium,Hyderabad,Telangana,South,2025-08-29
1956,Gavin Mani,Male,50,Premium,Ranchi,Jharkhand,East,2023-11-02
1957,Idika Mishra,Female,56,Regular,Coimbatore,Tamil Nadu,South,2024-10-07
1958,Ojasvi Krish,Female,64,Regular,Pune,Maharashtra,West,2023-06-29
1959,Tanvi Rajagopalan,Female,48,Regular,Surat,Gujarat,West,2022-06-08
1960,Girish Ramaswamy,Male,36,Regular,Coimbatore,Tamil Nadu,South,2026-02-03
1961,Wriddhish Dugar,Male,29,New,Lucknow,Uttar Pradesh,North,2025-01-11
1962,Ekalinga Kalla,Female,24,Regular,Chennai,Tamil Nadu,South,2022-11-27
1963,Jairaj Pillay,Female,33,Regular,Surat,Gujarat,West,2026-01-30
1964,Yamini Nanda,Male,19,Regular,Coimbatore,Tamil Nadu,South,2021-12-01
1965,Zayyan Johal,Female,61,Regular,Patna,Bihar,East,2023-08-03
1966,Avi Bora,Male,22,Regular,Chennai,Tamil Nadu,South,2024-01-25
1967,Lakshmi Oza,Male,57,New,Ranchi,Jharkhand,East,2024-09-24
1968,Mekhala Barad,Male,49,Regular,Bengaluru,Karnataka,South,2025-04-07
1969,Laban Narain,Female,20,New,Patna,Bihar,East,2021-08-03
1970,Vedhika Shenoy,Male,63,New,Bhubaneswar,Odisha,East,2024-11-20
1971,Raksha Dey,Female,25,New,Lucknow,Uttar Pradesh,North,2021-11-16
1972,Neel Garde,Male,53,Regular,Amritsar,Punjab,North,2023-11-22
1973,Peter Menon,Male,28,New,Amritsar,Punjab,North,2025-09-23
1974,Om Brahmbhatt,Female,28,Regular,Chandigarh,Chandigarh,North,2022-02-26
1975,Anjali Dube,Female,64,New,Ranchi,Jharkhand,East,2024-11-22
1976,Tarak Banerjee,Female,39,Premium,Chandigarh,Chandigarh,North,2023-09-28
1977,Riya Batta,Male,46,New,Bengaluru,Karnataka,South,2025-12-31
1978,Madhavi Morar,Male,48,Regular,Mumbai,Maharashtra,West,2025-09-20
1979,Chanakya Purohit,Male,23,Premium,Patna,Bihar,East,2023-10-04
1980,Kavya Khare,Female,41,Regular,Patna,Bihar,East,2025-05-16
1981,Oviya Bala,Female,32,New,Chennai,Tamil Nadu,South,2022-07-15
1982,Rehaan Bhatnagar,Female,44,Regular,Kochi,Kerala,South,2026-06-26
1983,Oliver Ganesh,Female,19,Regular,Indore,Madhya Pradesh,West,2022-08-21
1984,Eta Naidu,Male,63,Regular,Pune,Maharashtra,West,2021-10-03
1985,Sarthak Rana,Female,38,New,Delhi,Delhi,North,2024-05-06
1986,Vincent Kala,Female,21,New,Pune,Maharashtra,West,2026-03-26
1987,Oscar Aurora,Male,54,Regular,Mumbai,Maharashtra,West,2022-01-24
1988,Advik Ramachandran,Female,44,Regular,Amritsar,Punjab,North,2023-07-19
1989,Dominic Mallick,Female,64,Regular,Indore,Madhya Pradesh,West,2022-08-07
1990,Caleb Bhavsar,Male,35,Regular,Patna,Bihar,East,2024-10-14
1991,Charvi Tata,Female,59,Regular,Kochi,Kerala,South,2025-12-18
1992,Onveer Krishnamurthy,Female,62,New,Coimbatore,Tamil Nadu,South,2026-06-15
1993,Lipika Deol,Male,37,Regular,Ranchi,Jharkhand,East,2026-05-02
1994,Vasatika Bir,Female,42,New,Delhi,Delhi,North,2023-03-13
1995,Lavanya Vaidya,Female,31,Regular,Coimbatore,Tamil Nadu,South,2023-03-19
1996,Yahvi Arya,Female,51,Regular,Amritsar,Punjab,North,2024-09-27
1997,Dayamai Khalsa,Male,19,Premium,Bhubaneswar,Odisha,East,2022-09-12
1998,Fariq Bhasin,Female,64,New,Bhubaneswar,Odisha,East,2025-03-24
1999,Chaman Jaggi,Male,64,New,Indore,Madhya Pradesh,West,2022-03-23
2000,Baljiwan Khanna,Female,58,New,Jaipur,Rajasthan,North,2022-04-18
2001,Falguni Desai,Male,59,New,Kolkata,West Bengal,East,2026-02-26
2002,Oeshi Mani,Female,54,New,Lucknow,Uttar Pradesh,North,2022-12-05
2003,Garima Oommen,Female,33,Premium,Lucknow,Uttar Pradesh,North,2025-04-16
2004,Yuvraj Kapadia,Female,36,New,Hyderabad,Telangana,South,2022-09-30
2005,Ekanta Goswami,Male,24,New,Kochi,Kerala,South,2024-07-29
2006,Dhruv Swamy,Male,41,Regular,Guwahati,Assam,East,2023-10-01
2007,Charles Dhaliwal,Male,63,Regular,Mumbai,Maharashtra,West,2021-11-19
2008,Gavin Ghose,Male,23,Regular,Surat,Gujarat,West,2026-03-25
2009,Warinder Tripathi,Male,48,New,Lucknow,Uttar Pradesh,North,2024-07-01
2010,Deepa Gala,Male,41,Regular,Kochi,Kerala,South,2021-12-04
2011,Panini Goda,Female,34,New,Indore,Madhya Pradesh,West,2025-02-22
2012,Bhavika Sen,Female,62,New,Surat,Gujarat,West,2024-07-25
2013,Anita Srivastava,Male,27,Premium,Surat,Gujarat,West,2026-05-18
2014,Mitali Purohit,Female,26,New,Kochi,Kerala,South,2021-12-08
2015,Pahal Tiwari,Female,48,Regular,Chandigarh,Chandigarh,North,2022-05-17
2016,Nachiket Subramaniam,Female,25,Regular,Chandigarh,Chandigarh,North,2024-08-01
2017,Prisha Chacko,Male,41,New,Mumbai,Maharashtra,West,2021-08-20
2018,Michael Gill,Male,25,Premium,Kolkata,West Bengal,East,2025-05-01
2019,Damini Setty,Female,37,New,Patna,Bihar,East,2022-10-28
2020,Ekbal Nath,Male,27,Regular,Ranchi,Jharkhand,East,2022-12-14
2021,Rohan Dubey,Female,21,Premium,Coimbatore,Tamil Nadu,South,2022-03-21
2022,Agastya Tella,Male,29,Regular,Patna,Bihar,East,2026-02-12
2023,Vyanjana Ravel,Male,53,Premium,Mumbai,Maharashtra,West,2025-03-10
2024,Kashvi Rajagopalan,Male,44,New,Kolkata,West Bengal,East,2026-03-02
2025,Nilima Barad,Female,54,Regular,Indore,Madhya Pradesh,West,2023-12-26
2026,Lekha Gaba,Female,48,New,Ahmedabad,Gujarat,West,2026-07-02
2027,Aadhya Pall,Female,46,Regular,Chennai,Tamil Nadu,South,2022-07-04
2028,Jyoti Bhardwaj,Female,23,Premium,Pune,Maharashtra,West,2024-02-01
2029,Yatin Kibe,Male,43,New,Surat,Gujarat,West,2024-10-16
2030,Ayaan Divan,Male,60,Regular,Guwahati,Assam,East,2023-12-04
2031,Manan Kumar,Male,28,New,Ahmedabad,Gujarat,West,2022-11-04
2032,Advik Dada,Female,53,Regular,Amritsar,Punjab,North,2022-10-10
2033,Mitali Buch,Male,30,Regular,Amritsar,Punjab,North,2025-05-23
2034,Pallavi Gandhi,Male,48,Premium,Amritsar,Punjab,North,2024-02-17
2035,Chasmum Tella,Male,19,Regular,Delhi,Delhi,North,2025-09-07
2036,Darika Sabharwal,Male,63,New,Bhubaneswar,Odisha,East,2026-05-17
2037,Ikbal Padmanabhan,Female,43,New,Mumbai,Maharashtra,West,2025-04-19
2038,Shaurya Rao,Male,39,New,Lucknow,Uttar Pradesh,North,2025-08-10
2039,Om Swamy,Female,19,New,Pune,Maharashtra,West,2025-01-12
2040,Omisha Vohra,Female,23,New,Ranchi,Jharkhand,East,2021-07-17
2041,Raagini Garde,Male,36,Premium,Delhi,Delhi,North,2023-08-15
2042,Krish Hora,Female,23,Regular,Chennai,Tamil Nadu,South,2022-06-02
2043,Shravya Kala,Female,61,Regular,Hyderabad,Telangana,South,2023-12-20
2044,Qadim Handa,Female,29,New,Bengaluru,Karnataka,South,2022-06-19
2045,Ridhi Chopra,Female,42,Premium,Delhi,Delhi,North,2022-10-31
2046,Fariq Memon,Male,44,Regular,Jaipur,Rajasthan,North,2025-11-17
2047,Aradhana Bhatt,Female,25,New,Patna,Bihar,East,2021-12-18
2048,Vanya Sundaram,Male,56,Regular,Chandigarh,Chandigarh,North,2023-04-01
2049,Aditya Bhat,Female,25,Regular,Kochi,Kerala,South,2024-11-25
2050,Benjamin Chatterjee,Female,47,New,Kolkata,West Bengal,East,2022-11-13
2051,Keya Venkatesh,Female,19,Regular,Mumbai,Maharashtra,West,2022-08-04
2052,Vedika Solanki,Male,35,Regular,Pune,Maharashtra,West,2026-06-22
2053,Gayathri Prabhakar,Male,37,New,Chandigarh,Chandigarh,North,2025-04-27
2054,Divya Khatri,Male,58,Premium,Surat,Gujarat,West,2024-12-11
2055,Kritika Bhandari,Female,52,Regular,Chennai,Tamil Nadu,South,2026-03-30
2056,Harish Aggarwal,Female,53,Regular,Chennai,Tamil Nadu,South,2026-05-31
2057,Liam Bal,Male,47,Regular,Mumbai,Maharashtra,West,2023-10-27
2058,Yuvraj Pillay,Male,21,Regular,Bhubaneswar,Odisha,East,2024-07-18
2059,Yutika Sachdev,Female,61,Regular,Ahmedabad,Gujarat,West,2023-10-18
2060,Ekanta Badal,Male,55,Regular,Ahmedabad,Gujarat,West,2024-11-02
2061,Eshana Sawhney,Male,65,New,Kolkata,West Bengal,East,2024-09-14
2062,Mugdha Bumb,Male,43,Regular,Jaipur,Rajasthan,North,2022-09-14
2063,Harish Rajan,Female,45,Regular,Chandigarh,Chandigarh,North,2023-04-12
2064,Luke Venkatesh,Female,61,Regular,Coimbatore,Tamil Nadu,South,2023-01-02
2065,Joshua Tank,Female,35,New,Patna,Bihar,East,2025-12-01
2066,Unni Ganguly,Female,31,Regular,Hyderabad,Telangana,South,2025-07-09
2067,Vasatika Zachariah,Female,19,New,Indore,Madhya Pradesh,West,2026-01-07
2068,Onkar Chakraborty,Female,18,New,Bengaluru,Karnataka,South,2022-09-28
2069,Naveen Narain,Female,53,New,Chandigarh,Chandigarh,North,2022-01-23
2070,Thomas Kurian,Male,59,New,Surat,Gujarat,West,2026-01-19
2071,Laban Warrior,Male,60,Regular,Amritsar,Punjab,North,2024-11-12
2072,Gautam Natarajan,Female,42,Regular,Mumbai,Maharashtra,West,2024-09-14
2073,Hemal Purohit,Male,62,New,Ranchi,Jharkhand,East,2025-11-24
2074,Rajeshri Kaul,Female,41,Premium,Delhi,Delhi,North,2026-02-01
2075,Bina Chahal,Male,32,Premium,Kochi,Kerala,South,2022-08-27
2076,Raghav D’Alia,Female,30,Premium,Jaipur,Rajasthan,North,2022-02-03
2077,Dhriti Rai,Female,63,New,Amritsar,Punjab,North,2024-05-26
2078,Deepa Bhatia,Female,41,Regular,Chennai,Tamil Nadu,South,2024-06-03
2079,Lipika Sampath,Female,63,Premium,Jaipur,Rajasthan,North,2024-06-27
2080,Jonathan Venkatesh,Male,58,Regular,Bengaluru,Karnataka,South,2023-02-18
2081,Hredhaan Rana,Female,54,New,Mumbai,Maharashtra,West,2024-11-08
2082,Diya Dhillon,Male,60,New,Pune,Maharashtra,West,2021-07-31
2083,Theodore Tata,Male,65,Regular,Bengaluru,Karnataka,South,2025-08-14
2084,Bhanumati Dhingra,Female,54,Premium,Chandigarh,Chandigarh,North,2024-12-08
2085,Ekaja More,Female,30,Regular,Coimbatore,Tamil Nadu,South,2025-04-09
2086,Anusha Sridhar,Female,61,Regular,Amritsar,Punjab,North,2024-01-18
2087,Warda Manne,Female,59,New,Mumbai,Maharashtra,West,2024-09-09
2088,Daniel Nath,Female,44,Regular,Jaipur,Rajasthan,North,2025-01-21
2089,Umang Ben,Female,49,Regular,Kolkata,West Bengal,East,2022-04-19
2090,Vinaya Ramanathan,Male,64,Regular,Guwahati,Assam,East,2026-02-25
2091,Anthony Ramanathan,Female,44,Regular,Bengaluru,Karnataka,South,2023-01-12
2092,Ijaya Raman,Male,43,Premium,Ahmedabad,Gujarat,West,2023-03-23
2093,Barkha Hayer,Male,54,New,Hyderabad,Telangana,South,2023-06-29
2094,Gunbir Deep,Female,22,Regular,Chandigarh,Chandigarh,North,2025-01-15
2095,Daksha Shankar,Male,39,New,Chennai,Tamil Nadu,South,2023-02-25
2096,Riya Subramanian,Male,19,Regular,Kolkata,West Bengal,East,2024-10-23
2097,Shaurya Kamdar,Male,55,Regular,Surat,Gujarat,West,2022-12-28
2098,Aditya Pathak,Male,24,Regular,Patna,Bihar,East,2025-07-23
2099,Manbir Puri,Female,21,Regular,Pune,Maharashtra,West,2025-03-02
2100,Om Bhalla,Male,22,Regular,Guwahati,Assam,East,2026-04-16
2101,Praneel Ben,Female,55,Premium,Mumbai,Maharashtra,West,2022-01-06
2102,Radha Dixit,Male,20,Regular,Delhi,Delhi,North,2022-02-14
2103,Yash Bandi,Male,26,New,Ahmedabad,Gujarat,West,2024-09-02
2104,Vrinda Mittal,Male,37,Regular,Lucknow,Uttar Pradesh,North,2022-02-17
2105,Keya Chakraborty,Male,61,Regular,Mumbai,Maharashtra,West,2024-12-22
2106,Anvi Saxena,Male,36,New,Amritsar,Punjab,North,2025-06-04
2107,Jackson Butala,Male,57,Premium,Surat,Gujarat,West,2023-05-17
2108,Arin Srinivasan,Male,47,Premium,Pune,Maharashtra,West,2022-02-22
2109,Pratyush Rajagopalan,Female,57,New,Surat,Gujarat,West,2022-11-27
2110,Chanchal Dass,Male,47,Premium,Jaipur,Rajasthan,North,2023-12-16
2111,Qasim Ravi,Male,24,New,Guwahati,Assam,East,2022-01-12
2112,Meera Yadav,Male,55,New,Delhi,Delhi,North,2025-08-08
2113,Devansh Venkataraman,Male,58,New,Coimbatore,Tamil Nadu,South,2025-06-15
2114,Sarthak Dalal,Female,48,Premium,Patna,Bihar,East,2025-09-21
2115,Abdul Sekhon,Male,26,Regular,Pune,Maharashtra,West,2022-06-10
2116,Balveer Dave,Male,37,New,Delhi,Delhi,North,2025-07-16
2117,Gagan Kunda,Female,37,Regular,Indore,Madhya Pradesh,West,2024-05-30
2118,Frado Dash,Female,37,Regular,Chennai,Tamil Nadu,South,2025-10-17
2119,Onveer Sampath,Female,18,New,Patna,Bihar,East,2024-01-25
2120,Yuvraj Mital,Male,50,Premium,Bengaluru,Karnataka,South,2026-06-04
2121,Sai Dey,Female,30,Regular,Lucknow,Uttar Pradesh,North,2021-10-07
2122,Indira Yohannan,Male,39,Regular,Chennai,Tamil Nadu,South,2024-06-03
2123,Chaitanya Khalsa,Female,56,Premium,Kochi,Kerala,South,2024-02-02
2124,Chandani Kale,Female,57,Regular,Guwahati,Assam,East,2021-09-20
2125,Jagrati Mall,Female,28,Premium,Ranchi,Jharkhand,East,2026-04-29
2126,Falan Kumer,Male,49,Regular,Lucknow,Uttar Pradesh,North,2022-03-06
2127,Mugdha Shan,Male,62,Regular,Bengaluru,Karnataka,South,2022-11-03
2128,Pavani Dhar,Male,33,New,Kochi,Kerala,South,2021-12-14
2129,Amruta Hans,Female,31,Premium,Ahmedabad,Gujarat,West,2024-03-20
2130,Oni Dube,Male,41,Regular,Pune,Maharashtra,West,2025-02-09
2131,Ladli Bal,Female,19,New,Delhi,Delhi,North,2023-02-12
2132,Faras Madan,Female,46,New,Chandigarh,Chandigarh,North,2026-05-11
2133,Niharika Bhatti,Female,20,Regular,Coimbatore,Tamil Nadu,South,2022-02-27
2134,Janani Nath,Male,36,Regular,Chandigarh,Chandigarh,North,2023-03-08
2135,Upkaar Mahal,Female,64,Regular,Chennai,Tamil Nadu,South,2025-06-05
2136,Tristan Radhakrishnan,Male,29,Premium,Hyderabad,Telangana,South,2021-08-02
2137,Parth Vyas,Male,34,New,Bengaluru,Karnataka,South,2026-04-18
2138,Vrishti Chandran,Male,42,Regular,Delhi,Delhi,North,2025-03-06
2139,Anika Chaudhary,Male,37,New,Jaipur,Rajasthan,North,2024-03-07
2140,Eesha Ramachandran,Female,41,Premium,Pune,Maharashtra,West,2026-01-08
2141,Vansha Datta,Female,63,Regular,Coimbatore,Tamil Nadu,South,2022-06-10
2142,Jonathan Dhar,Male,26,Regular,Delhi,Delhi,North,2022-10-31
2143,Chatresh Prabhakar,Female,62,Regular,Chennai,Tamil Nadu,South,2023-06-07
2144,Omya Shankar,Female,58,New,Patna,Bihar,East,2025-01-27
2145,Upadhriti Thakkar,Male,52,Regular,Bengaluru,Karnataka,South,2022-06-14
2146,Veer Mody,Female,33,Regular,Bhubaneswar,Odisha,East,2022-12-21
2147,Dalaja Ray,Male,50,Regular,Jaipur,Rajasthan,North,2024-09-18
2148,Fariq Bose,Male,48,Regular,Pune,Maharashtra,West,2025-05-22
2149,Noah Bhandari,Female,59,Regular,Chandigarh,Chandigarh,North,2025-03-09
2150,Waida Anne,Female,29,Regular,Ranchi,Jharkhand,East,2021-12-16
2151,Yashoda Deshpande,Female,63,New,Patna,Bihar,East,2026-05-07
2152,Nidra Atwal,Female,55,New,Surat,Gujarat,West,2023-12-08
2153,Pavani Warrior,Male,31,Regular,Indore,Madhya Pradesh,West,2024-08-13
2154,Brijesh Sen,Female,33,Regular,Chennai,Tamil Nadu,South,2025-04-14
2155,Parth Borde,Female,45,New,Pune,Maharashtra,West,2026-05-12
2156,Yoshita Pandit,Male,41,New,Indore,Madhya Pradesh,West,2023-05-16
2157,Warhi Raghavan,Male,26,New,Guwahati,Assam,East,2026-04-20
2158,Hamsini Krish,Female,51,New,Jaipur,Rajasthan,North,2022-05-22
2159,Bina Mistry,Male,47,Regular,Bhubaneswar,Odisha,East,2025-09-11
2160,Tanay Agate,Female,47,Regular,Ranchi,Jharkhand,East,2023-12-14
2161,Teerth Mody,Female,49,Regular,Surat,Gujarat,West,2025-03-24
2162,Ubika Sura,Female,19,Regular,Patna,Bihar,East,2026-03-08
2163,Triveni Narasimhan,Male,34,Regular,Kochi,Kerala,South,2021-10-28
2164,Abdul Palla,Male,36,Regular,Jaipur,Rajasthan,North,2023-01-11
2165,Neelima Pant,Male,24,Regular,Jaipur,Rajasthan,North,2025-12-27
2166,Vyanjana Hora,Female,20,Premium,Delhi,Delhi,North,2021-07-31
2167,Nirja Dasgupta,Male,61,Regular,Hyderabad,Telangana,South,2021-12-16
2168,Nachiket Krishna,Female,65,New,Patna,Bihar,East,2026-02-07
2169,Kavya Mistry,Male,63,Regular,Bhubaneswar,Odisha,East,2022-09-01
2170,Amruta Chopra,Female,36,New,Kolkata,West Bengal,East,2023-05-11
2171,Neel Dey,Female,55,Regular,Ranchi,Jharkhand,East,2026-06-26
2172,Abdul Parmer,Male,43,New,Lucknow,Uttar Pradesh,North,2023-04-22
2173,Indrajit Gupta,Male,48,New,Chennai,Tamil Nadu,South,2025-12-15
2174,Megha Sama,Female,64,Premium,Coimbatore,Tamil Nadu,South,2022-12-17
2175,Naveen Issac,Male,38,New,Ahmedabad,Gujarat,West,2025-04-04
2176,Jagat Sama,Female,31,Regular,Kochi,Kerala,South,2026-04-12
2177,Joshua Nair,Male,41,New,Surat,Gujarat,West,2023-12-25
2178,Yachana Ramachandran,Male,37,Regular,Coimbatore,Tamil Nadu,South,2025-04-17
2179,Ansh Date,Female,39,Regular,Lucknow,Uttar Pradesh,North,2022-03-12
2180,Warjas Ben,Female,61,Regular,Kochi,Kerala,South,2022-04-25
2181,Pushti Anand,Female,38,New,Indore,Madhya Pradesh,West,2024-12-05
2182,Baghyawati Sunder,Male,26,New,Amritsar,Punjab,North,2023-09-16
2183,Yug Dua,Female,42,New,Hyderabad,Telangana,South,2021-12-12
2184,Zaid Mand,Male,52,New,Kochi,Kerala,South,2025-03-08
2185,Yug Sanghvi,Female,24,Regular,Pune,Maharashtra,West,2025-05-15
2186,Yadavi Golla,Female,58,Premium,Guwahati,Assam,East,2022-07-12
2187,Veer Dara,Male,24,Premium,Kolkata,West Bengal,East,2022-06-24
2188,Anusha Handa,Female,19,Regular,Bengaluru,Karnataka,South,2022-03-13
2189,Andrew Iyengar,Male,42,Regular,Chennai,Tamil Nadu,South,2026-03-08
2190,Lajita Reddy,Male,36,Regular,Bhubaneswar,Odisha,East,2021-12-28
2191,Tristan Nayar,Male,41,New,Lucknow,Uttar Pradesh,North,2024-02-29
2192,Yashvi Sane,Female,44,Premium,Chandigarh,Chandigarh,North,2023-09-01
2193,Imaran Luthra,Male,26,Regular,Pune,Maharashtra,West,2024-10-03
2194,Omya Koshy,Male,42,Regular,Surat,Gujarat,West,2023-05-10
2195,Qabil Baria,Male,37,New,Chennai,Tamil Nadu,South,2023-02-19
2196,Simon Mangal,Male,56,Regular,Surat,Gujarat,West,2021-07-15
2197,Raagini Goyal,Male,50,Regular,Guwahati,Assam,East,2023-11-24
2198,Januja Natt,Male,18,Premium,Ahmedabad,Gujarat,West,2022-10-18
2199,Agastya De,Male,43,Regular,Kochi,Kerala,South,2023-01-22
2200,Kamya Khanna,Female,54,Regular,Coimbatore,Tamil Nadu,South,2023-03-12
2201,Leena Chahal,Female,54,Premium,Surat,Gujarat,West,2024-10-15
2202,Jai Barman,Female,59,New,Delhi,Delhi,North,2025-12-21
2203,Reyansh Sehgal,Female,43,Regular,Ahmedabad,Gujarat,West,2024-06-20
2204,Hemal Mitra,Male,29,New,Kochi,Kerala,South,2026-03-01
2205,Mitesh Bassi,Female,60,Regular,Surat,Gujarat,West,2025-03-01
2206,Zayyan Palan,Male,43,Premium,Coimbatore,Tamil Nadu,South,2022-03-05
2207,Jacob Sarin,Male,35,New,Chandigarh,Chandigarh,North,2026-01-05
2208,Yahvi Bains,Male,49,Premium,Kolkata,West Bengal,East,2021-11-15
2209,Kai Mann,Male,41,New,Indore,Madhya Pradesh,West,2022-05-15
2210,Ranveer Rao,Female,44,Premium,Delhi,Delhi,North,2021-10-06
2211,Noah Sarma,Female,31,Regular,Pune,Maharashtra,West,2024-01-05
2212,Madhavi Rattan,Male,22,Regular,Lucknow,Uttar Pradesh,North,2025-04-16
2213,Qarin Aggarwal,Female,65,New,Surat,Gujarat,West,2024-07-28
2214,Aditya Varghese,Female,20,Premium,Pune,Maharashtra,West,2022-05-03
2215,Chavvi Kannan,Male,63,Regular,Jaipur,Rajasthan,North,2023-10-25
2216,Jagat Garg,Female,49,New,Hyderabad,Telangana,South,2023-01-07
2217,Bishakha Baral,Male,53,Regular,Mumbai,Maharashtra,West,2022-08-28
2218,Kiaan Madan,Male,48,New,Kochi,Kerala,South,2024-09-25
2219,Yuvraj Kade,Male,19,Premium,Bhubaneswar,Odisha,East,2025-11-26
2220,Idika Pillay,Female,25,New,Chandigarh,Chandigarh,North,2024-03-17
2221,Kiaan Rege,Male,60,Regular,Pune,Maharashtra,West,2023-02-27
2222,Ekta Bhandari,Male,46,Regular,Jaipur,Rajasthan,North,2026-01-11
2223,Ishani Kanda,Male,63,New,Bhubaneswar,Odisha,East,2024-08-31
2224,Patrick Kunda,Male,46,New,Amritsar,Punjab,North,2025-03-10
2225,Lavanya Kurian,Male,42,New,Amritsar,Punjab,North,2026-05-25
2226,Riya Kannan,Male,56,Regular,Ranchi,Jharkhand,East,2025-11-20
2227,Megha Dugal,Female,30,New,Delhi,Delhi,North,2023-02-27
2228,Jyoti Divan,Male,30,Regular,Hyderabad,Telangana,South,2023-10-07
2229,Warhi Golla,Female,19,New,Delhi,Delhi,North,2026-01-18
2230,Ranbir Swaminathan,Male,61,New,Jaipur,Rajasthan,North,2023-11-01
2231,Baghyawati Bail,Male,60,Regular,Chandigarh,Chandigarh,North,2026-04-03
2232,Meera Guha,Male,44,New,Chennai,Tamil Nadu,South,2023-02-01
2233,Pooja Korpal,Female,53,Premium,Jaipur,Rajasthan,North,2021-11-18
2234,Harish Vyas,Male,52,Premium,Coimbatore,Tamil Nadu,South,2023-10-24
2235,Harish Purohit,Male,32,Regular,Surat,Gujarat,West,2022-03-22
2236,Agastya Bassi,Female,38,Regular,Bengaluru,Karnataka,South,2023-06-16
2237,Amrita Dhar,Female,59,Premium,Bengaluru,Karnataka,South,2022-03-13
2238,Aditya Cherian,Female,31,New,Kolkata,West Bengal,East,2026-03-25
2239,Frederick Jain,Male,60,New,Pune,Maharashtra,West,2024-03-31
2240,Nihal Mohanty,Female,20,New,Guwahati,Assam,East,2022-03-26
2241,Yagnesh Bhalla,Female,37,Regular,Chandigarh,Chandigarh,North,2023-03-13
2242,Jatin Bail,Male,34,New,Mumbai,Maharashtra,West,2024-04-03
2243,Chaman Chauhan,Female,58,Regular,Amritsar,Punjab,North,2025-08-30
2244,Lucky Agarwal,Female,29,Premium,Pune,Maharashtra,West,2024-02-04
2245,Utkarsh Sane,Male,39,Premium,Ranchi,Jharkhand,East,2026-02-05
2246,Bhavini Kara,Female,42,Regular,Amritsar,Punjab,North,2023-06-19
2247,Isaiah Swamy,Male,32,New,Coimbatore,Tamil Nadu,South,2026-02-22
2248,Udarsh Chaudry,Male,37,Regular,Amritsar,Punjab,North,2022-05-20
2249,Ishanvi Bose,Male,57,Regular,Kochi,Kerala,South,2026-04-27
2250,Jalsa Chad,Male,41,New,Delhi,Delhi,North,2024-08-12
2251,Pranav Sangha,Male,27,New,Ahmedabad,Gujarat,West,2026-01-06
2252,Pavani Doctor,Male,33,Premium,Pune,Maharashtra,West,2024-03-10
2253,Bhavini Pall,Male,35,Regular,Ahmedabad,Gujarat,West,2026-01-01
2254,Xalak Pillay,Female,59,Regular,Kolkata,West Bengal,East,2025-11-30
2255,Aarnav Dixit,Male,64,Premium,Kolkata,West Bengal,East,2026-03-15
2256,Ekaja Divan,Male,31,Regular,Patna,Bihar,East,2025-06-05
2257,Ekalinga Chowdhury,Male,56,Regular,Chandigarh,Chandigarh,North,2023-06-28
2258,Maanav Chana,Female,29,Regular,Indore,Madhya Pradesh,West,2024-06-04
2259,Qabil Rajan,Male,49,New,Mumbai,Maharashtra,West,2023-02-25
2260,Panini Srivastava,Male,58,Regular,Chandigarh,Chandigarh,North,2023-04-20
2261,Gauri Devi,Male,23,Regular,Chennai,Tamil Nadu,South,2025-01-01
2262,Leela Sahota,Male,33,Regular,Coimbatore,Tamil Nadu,South,2025-07-19
2263,Victor Rajagopalan,Female,37,Premium,Lucknow,Uttar Pradesh,North,2024-04-13
2264,Theodore Chahal,Male,45,Regular,Chennai,Tamil Nadu,South,2021-12-14
2265,Samar Badal,Male,37,Regular,Coimbatore,Tamil Nadu,South,2022-09-17
2266,Kiaan Choudhary,Female,58,Regular,Guwahati,Assam,East,2023-05-08
2267,Jalsa Dewan,Female,23,Regular,Hyderabad,Telangana,South,2021-10-31
2268,Oviya Kibe,Female,28,Regular,Ranchi,Jharkhand,East,2023-01-04
2269,Daksh Devi,Female,50,New,Surat,Gujarat,West,2022-08-04
2270,Krishna Bal,Female,19,Regular,Pune,Maharashtra,West,2022-02-14
2271,Kamya Bhagat,Male,37,New,Surat,Gujarat,West,2025-01-06
2272,Vansha Dugar,Male,34,Regular,Coimbatore,Tamil Nadu,South,2025-01-16
2273,Lohit Brar,Female,47,Regular,Surat,Gujarat,West,2021-09-08
2274,Omaja Doctor,Female,22,Regular,Ranchi,Jharkhand,East,2022-10-05
2275,Logan Wable,Female,30,Premium,Bhubaneswar,Odisha,East,2025-05-13
2276,Upma Sabharwal,Male,18,Regular,Chennai,Tamil Nadu,South,2025-01-11
2277,Agastya Mangat,Female,44,Regular,Ranchi,Jharkhand,East,2025-02-24
2278,Azad Ghose,Female,49,Regular,Ahmedabad,Gujarat,West,2022-02-03
2279,Meghana Sampath,Male,44,Regular,Guwahati,Assam,East,2024-01-20
2280,Aarna Thaker,Female,54,New,Delhi,Delhi,North,2024-12-08
2281,Pallavi Dugar,Female,34,New,Chennai,Tamil Nadu,South,2023-01-25
2282,Krishna Dass,Female,58,Regular,Guwahati,Assam,East,2022-11-23
2283,Daksh Kanda,Female,45,Regular,Kolkata,West Bengal,East,2025-04-02
2284,Upadhriti Sood,Female,20,New,Chennai,Tamil Nadu,South,2023-07-01
2285,Lajita Gala,Male,34,New,Kolkata,West Bengal,East,2023-02-07
2286,Panini Hayer,Female,33,New,Pune,Maharashtra,West,2021-10-22
2287,Faras Patil,Male,23,Premium,Bengaluru,Karnataka,South,2022-11-20
2288,Ayaan Khatri,Male,51,New,Surat,Gujarat,West,2024-07-21
2289,Dhruv Kakar,Male,45,Regular,Kochi,Kerala,South,2022-12-12
2290,Raghav Jaggi,Female,55,New,Patna,Bihar,East,2024-07-09
2291,Wridesh Luthra,Male,24,Regular,Ranchi,Jharkhand,East,2024-09-23
2292,Veda Bath,Female,65,New,Bhubaneswar,Odisha,East,2021-12-17
2293,Dayamai Anand,Female,18,New,Kochi,Kerala,South,2021-10-10
2294,Mitali Tella,Male,24,Regular,Kochi,Kerala,South,2026-06-10
2295,Ishani Dayal,Female,59,New,Lucknow,Uttar Pradesh,North,2022-07-06
2296,Garima Reddy,Male,29,New,Ranchi,Jharkhand,East,2025-01-18
2297,Yadavi Doctor,Male,30,New,Bhubaneswar,Odisha,East,2026-01-07
2298,Vansha Barad,Male,46,New,Pune,Maharashtra,West,2021-08-27
2299,Ubika Brar,Male,21,New,Chennai,Tamil Nadu,South,2022-12-27
2300,Vincent Kale,Female,44,New,Chennai,Tamil Nadu,South,2025-12-18
2301,Naveen Thaker,Male,58,Regular,Indore,Madhya Pradesh,West,2025-07-29
2302,Sara Deep,Female,23,Regular,Bengaluru,Karnataka,South,2024-02-13
2303,Raagini Baral,Female,22,Regular,Mumbai,Maharashtra,West,2023-03-26
2304,William Joshi,Male,48,New,Kolkata,West Bengal,East,2025-12-28
2305,Michael Tank,Male,21,Premium,Mumbai,Maharashtra,West,2026-07-10
2306,Luke More,Male,24,Regular,Kolkata,West Bengal,East,2022-01-08
2307,Wishi Chandra,Male,42,New,Coimbatore,Tamil Nadu,South,2024-04-09
2308,Chakrika Edwin,Female,39,Regular,Ranchi,Jharkhand,East,2023-10-23
2309,Ira Chakraborty,Female,61,New,Ahmedabad,Gujarat,West,2021-11-16
2310,Aarna Solanki,Male,41,New,Patna,Bihar,East,2021-11-21
2311,Logan Dasgupta,Male,40,Regular,Surat,Gujarat,West,2026-06-06
2312,Balveer Patla,Male,47,Premium,Kolkata,West Bengal,East,2026-05-25
2313,Nilima Dayal,Male,56,Regular,Pune,Maharashtra,West,2025-10-31
2314,Kashvi Chacko,Female,62,Regular,Amritsar,Punjab,North,2023-09-28
2315,Adya Basak,Female,57,Premium,Hyderabad,Telangana,South,2024-12-12
2316,Yash Anand,Female,60,New,Indore,Madhya Pradesh,West,2024-08-21
2317,Bina Prashad,Female,19,New,Bengaluru,Karnataka,South,2022-04-23
2318,Elijah Kapoor,Female,61,Regular,Kolkata,West Bengal,East,2022-04-30
2319,Girik Palla,Female,43,Regular,Pune,Maharashtra,West,2023-06-24
2320,Ikbal Chada,Female,48,Regular,Jaipur,Rajasthan,North,2023-11-13
2321,Mekhala Sant,Female,56,Premium,Lucknow,Uttar Pradesh,North,2022-06-09
2322,Dhruv Nadig,Male,26,Regular,Chennai,Tamil Nadu,South,2022-07-14
2323,Simon Soni,Female,61,Regular,Mumbai,Maharashtra,West,2023-04-01
2324,Balvan Dugal,Female,25,New,Pune,Maharashtra,West,2022-02-08
2325,Tanay Nagarajan,Male,33,Regular,Indore,Madhya Pradesh,West,2026-04-12
2326,David Pathak,Male,24,Premium,Chennai,Tamil Nadu,South,2024-05-18
2327,Tanay Bhagat,Male,38,Regular,Mumbai,Maharashtra,West,2025-06-26
2328,Pallavi Madan,Male,64,New,Ahmedabad,Gujarat,West,2022-08-05
2329,Fiyaz Dhar,Male,60,Regular,Ranchi,Jharkhand,East,2022-10-18
2330,Finn Misra,Female,23,New,Coimbatore,Tamil Nadu,South,2021-11-18
2331,Oni Vohra,Male,59,New,Bhubaneswar,Odisha,East,2025-11-27
2332,Qarin Bhagat,Female,59,New,Ranchi,Jharkhand,East,2022-08-10
2333,Hema Mishra,Male,34,Regular,Pune,Maharashtra,West,2021-12-30
2334,Oni Subramaniam,Male,25,Regular,Jaipur,Rajasthan,North,2022-05-11
2335,Rajeshri Pant,Male,65,New,Jaipur,Rajasthan,North,2023-11-30
2336,Advaith Issac,Female,26,Regular,Amritsar,Punjab,North,2026-02-06
2337,Ekiya Nadig,Male,37,Regular,Ranchi,Jharkhand,East,2021-12-04
2338,Manbir Tata,Male,42,Regular,Amritsar,Punjab,North,2021-08-09
2339,Niharika Lall,Female,61,New,Ahmedabad,Gujarat,West,2025-11-10
2340,Shravya Dass,Male,24,Regular,Coimbatore,Tamil Nadu,South,2024-02-21
2341,Balhaar Kamdar,Female,38,Regular,Mumbai,Maharashtra,West,2024-09-15
2342,Osha Ganesan,Male,49,New,Hyderabad,Telangana,South,2025-04-07
2343,Ijaya Kadakia,Female,27,New,Pune,Maharashtra,West,2024-07-16
2344,Kamala Patla,Female,37,Regular,Amritsar,Punjab,North,2026-04-19
2345,Yadavi Dash,Female,58,Premium,Jaipur,Rajasthan,North,2021-08-13
2346,Odika Roy,Female,63,Regular,Kochi,Kerala,South,2025-01-12
2347,Gautami Comar,Female,27,Regular,Mumbai,Maharashtra,West,2023-04-18
2348,Priya Prakash,Male,29,Regular,Chennai,Tamil Nadu,South,2026-03-03
2349,Rajata Raj,Female,60,Regular,Surat,Gujarat,West,2022-06-03
2350,Bhanumati Chaudhary,Female,39,New,Bengaluru,Karnataka,South,2022-12-17
2351,Gaurav Babu,Female,43,Regular,Surat,Gujarat,West,2026-07-07
2352,Hemang Taneja,Female,36,Premium,Mumbai,Maharashtra,West,2024-08-13
2353,Sachi Thakur,Female,24,Regular,Coimbatore,Tamil Nadu,South,2025-04-15
2354,Bimala Salvi,Male,63,Premium,Hyderabad,Telangana,South,2024-06-10
2355,Lakshmi Contractor,Male,54,Regular,Ranchi,Jharkhand,East,2022-08-06
2356,Jeet Panchal,Female,36,New,Kochi,Kerala,South,2022-07-07
2357,Nitara Randhawa,Male,65,Premium,Chennai,Tamil Nadu,South,2026-05-17
2358,Udarsh Tripathi,Female,64,New,Bengaluru,Karnataka,South,2021-07-28
2359,Damyanti Sachdeva,Female,45,Regular,Chandigarh,Chandigarh,North,2022-12-15
2360,Oeshi Bali,Male,40,New,Bengaluru,Karnataka,South,2024-11-26
2361,Kavya Venkataraman,Male,25,New,Pune,Maharashtra,West,2021-08-12
2362,Gautami Garde,Female,27,Regular,Guwahati,Assam,East,2025-08-21
2363,Wyatt Raman,Male,25,New,Pune,Maharashtra,West,2026-05-02
2364,Charan Sanghvi,Female,37,Regular,Kochi,Kerala,South,2022-07-01
2365,Oscar Rau,Male,47,Regular,Kochi,Kerala,South,2022-03-07
2366,Rajeshri Kashyap,Female,41,New,Ahmedabad,Gujarat,West,2026-01-21
2367,Yamini Dani,Male,23,New,Delhi,Delhi,North,2022-01-12
2368,Abha Dutt,Male,19,Regular,Lucknow,Uttar Pradesh,North,2024-09-10
2369,Girik Chander,Male,55,New,Ahmedabad,Gujarat,West,2026-04-13
2370,Michael Bala,Female,59,Regular,Kochi,Kerala,South,2021-08-30
2371,Lavanya Bakshi,Male,24,Regular,Ahmedabad,Gujarat,West,2024-08-17
2372,Sudiksha Parmar,Male,43,Regular,Kolkata,West Bengal,East,2025-04-01
2373,Chameli Hari,Female,22,Regular,Lucknow,Uttar Pradesh,North,2022-06-20
2374,Kritika Lad,Male,29,Regular,Chandigarh,Chandigarh,North,2024-03-19
2375,Fitan Dhawan,Female,38,Regular,Bengaluru,Karnataka,South,2024-10-31
2376,Indrajit Sharaf,Male,54,New,Delhi,Delhi,North,2024-09-03
2377,Hredhaan Dhar,Male,53,New,Chennai,Tamil Nadu,South,2026-03-04
2378,Girik Brahmbhatt,Male,25,Regular,Kolkata,West Bengal,East,2022-12-13
2379,Sarthak Raman,Male,45,Regular,Patna,Bihar,East,2024-01-03
2380,Odika Borah,Female,20,Regular,Chandigarh,Chandigarh,North,2022-01-14
2381,Shivansh Saini,Female,26,Regular,Guwahati,Assam,East,2023-12-20
2382,Shravya Dyal,Female,56,Premium,Ahmedabad,Gujarat,West,2023-05-31
2383,Pranav Balay,Male,33,Premium,Bengaluru,Karnataka,South,2022-06-08
2384,Idika Sule,Male,37,Regular,Chandigarh,Chandigarh,North,2022-02-14
2385,Nathan Vig,Male,55,New,Chennai,Tamil Nadu,South,2026-07-06
2386,Reyansh Balan,Male,64,Regular,Patna,Bihar,East,2025-03-31
2387,Tarak Patla,Female,34,Regular,Mumbai,Maharashtra,West,2024-03-20
2388,Ayushman Narang,Female,47,Regular,Pune,Maharashtra,West,2022-02-09
2389,Jonathan Loyal,Female,62,Regular,Jaipur,Rajasthan,North,2022-03-25
2390,George Pall,Male,22,Regular,Coimbatore,Tamil Nadu,South,2022-11-26
2391,Unni Tandon,Female,54,Regular,Bhubaneswar,Odisha,East,2025-01-28
2392,Reyansh Krishna,Male,38,New,Kochi,Kerala,South,2023-09-19
2393,Maya Chauhan,Male,56,Regular,Surat,Gujarat,West,2022-05-26
2394,Noah Jha,Female,25,New,Bengaluru,Karnataka,South,2024-06-15
2395,Rachita Sehgal,Female,22,Premium,Amritsar,Punjab,North,2026-04-22
2396,Eiravati Chokshi,Female,39,New,Kolkata,West Bengal,East,2023-08-28
2397,Ryan Pandit,Male,35,New,Bhubaneswar,Odisha,East,2024-07-28
2398,Shivani Ganesh,Female,32,New,Delhi,Delhi,North,2023-05-29
2399,Nimrat Memon,Male,29,Regular,Mumbai,Maharashtra,West,2025-12-26
2400,Mitali Balan,Female,24,Regular,Guwahati,Assam,East,2024-07-22
2401,Pushti Grewal,Female,53,New,Guwahati,Assam,East,2022-02-09
2402,Tanveer Prabhu,Male,21,New,Guwahati,Assam,East,2023-04-29
2403,Jason Andra,Female,29,Regular,Hyderabad,Telangana,South,2023-05-25
2404,Falguni Kala,Female,48,New,Guwahati,Assam,East,2023-02-17
2405,Viraj Bhatti,Male,61,Regular,Hyderabad,Telangana,South,2023-11-12
2406,Teerth Chauhan,Male,42,Regular,Chennai,Tamil Nadu,South,2023-06-19
2407,Oviya Saran,Female,63,Regular,Kolkata,West Bengal,East,2024-05-04
2408,Rudra Hegde,Female,63,New,Coimbatore,Tamil Nadu,South,2023-02-15
2409,Wishi Batra,Female,40,Premium,Pune,Maharashtra,West,2021-10-13
2410,Jagdish Dash,Female,35,Regular,Indore,Madhya Pradesh,West,2026-06-28
2411,Leela Khalsa,Male,37,Regular,Indore,Madhya Pradesh,West,2023-10-20
2412,Andrew Agrawal,Female,38,New,Jaipur,Rajasthan,North,2024-06-02
2413,Karan Rau,Male,64,Regular,Delhi,Delhi,North,2026-02-04
2414,Geetika Babu,Male,54,New,Bengaluru,Karnataka,South,2021-09-20
2415,Ojasvi Mitra,Female,53,Regular,Delhi,Delhi,North,2021-11-18
2416,Mugdha Buch,Female,61,Premium,Mumbai,Maharashtra,West,2022-11-28
2417,Wakeeta Batta,Female,50,Regular,Kochi,Kerala,South,2024-04-26
2418,Wakeeta Dara,Male,57,New,Lucknow,Uttar Pradesh,North,2023-07-03
2419,Ayush Kapur,Female,62,New,Bengaluru,Karnataka,South,2025-10-02
2420,Liam Cheema,Male,56,Regular,Bhubaneswar,Odisha,East,2021-10-10
2421,Upkaar Garde,Male,29,New,Pune,Maharashtra,West,2026-07-04
2422,Abdul Ben,Male,50,New,Jaipur,Rajasthan,North,2021-12-22
2423,Indrajit Bava,Female,49,Regular,Kolkata,West Bengal,East,2022-11-01
2424,Aishani Narayan,Female,25,Regular,Pune,Maharashtra,West,2026-04-10
2425,Anamika Garde,Male,36,New,Bhubaneswar,Odisha,East,2024-12-22
2426,Jagdish Date,Female,34,Premium,Ranchi,Jharkhand,East,2026-02-28
2427,Odika Sekhon,Female,31,New,Bengaluru,Karnataka,South,2023-02-18
2428,Vanya Suri,Male,47,Premium,Guwahati,Assam,East,2024-11-16
2429,Vasudha Kara,Female,18,New,Mumbai,Maharashtra,West,2026-06-02
2430,Fitan Pandit,Female,40,Premium,Ahmedabad,Gujarat,West,2021-12-29
2431,Samesh Brahmbhatt,Female,64,Regular,Delhi,Delhi,North,2024-04-30
2432,Darpan Kala,Female,18,Regular,Kochi,Kerala,South,2021-11-29
2433,Upadhriti Rajan,Female,30,Premium,Lucknow,Uttar Pradesh,North,2021-08-07
2434,Harini Joshi,Male,44,New,Amritsar,Punjab,North,2022-06-23
2435,Devika Setty,Male,27,Premium,Lucknow,Uttar Pradesh,North,2025-08-10
2436,Kalpit Kanda,Female,43,Regular,Bhubaneswar,Odisha,East,2024-10-24
2437,Sneha Varghese,Female,45,Regular,Patna,Bihar,East,2026-02-13
2438,Raghav Biswas,Female,24,New,Coimbatore,Tamil Nadu,South,2022-07-20
2439,Damyanti Chaudry,Male,26,Regular,Surat,Gujarat,West,2022-12-04
2440,Imaran Khosla,Male,40,New,Ranchi,Jharkhand,East,2022-04-10
2441,Rachit Loke,Male,36,Regular,Bengaluru,Karnataka,South,2021-08-14
2442,Indira Lanka,Female,44,Regular,Chandigarh,Chandigarh,North,2021-09-05
2443,Irya Sankar,Male,60,Regular,Kolkata,West Bengal,East,2022-02-16
2444,Yadavi Sankar,Female,25,Regular,Kochi,Kerala,South,2022-08-06
2445,Ridhi Mahajan,Female,61,Regular,Surat,Gujarat,West,2024-01-28
2446,Lavanya Sami,Female,50,New,Hyderabad,Telangana,South,2023-05-21
2447,Neha Goda,Male,24,New,Pune,Maharashtra,West,2022-07-04
2448,Zilmil Sant,Male,40,New,Chandigarh,Chandigarh,North,2024-07-04
2449,Yuvraj Choudhry,Male,61,New,Chandigarh,Chandigarh,North,2022-01-30
2450,Balendra Lata,Male,45,New,Ranchi,Jharkhand,East,2022-08-20
2451,Anya Kara,Female,49,New,Ahmedabad,Gujarat,West,2022-09-24
2452,Manya Ramaswamy,Male,57,Premium,Lucknow,Uttar Pradesh,North,2025-12-13
2453,Warhi Jha,Male,33,Regular,Coimbatore,Tamil Nadu,South,2022-01-16
2454,Idika Mani,Female,62,New,Kolkata,West Bengal,East,2022-05-23
2455,Aarush Chandra,Male,48,Regular,Kochi,Kerala,South,2025-01-24
2456,Dalaja Khare,Male,30,New,Amritsar,Punjab,North,2022-06-18
2457,Ojas Grover,Male,26,Regular,Chennai,Tamil Nadu,South,2022-05-22
2458,Lucky Arya,Female,30,Regular,Mumbai,Maharashtra,West,2023-03-13
2459,Gaurika Bail,Male,57,Regular,Kochi,Kerala,South,2024-11-12
2460,Faraj Garde,Male,42,Regular,Bengaluru,Karnataka,South,2022-06-04
2461,Indira Som,Female,62,Premium,Indore,Madhya Pradesh,West,2024-12-06
2462,Yug Sodhi,Female,45,Premium,Chennai,Tamil Nadu,South,2024-06-14
2463,Bina Kari,Female,59,Regular,Mumbai,Maharashtra,West,2022-01-30
2464,Manan Chandra,Male,35,Regular,Jaipur,Rajasthan,North,2024-02-29
2465,Sneha Swaminathan,Female,63,Regular,Patna,Bihar,East,2022-01-13
2466,Vidhi Kulkarni,Female,21,New,Pune,Maharashtra,West,2025-03-18
2467,Ira Mitra,Male,21,Regular,Bengaluru,Karnataka,South,2023-05-11
2468,Isaiah Madan,Female,48,New,Bhubaneswar,Odisha,East,2025-02-01
2469,Manbir Roy,Male,45,Regular,Guwahati,Assam,East,2024-12-18
2470,Ishanvi Tank,Female,41,Regular,Hyderabad,Telangana,South,2025-10-26
2471,Jagvi Jhaveri,Male,24,New,Patna,Bihar,East,2021-09-09
2472,Krishna Chokshi,Male,39,Premium,Amritsar,Punjab,North,2025-04-04
2473,Parth Lanka,Female,33,Premium,Patna,Bihar,East,2026-05-13
2474,Garima Raman,Female,23,Regular,Bhubaneswar,Odisha,East,2026-02-02
2475,Dayamai Halder,Male,20,Regular,Chandigarh,Chandigarh,North,2024-06-25
2476,Jason Sant,Female,24,Premium,Chennai,Tamil Nadu,South,2021-09-28
2477,Bhavya Choudhary,Female,37,New,Amritsar,Punjab,North,2025-07-07
2478,Manan Shukla,Male,20,Regular,Pune,Maharashtra,West,2026-05-21
2479,Nicholas Mitter,Female,53,New,Chennai,Tamil Nadu,South,2024-12-10
2480,Chaitaly Aurora,Female,41,Regular,Guwahati,Assam,East,2023-12-21
2481,Barkha Dasgupta,Female,22,New,Mumbai,Maharashtra,West,2023-10-22
2482,Abdul Sani,Male,28,Premium,Surat,Gujarat,West,2021-10-20
2483,Chandresh Krishnamurthy,Female,20,Premium,Bhubaneswar,Odisha,East,2023-04-19
2484,Yadavi Dubey,Female,49,New,Chandigarh,Chandigarh,North,2022-03-23
2485,Luke Hegde,Female,50,Regular,Chandigarh,Chandigarh,North,2026-04-22
2486,Bina Kanda,Female,43,Premium,Indore,Madhya Pradesh,West,2023-09-12
2487,Yuvraj Raju,Male,18,Regular,Bhubaneswar,Odisha,East,2021-09-11
2488,Advika Mittal,Male,55,Premium,Coimbatore,Tamil Nadu,South,2023-08-26
2489,Rajata Naidu,Female,50,Regular,Amritsar,Punjab,North,2024-07-09
2490,Ryan Krishna,Male,36,Regular,Patna,Bihar,East,2025-07-23
2491,Charvi Mody,Male,28,New,Guwahati,Assam,East,2022-03-19
2492,Qadim Prashad,Male,36,New,Bengaluru,Karnataka,South,2021-12-18
2493,Gopal Devi,Female,26,Regular,Chandigarh,Chandigarh,North,2025-06-13
2494,Yahvi Parmar,Male,31,Regular,Kolkata,West Bengal,East,2024-03-03
2495,Unnati Salvi,Female,58,Regular,Delhi,Delhi,North,2023-11-17
2496,Ayaan Bala,Male,63,Regular,Patna,Bihar,East,2026-05-06
2497,Gaurang Dey,Female,57,Regular,Bhubaneswar,Odisha,East,2026-04-29
2498,Xavier Vala,Male,58,Premium,Patna,Bihar,East,2024-08-11
2499,Chatresh Ramaswamy,Male,64,Premium,Jaipur,Rajasthan,North,2023-05-27
2500,Turvi Vasa,Female,19,Regular,Bhubaneswar,Odisha,East,2022-03-02
2501,Frado Bhakta,Female,58,Regular,Lucknow,Uttar Pradesh,North,2023-11-02
2502,Gauri Chatterjee,Male,38,Regular,Kochi,Kerala,South,2022-11-20
2503,Garima Bhat,Female,27,Regular,Bhubaneswar,Odisha,East,2025-08-24
2504,Samarth Varty,Female,41,Premium,Pune,Maharashtra,West,2022-02-21
2505,Laban Kapoor,Male,49,New,Kochi,Kerala,South,2022-04-04
2506,Charvi Mukhopadhyay,Male,29,New,Kochi,Kerala,South,2026-01-05
2507,Vedhika Iyer,Female,64,Premium,Coimbatore,Tamil Nadu,South,2025-02-17
2508,Michael Dara,Male,37,Regular,Hyderabad,Telangana,South,2022-02-09
2509,Samarth Chawla,Female,61,Regular,Chennai,Tamil Nadu,South,2024-02-19
2510,Mahika Bhakta,Male,22,Premium,Bengaluru,Karnataka,South,2023-11-27
2511,Nidhi Sule,Female,59,New,Pune,Maharashtra,West,2026-03-02
2512,Abha Sarna,Male,64,Premium,Mumbai,Maharashtra,West,2026-06-14
2513,Rachana Dhingra,Male,42,Regular,Amritsar,Punjab,North,2025-10-31
2514,Lucky Khosla,Male,18,Regular,Mumbai,Maharashtra,West,2024-09-19
2515,Vamakshi Srinivasan,Male,23,Regular,Chandigarh,Chandigarh,North,2022-05-23
2516,Waida Pillai,Male,18,Premium,Bhubaneswar,Odisha,East,2022-12-26
2517,Libni Chhabra,Female,63,New,Amritsar,Punjab,North,2024-11-15
2518,Manbir Bala,Male,48,Regular,Chandigarh,Chandigarh,North,2023-11-09
2519,Lopa Apte,Female,39,Regular,Pune,Maharashtra,West,2022-12-14
2520,Sai Basak,Male,21,Regular,Pune,Maharashtra,West,2024-06-09
2521,Liam Sidhu,Male,19,Regular,Guwahati,Assam,East,2026-01-29
2522,Aradhana Andra,Female,24,New,Delhi,Delhi,North,2025-12-13
2523,Xiti Thakur,Male,32,New,Pune,Maharashtra,West,2026-06-12
2524,Yochana Bhatnagar,Female,42,Regular,Chandigarh,Chandigarh,North,2022-08-04
2525,Indira Nori,Female,32,Regular,Hyderabad,Telangana,South,2022-05-29
2526,Arya Mitter,Female,28,New,Mumbai,Maharashtra,West,2023-11-01
2527,Veda Puri,Male,36,New,Chandigarh,Chandigarh,North,2026-02-26
2528,Yashica Vora,Female,25,Premium,Kolkata,West Bengal,East,2026-05-08
2529,Ijaya Raval,Male,56,New,Kolkata,West Bengal,East,2022-10-31
2530,Nathan Kata,Female,51,Premium,Chennai,Tamil Nadu,South,2021-11-15
2531,Xalak Soni,Male,61,Regular,Guwahati,Assam,East,2022-01-07
2532,Warjas Cheema,Female,57,Regular,Pune,Maharashtra,West,2023-02-26
2533,Leena Salvi,Male,35,New,Patna,Bihar,East,2026-01-13
2534,Zashil Contractor,Female,63,New,Ahmedabad,Gujarat,West,2026-02-24
2535,Riya Prasad,Male,59,Regular,Delhi,Delhi,North,2021-09-21
2536,Owen Nagi,Male,42,Regular,Hyderabad,Telangana,South,2024-07-27
2537,Krishna Deol,Male,25,Regular,Surat,Gujarat,West,2022-01-27
2538,Rohan Krishnan,Male,23,New,Ahmedabad,Gujarat,West,2026-06-25
2539,Umang Jaggi,Male,42,Regular,Bhubaneswar,Odisha,East,2023-12-29
2540,Rehaan Chadha,Female,45,Regular,Patna,Bihar,East,2025-03-31
2541,Samar Bandi,Female,26,Regular,Surat,Gujarat,West,2024-06-12
2542,Jagvi Reddy,Female,53,Regular,Kochi,Kerala,South,2025-08-02
2543,Harini Goyal,Female,52,Regular,Indore,Madhya Pradesh,West,2024-05-18
2544,Ranveer Johal,Male,55,Regular,Kochi,Kerala,South,2024-12-12
2545,Xiti Pandey,Male,62,New,Indore,Madhya Pradesh,West,2024-05-22
2546,Ekalinga Sarna,Female,18,Regular,Chandigarh,Chandigarh,North,2023-04-27
2547,Ekavir Brar,Female,53,New,Bengaluru,Karnataka,South,2023-09-04
2548,Harrison Dalal,Male,21,Regular,Pune,Maharashtra,West,2022-03-04
2549,Ganga Bajaj,Male,36,Regular,Patna,Bihar,East,2024-01-12
2550,Zayan Ramakrishnan,Female,33,New,Pune,Maharashtra,West,2022-08-28
2551,Nakul Mani,Male,65,New,Chennai,Tamil Nadu,South,2025-01-19
2552,Zarna Tella,Male,42,New,Bengaluru,Karnataka,South,2021-11-28
2553,Indrajit Sinha,Female,21,Regular,Lucknow,Uttar Pradesh,North,2023-02-05
2554,Ayushman Bali,Male,48,Premium,Amritsar,Punjab,North,2026-03-22
2555,Sai Natt,Male,41,New,Bengaluru,Karnataka,South,2023-03-24
2556,Liam Jayaraman,Male,22,Premium,Bengaluru,Karnataka,South,2025-12-23
2557,David Keer,Female,27,Regular,Amritsar,Punjab,North,2024-04-09
2558,Hiral Bobal,Male,65,New,Kochi,Kerala,South,2024-01-02
2559,Varenya Dayal,Female,64,New,Ranchi,Jharkhand,East,2026-04-15
2560,Hemang Banik,Male,36,Regular,Ranchi,Jharkhand,East,2022-11-21
2561,Inaya Sankar,Male,59,Regular,Chandigarh,Chandigarh,North,2024-01-08
2562,Ansh Bhakta,Male,50,Regular,Amritsar,Punjab,North,2023-12-04
2563,Ladli Badami,Female,45,New,Bengaluru,Karnataka,South,2021-09-01
2564,Lila Purohit,Female,54,New,Indore,Madhya Pradesh,West,2024-04-19
2565,Prisha Devi,Female,28,Regular,Bhubaneswar,Odisha,East,2025-01-05
2566,Jhalak Pandey,Female,26,New,Kolkata,West Bengal,East,2022-02-11
2567,Dalbir Khanna,Male,32,New,Kochi,Kerala,South,2022-07-03
2568,Utkarsh Sachar,Male,62,New,Pune,Maharashtra,West,2022-09-11
2569,Alexander Krish,Female,59,Regular,Surat,Gujarat,West,2025-04-10
2570,Dakshesh Date,Male,21,Premium,Surat,Gujarat,West,2025-08-07
2571,Caleb Murthy,Male,35,Regular,Ranchi,Jharkhand,East,2023-09-24
2572,Brinda Dayal,Male,41,Premium,Delhi,Delhi,North,2023-04-14
2573,Jason Bose,Male,36,New,Kolkata,West Bengal,East,2024-07-26
2574,Warda Parikh,Male,22,Regular,Coimbatore,Tamil Nadu,South,2021-12-01
2575,Sachi Mittal,Male,37,New,Coimbatore,Tamil Nadu,South,2026-01-09
2576,Yash Vyas,Male,58,Regular,Coimbatore,Tamil Nadu,South,2026-03-30
2577,Yahvi Chawla,Female,23,Premium,Chandigarh,Chandigarh,North,2026-01-01
2578,Vedika Mammen,Female,20,Regular,Amritsar,Punjab,North,2021-10-21
2579,Vihaan Mody,Male,37,Regular,Jaipur,Rajasthan,North,2021-12-05
2580,Jason Pradhan,Female,43,Regular,Jaipur,Rajasthan,North,2025-03-31
2581,Balendra Keer,Female,64,New,Hyderabad,Telangana,South,2025-02-28
2582,Ishaan Bail,Male,39,Premium,Bhubaneswar,Odisha,East,2025-01-10
2583,Anamika Mall,Male,50,Regular,Indore,Madhya Pradesh,West,2024-01-12
2584,Frado Bhasin,Female,48,Regular,Bengaluru,Karnataka,South,2024-06-23
2585,Warhi Bahl,Male,27,Regular,Jaipur,Rajasthan,North,2022-12-06
2586,Sachi Basu,Male,63,Regular,Mumbai,Maharashtra,West,2025-11-07
2587,Qarin Sankar,Male,63,New,Chennai,Tamil Nadu,South,2022-08-29
2588,Azad Pall,Female,46,Regular,Coimbatore,Tamil Nadu,South,2024-03-13
2589,Adweta Kalita,Female,41,New,Hyderabad,Telangana,South,2026-03-23
2590,Radha Sane,Female,33,Regular,Mumbai,Maharashtra,West,2025-04-28
2591,Ikbal Rama,Male,27,Regular,Coimbatore,Tamil Nadu,South,2025-06-13
2592,Ubika Samra,Male,27,Regular,Mumbai,Maharashtra,West,2026-04-20
2593,Nicholas Raj,Male,49,Regular,Guwahati,Assam,East,2024-05-26
2594,Kevin Aurora,Female,28,Regular,Lucknow,Uttar Pradesh,North,2023-11-15
2595,Frederick Krish,Male,35,New,Bhubaneswar,Odisha,East,2022-12-09
2596,Geetika Rana,Male,22,Regular,Patna,Bihar,East,2025-05-24
2597,Janaki Luthra,Female,48,New,Kochi,Kerala,South,2021-09-23
2598,Jeet Mohanty,Male,25,Regular,Ranchi,Jharkhand,East,2024-10-31
2599,Aishani Gola,Female,36,New,Mumbai,Maharashtra,West,2024-05-18
2600,Ria Andra,Male,46,New,Surat,Gujarat,West,2023-10-03
2601,Varsha Kamdar,Female,41,Regular,Guwahati,Assam,East,2023-11-14
2602,Aradhana Murthy,Female,34,New,Lucknow,Uttar Pradesh,North,2023-07-31
2603,Pranit Kuruvilla,Male,65,Regular,Amritsar,Punjab,North,2026-04-21
2604,Aashi Talwar,Male,27,New,Coimbatore,Tamil Nadu,South,2025-05-14
2605,Manan Bawa,Female,28,New,Jaipur,Rajasthan,North,2022-03-04
2606,Qarin Toor,Male,42,Regular,Mumbai,Maharashtra,West,2022-09-13
2607,Benjamin Kari,Female,47,New,Mumbai,Maharashtra,West,2025-11-03
2608,Aarini Babu,Female,24,New,Indore,Madhya Pradesh,West,2021-11-03
2609,Chaitanya Keer,Male,43,Regular,Chandigarh,Chandigarh,North,2024-12-05
2610,Yashica Sawhney,Female,39,New,Pune,Maharashtra,West,2023-04-14
2611,Warjas Jani,Female,56,Regular,Jaipur,Rajasthan,North,2022-02-06
2612,Ojasvi Bora,Female,25,New,Pune,Maharashtra,West,2023-03-02
2613,Luke Bakshi,Male,52,New,Ranchi,Jharkhand,East,2024-09-29
2614,Gautami Reddy,Male,58,Regular,Kochi,Kerala,South,2023-03-03
2615,Upma Menon,Male,56,New,Hyderabad,Telangana,South,2026-01-09
2616,Jyoti Basu,Female,45,New,Mumbai,Maharashtra,West,2024-08-24
2617,Atharv Cherian,Male,31,Regular,Pune,Maharashtra,West,2022-12-28
2618,Yasti Trivedi,Female,34,New,Lucknow,Uttar Pradesh,North,2024-07-31
2619,Tanveer Radhakrishnan,Male,22,Regular,Bengaluru,Karnataka,South,2025-06-15
2620,Mason Raj,Male,37,New,Ranchi,Jharkhand,East,2025-09-09
2621,Faras Kapur,Male,60,Regular,Surat,Gujarat,West,2025-05-08
2622,Jairaj Wable,Male,23,Premium,Bhubaneswar,Odisha,East,2024-05-12
2623,Zinal Sastry,Female,28,Regular,Ahmedabad,Gujarat,West,2025-07-12
2624,Chaaya Kohli,Female,48,Premium,Hyderabad,Telangana,South,2023-02-14
2625,Vihaan Shah,Male,62,Regular,Indore,Madhya Pradesh,West,2023-03-07
2626,Wridesh Saxena,Female,18,Premium,Ahmedabad,Gujarat,West,2023-02-10
2627,Janaki Buch,Male,38,New,Bengaluru,Karnataka,South,2025-03-14
2628,Janaki Sule,Male,47,Regular,Kolkata,West Bengal,East,2023-04-19
2629,Omya Karpe,Female,25,Regular,Kochi,Kerala,South,2024-07-24
2630,Yash Reddy,Male,46,Regular,Ahmedabad,Gujarat,West,2024-05-20
2631,Abha Mangat,Male,20,Regular,Kochi,Kerala,South,2024-11-27
2632,Finn Rege,Female,62,Regular,Chennai,Tamil Nadu,South,2023-03-31
2633,Warda Hora,Female,31,New,Coimbatore,Tamil Nadu,South,2023-08-23
2634,Alexander Ganesan,Male,61,New,Bhubaneswar,Odisha,East,2026-01-14
2635,Upma Chaudhuri,Female,19,Regular,Jaipur,Rajasthan,North,2022-02-20
2636,Raagini Bajwa,Male,62,Regular,Patna,Bihar,East,2022-03-02
2637,Kevin Varma,Female,44,Premium,Surat,Gujarat,West,2024-12-26
2638,Pahal Pandya,Female,51,Regular,Patna,Bihar,East,2025-11-14
2639,Chaaya Dani,Male,47,Premium,Kolkata,West Bengal,East,2022-03-04
2640,Hritik Bath,Male,53,Regular,Ahmedabad,Gujarat,West,2023-03-22
2641,Saumya Rege,Female,42,New,Coimbatore,Tamil Nadu,South,2021-11-26
2642,Bimala Sood,Female,62,New,Ranchi,Jharkhand,East,2024-09-09
2643,Yashodhara Chacko,Male,23,Regular,Delhi,Delhi,North,2025-01-14
2644,Kala Setty,Female,24,Regular,Amritsar,Punjab,North,2022-04-19
2645,Patrick Trivedi,Male,58,New,Indore,Madhya Pradesh,West,2023-06-08
2646,Gunbir Kata,Male,60,Regular,Indore,Madhya Pradesh,West,2025-02-24
2647,Chanakya Vasa,Male,32,Premium,Ranchi,Jharkhand,East,2023-01-09
2648,Bhavika Naidu,Female,25,Regular,Indore,Madhya Pradesh,West,2026-01-09
2649,Luke Barman,Male,40,Regular,Kochi,Kerala,South,2023-06-16
2650,Qushi Venkataraman,Female,18,Regular,Surat,Gujarat,West,2025-08-10
2651,Hardik Palan,Female,35,New,Bhubaneswar,Odisha,East,2022-12-05
2652,Bhavna Mahal,Female,61,Regular,Patna,Bihar,East,2022-12-17
2653,Omkaar Mani,Female,20,Regular,Bengaluru,Karnataka,South,2023-12-21
2654,Hitesh Kata,Male,41,New,Delhi,Delhi,North,2026-03-26
2655,Gopal Jhaveri,Male,54,Regular,Patna,Bihar,East,2024-11-13
2656,Ayaan Baral,Female,30,Regular,Pune,Maharashtra,West,2024-04-18
2657,Abeer Suresh,Female,26,Regular,Mumbai,Maharashtra,West,2026-05-03
2658,Kala Jani,Female,38,Premium,Pune,Maharashtra,West,2025-09-12
2659,Sai Verma,Male,24,New,Kochi,Kerala,South,2022-12-11
2660,Chakrika Choudhary,Male,58,Regular,Coimbatore,Tamil Nadu,South,2022-03-02
2661,Sai Sankaran,Male,38,Regular,Ahmedabad,Gujarat,West,2025-02-12
2662,Laksh Mallick,Male,19,Premium,Bengaluru,Karnataka,South,2024-01-02
2663,Irya Brar,Male,19,New,Mumbai,Maharashtra,West,2025-03-12
2664,Falan Narain,Female,19,Regular,Amritsar,Punjab,North,2025-04-04
2665,Anya Setty,Female,29,Regular,Kochi,Kerala,South,2022-04-27
2666,Divya Barad,Female,30,New,Chennai,Tamil Nadu,South,2024-09-09
2667,Ranveer Banik,Female,60,New,Kochi,Kerala,South,2023-09-14
2668,Yatan Devan,Male,27,Regular,Jaipur,Rajasthan,North,2026-04-14
2669,Rohan Lanka,Male,25,Regular,Amritsar,Punjab,North,2024-06-20
2670,Rachit Taneja,Male,24,New,Indore,Madhya Pradesh,West,2023-11-20
2671,Gaurang Varty,Female,29,Regular,Hyderabad,Telangana,South,2022-12-13
2672,Aarush Saraf,Female,41,Regular,Delhi,Delhi,North,2025-10-28
2673,Pranav Barad,Male,49,Regular,Kochi,Kerala,South,2021-11-14
2674,Lajita Keer,Male,49,New,Lucknow,Uttar Pradesh,North,2023-08-17
2675,Pranit Mital,Female,42,Premium,Chandigarh,Chandigarh,North,2024-09-22
2676,Vedhika Suri,Male,29,New,Ranchi,Jharkhand,East,2025-09-27
2677,Ishanvi Srivastava,Male,60,Regular,Kolkata,West Bengal,East,2025-07-09
2678,Isaiah Mani,Female,40,New,Delhi,Delhi,North,2023-01-05
2679,Eshana Kota,Male,28,New,Indore,Madhya Pradesh,West,2023-08-20
2680,Patrick Shetty,Male,56,Regular,Kolkata,West Bengal,East,2024-11-06
2681,Idika Rao,Male,51,New,Amritsar,Punjab,North,2026-04-27
2682,Vrinda Sabharwal,Female,25,Regular,Chennai,Tamil Nadu,South,2025-01-22
2683,Bina Loyal,Female,26,New,Bengaluru,Karnataka,South,2024-12-21
2684,Darsh Naidu,Male,35,Regular,Bengaluru,Karnataka,South,2024-01-28
2685,Nisha Raman,Male,23,New,Ranchi,Jharkhand,East,2022-11-04
2686,Mohini Lad,Female,47,New,Guwahati,Assam,East,2025-08-01
2687,Vedika Kanda,Female,30,New,Surat,Gujarat,West,2026-02-05
2688,Darika Sem,Male,61,Regular,Bhubaneswar,Odisha,East,2023-03-27
2689,Samuel Choudhary,Male,55,Regular,Ranchi,Jharkhand,East,2023-08-02
2690,Kai Zacharia,Male,64,Regular,Bhubaneswar,Odisha,East,2026-04-11
2691,Ladli Chana,Female,45,Regular,Surat,Gujarat,West,2021-08-20
2692,Ira Bhatnagar,Male,56,Regular,Patna,Bihar,East,2025-06-09
2693,Janaki Wason,Male,54,New,Surat,Gujarat,West,2024-10-23
2694,Meghana Karnik,Male,46,Regular,Patna,Bihar,East,2022-07-12
2695,Kashvi Narula,Female,55,Premium,Bengaluru,Karnataka,South,2022-12-27
2696,Agastya Banik,Female,43,Regular,Ahmedabad,Gujarat,West,2023-08-09
2697,Yachana Rao,Male,38,Regular,Delhi,Delhi,North,2025-10-06
2698,Naksh Mandal,Female,33,New,Pune,Maharashtra,West,2025-06-29
2699,Yug Bandi,Female,41,Regular,Chandigarh,Chandigarh,North,2023-01-16
2700,Krishna Rattan,Male,18,Regular,Hyderabad,Telangana,South,2022-11-24
2701,Frado Bose,Female,31,Regular,Kolkata,West Bengal,East,2022-03-11
2702,Anmol Aurora,Female,32,Premium,Indore,Madhya Pradesh,West,2021-11-26
2703,Girish Raman,Female,56,New,Lucknow,Uttar Pradesh,North,2025-04-01
2704,Ekiya Sandal,Male,24,New,Coimbatore,Tamil Nadu,South,2022-07-04
2705,Chasmum Mahal,Male,54,Regular,Guwahati,Assam,East,2024-02-06
2706,Aishani Sinha,Female,38,Regular,Surat,Gujarat,West,2023-10-31
2707,Girik Kapadia,Male,49,New,Chennai,Tamil Nadu,South,2023-06-03
2708,Vasudha Mane,Female,44,New,Mumbai,Maharashtra,West,2026-05-16
2709,Lavanya Badal,Female,28,New,Delhi,Delhi,North,2026-01-28
2710,Kashish Chokshi,Female,33,New,Guwahati,Assam,East,2026-07-03
2711,Mekhala Kata,Male,59,Regular,Jaipur,Rajasthan,North,2023-10-19
2712,Ikbal Mukhopadhyay,Female,26,Regular,Lucknow,Uttar Pradesh,North,2023-10-09
2713,Girish Gara,Male,39,New,Mumbai,Maharashtra,West,2023-03-14
2714,Zaid Chacko,Female,24,Regular,Delhi,Delhi,North,2022-07-29
2715,Viraj Bhargava,Female,38,New,Ahmedabad,Gujarat,West,2022-03-30
2716,Nisha Mukhopadhyay,Male,53,New,Ranchi,Jharkhand,East,2025-05-17
2717,Balhaar Nagy,Male,43,Regular,Ranchi,Jharkhand,East,2025-03-28
2718,Abdul Loyal,Female,59,Premium,Ranchi,Jharkhand,East,2024-12-24
2719,Xalak Munshi,Male,19,Regular,Jaipur,Rajasthan,North,2024-12-27
2720,Ekanta Shenoy,Male,26,New,Bengaluru,Karnataka,South,2026-05-02
2721,Henry Sandal,Female,32,Premium,Jaipur,Rajasthan,North,2025-01-30
2722,Joshua Arya,Male,64,Regular,Bengaluru,Karnataka,South,2025-01-12
2723,Ojas Hora,Male,62,Regular,Guwahati,Assam,East,2022-05-07
2724,Balvan Samra,Male,25,Regular,Jaipur,Rajasthan,North,2023-09-22
2725,Logan Sahota,Male,34,Regular,Jaipur,Rajasthan,North,2024-01-05
2726,Jacob Saran,Female,35,New,Guwahati,Assam,East,2023-07-14
2727,Ekantika Prabhu,Female,25,New,Chennai,Tamil Nadu,South,2026-07-08
2728,Lohit Mannan,Male,55,New,Hyderabad,Telangana,South,2024-05-10
2729,Kamya Venkataraman,Male,51,New,Surat,Gujarat,West,2024-02-25
2730,Turvi Kade,Female,60,Regular,Coimbatore,Tamil Nadu,South,2024-07-23
2731,Nitesh Viswanathan,Female,64,Regular,Ahmedabad,Gujarat,West,2026-03-21
2732,Advaith Nadkarni,Male,34,Regular,Pune,Maharashtra,West,2025-02-10
2733,Upma Bhavsar,Female,53,New,Kolkata,West Bengal,East,2023-08-14
2734,Devika Guha,Male,22,Premium,Chennai,Tamil Nadu,South,2026-07-03
2735,Tara Narayanan,Male,18,Premium,Mumbai,Maharashtra,West,2022-07-14
2736,Naksh Bhavsar,Female,30,Regular,Kochi,Kerala,South,2022-01-04
2737,Hemani Atwal,Female,31,Premium,Mumbai,Maharashtra,West,2023-04-16
2738,Bhavani Sandhu,Female,59,Regular,Patna,Bihar,East,2026-03-06
2739,Jhalak Rau,Male,26,Premium,Coimbatore,Tamil Nadu,South,2024-06-16
2740,Faras Dua,Female,46,New,Hyderabad,Telangana,South,2026-03-17
2741,Ati Gokhale,Male,22,Regular,Kochi,Kerala,South,2022-01-19
2742,Jonathan Vig,Male,61,New,Ranchi,Jharkhand,East,2022-11-07
2743,Ganga Malhotra,Male,27,New,Guwahati,Assam,East,2024-06-22
2744,Shaurya Ganguly,Male,33,New,Mumbai,Maharashtra,West,2026-05-16
2745,Tarak Chand,Male,35,Regular,Lucknow,Uttar Pradesh,North,2021-07-19
2746,Luke Gala,Female,40,Regular,Lucknow,Uttar Pradesh,North,2026-03-09
2747,Ekiya Brahmbhatt,Male,40,Regular,Kolkata,West Bengal,East,2023-11-30
2748,Laksh Vaidya,Male,43,New,Pune,Maharashtra,West,2026-01-06
2749,Urmi Narain,Female,21,Regular,Indore,Madhya Pradesh,West,2025-07-28
2750,Wridesh Ramaswamy,Female,24,Regular,Ahmedabad,Gujarat,West,2023-01-18
2751,Urvi Pant,Female,30,Regular,Lucknow,Uttar Pradesh,North,2023-06-04
2752,Farhan Kala,Female,29,Regular,Bhubaneswar,Odisha,East,2023-02-04
2753,Luke Sarkar,Female,51,New,Guwahati,Assam,East,2026-04-25
2754,Zashil Dara,Male,59,New,Mumbai,Maharashtra,West,2024-05-04
2755,Ijaya Gokhale,Male,25,Premium,Bengaluru,Karnataka,South,2024-04-29
2756,Unnati Pal,Female,33,New,Delhi,Delhi,North,2021-08-30
2757,Rayaan Raja,Male,35,Regular,Amritsar,Punjab,North,2025-03-06
2758,Rohan Sathe,Female,43,Premium,Coimbatore,Tamil Nadu,South,2023-05-29
2759,Abdul Mukherjee,Male,64,Regular,Mumbai,Maharashtra,West,2023-05-05
2760,Zehaan Thakkar,Male,28,New,Ranchi,Jharkhand,East,2023-03-07
2761,Bahadurjit Maharaj,Female,63,New,Hyderabad,Telangana,South,2026-02-22
2762,Caleb Kulkarni,Male,29,New,Kolkata,West Bengal,East,2024-09-29
2763,Azaan Sinha,Male,28,Regular,Ahmedabad,Gujarat,West,2022-11-27
2764,Vritti Ghose,Male,29,Regular,Kolkata,West Bengal,East,2026-07-10
2765,Balvan Pingle,Male,18,New,Ranchi,Jharkhand,East,2023-11-26
2766,Peter Deep,Female,19,Premium,Surat,Gujarat,West,2021-09-05
2767,Daksh Sawhney,Male,28,Regular,Hyderabad,Telangana,South,2021-12-13
2768,Dipta Chatterjee,Female,48,New,Amritsar,Punjab,North,2024-09-21
2769,Rishi Badal,Male,48,Regular,Lucknow,Uttar Pradesh,North,2025-10-29
2770,Omkaar Peri,Male,54,Regular,Delhi,Delhi,North,2023-03-14
2771,Omaja Bhat,Male,27,New,Bhubaneswar,Odisha,East,2024-02-13
2772,Amara Chacko,Female,65,New,Delhi,Delhi,North,2021-11-10
2773,Anya Issac,Female,65,Regular,Ranchi,Jharkhand,East,2022-05-26
2774,Oscar Aggarwal,Female,60,Regular,Guwahati,Assam,East,2024-12-24
2775,Jacob Om,Female,47,Regular,Ahmedabad,Gujarat,West,2023-02-03
2776,Ubika Chakrabarti,Female,63,Regular,Jaipur,Rajasthan,North,2023-11-13
2777,Qabil Chadha,Female,25,New,Guwahati,Assam,East,2022-02-12
2778,Omkaar Anne,Male,27,New,Guwahati,Assam,East,2022-06-19
2779,Triveni Bumb,Male,40,Regular,Pune,Maharashtra,West,2022-08-16
2780,Darika Halder,Male,54,New,Mumbai,Maharashtra,West,2025-12-03
2781,Dayita Bera,Male,65,New,Ahmedabad,Gujarat,West,2025-04-10
2782,Pranav Mallick,Female,58,Regular,Chandigarh,Chandigarh,North,2023-06-08
2783,Odika Kara,Female,51,Premium,Jaipur,Rajasthan,North,2022-03-28
2784,Ryan Goel,Female,39,Regular,Hyderabad,Telangana,South,2025-09-18
2785,Ria Lalla,Female,35,Premium,Indore,Madhya Pradesh,West,2026-06-08
2786,Januja Palla,Male,55,New,Bhubaneswar,Odisha,East,2021-12-30
2787,Onkar Bansal,Male,45,Premium,Guwahati,Assam,East,2025-05-26
2788,Nachiket Yogi,Female,36,New,Indore,Madhya Pradesh,West,2026-04-15
2789,Idika Mani,Female,61,Premium,Delhi,Delhi,North,2024-05-19
2790,Gautam Varghese,Male,51,Premium,Kochi,Kerala,South,2022-07-29
2791,Tejas Sibal,Male,37,Regular,Guwahati,Assam,East,2025-05-28
2792,Zansi Grewal,Male,36,Premium,Ahmedabad,Gujarat,West,2022-11-03
2793,Ekantika Pradhan,Male,31,Regular,Lucknow,Uttar Pradesh,North,2023-11-30
2794,Ekantika Cheema,Male,21,New,Guwahati,Assam,East,2024-05-10
2795,Nathan Sama,Male,45,Regular,Ahmedabad,Gujarat,West,2024-09-07
2796,Harish Grover,Male,34,Regular,Kolkata,West Bengal,East,2023-11-30
2797,Nicholas Sibal,Female,50,New,Hyderabad,Telangana,South,2026-02-07
2798,Reva Shan,Female,27,Regular,Bengaluru,Karnataka,South,2024-04-08
2799,Mohini Solanki,Male,36,Premium,Kochi,Kerala,South,2024-07-03
2800,Kashvi Nazareth,Female,40,New,Bengaluru,Karnataka,South,2025-09-15
2801,Charita Baria,Female,43,Regular,Kochi,Kerala,South,2023-12-13
2802,Yashica Chokshi,Female,56,Premium,Jaipur,Rajasthan,North,2026-05-23
2803,Nandini Balakrishnan,Female,61,Premium,Bhubaneswar,Odisha,East,2023-08-23
2804,Charita Viswanathan,Male,61,Premium,Guwahati,Assam,East,2022-05-10
2805,Kalpit Nath,Male,44,Regular,Hyderabad,Telangana,South,2022-07-12
2806,Gautam More,Female,23,Premium,Hyderabad,Telangana,South,2025-06-24
2807,Hiral Shanker,Female,52,Regular,Guwahati,Assam,East,2025-07-02
2808,Aadi Divan,Female,24,New,Kochi,Kerala,South,2023-07-08
2809,Charvi Mohanty,Female,62,Regular,Coimbatore,Tamil Nadu,South,2022-07-16
2810,Samar Sarkar,Female,47,Regular,Guwahati,Assam,East,2021-12-08
2811,Mitesh Prasad,Female,44,New,Ranchi,Jharkhand,East,2021-12-26
2812,Hemangini Chaudhry,Male,53,Regular,Surat,Gujarat,West,2021-07-24
2813,Simon Sodhi,Male,26,Regular,Lucknow,Uttar Pradesh,North,2023-11-22
2814,Xavier Char,Female,26,New,Bhubaneswar,Odisha,East,2024-11-17
2815,Kiaan Ratta,Female,26,Regular,Kolkata,West Bengal,East,2023-06-23
2816,Panini Ramesh,Female,51,Regular,Mumbai,Maharashtra,West,2025-05-27
2817,Vrinda Bala,Male,21,Regular,Mumbai,Maharashtra,West,2024-03-16
2818,Wahab Pillay,Female,56,New,Kolkata,West Bengal,East,2022-08-24
2819,Mitali Brahmbhatt,Female,62,New,Jaipur,Rajasthan,North,2023-05-07
2820,Xalak Guha,Male,65,Regular,Kolkata,West Bengal,East,2024-10-06
2821,Radhika Chander,Male,53,Premium,Chandigarh,Chandigarh,North,2021-10-03
2822,Pavani Dora,Male,61,New,Pune,Maharashtra,West,2023-03-27
2823,Vasana Banerjee,Female,64,Regular,Hyderabad,Telangana,South,2022-12-17
2824,Praneel Gade,Male,25,New,Lucknow,Uttar Pradesh,North,2022-11-03
2825,Udyati Butala,Male,56,New,Delhi,Delhi,North,2023-07-12
2826,Nidhi Arora,Male,33,Regular,Amritsar,Punjab,North,2023-04-08
2827,Yashica Rajagopalan,Female,19,Regular,Bengaluru,Karnataka,South,2022-05-04
2828,Vedika Ratti,Male,25,New,Surat,Gujarat,West,2024-12-19
2829,Chavvi Sandal,Female,29,Regular,Ranchi,Jharkhand,East,2023-08-25
2830,Shravya Thakkar,Female,57,New,Coimbatore,Tamil Nadu,South,2022-10-30
2831,Gautami Warrior,Male,45,Regular,Indore,Madhya Pradesh,West,2023-05-27
2832,Praneel Samra,Male,27,Regular,Bengaluru,Karnataka,South,2026-05-25
2833,Fariq Doctor,Male,48,New,Chennai,Tamil Nadu,South,2024-03-12
2834,Rudra Varma,Female,60,New,Ahmedabad,Gujarat,West,2021-07-27
2835,Radhika Bava,Female,41,Regular,Amritsar,Punjab,North,2025-08-08
2836,Jairaj Suri,Female,62,Premium,Ranchi,Jharkhand,East,2023-11-11
2837,Kala Krishnan,Female,45,Premium,Lucknow,Uttar Pradesh,North,2023-11-02
2838,Arjun Loke,Female,47,New,Bengaluru,Karnataka,South,2023-08-31
2839,Omisha Badal,Female,18,Regular,Amritsar,Punjab,North,2022-06-06
2840,Balendra Choudhury,Female,20,Regular,Kolkata,West Bengal,East,2023-10-09
2841,Meghana Kothari,Female,64,Regular,Bhubaneswar,Odisha,East,2023-04-28
2842,Jonathan Dhillon,Male,28,Regular,Ahmedabad,Gujarat,West,2022-05-31
2843,Anvi Pai,Male,40,Premium,Guwahati,Assam,East,2024-09-13
2844,Tara Baria,Male,29,Premium,Indore,Madhya Pradesh,West,2026-05-25
2845,Balvan Din,Female,47,Regular,Hyderabad,Telangana,South,2021-12-01
2846,Lavanya Vala,Female,43,Regular,Hyderabad,Telangana,South,2024-08-01
2847,Geetika Mittal,Female,48,Regular,Lucknow,Uttar Pradesh,North,2026-06-09
2848,Qarin Kurian,Female,26,New,Coimbatore,Tamil Nadu,South,2023-08-25
2849,Rachita Dada,Female,55,Regular,Guwahati,Assam,East,2025-02-22
2850,Chavvi Varkey,Male,19,Regular,Mumbai,Maharashtra,West,2025-07-03
2851,Chandran Prasad,Male,60,Regular,Chennai,Tamil Nadu,South,2024-03-26
2852,Rajeshri Maharaj,Female,38,New,Lucknow,Uttar Pradesh,North,2024-05-27
2853,Aradhana Thaker,Male,29,New,Chennai,Tamil Nadu,South,2025-04-09
2854,Pratyush Mane,Male,21,Premium,Surat,Gujarat,West,2024-11-22
2855,Sarthak Bahl,Male,65,New,Kolkata,West Bengal,East,2022-11-25
2856,Anvi Loke,Female,56,Regular,Lucknow,Uttar Pradesh,North,2025-06-12
2857,Gunbir Kant,Female,24,New,Chandigarh,Chandigarh,North,2023-11-06
2858,Timothy Bhatt,Male,58,New,Surat,Gujarat,West,2022-08-29
2859,Osha Narasimhan,Female,49,New,Chennai,Tamil Nadu,South,2024-08-05
2860,Advik Oza,Male,30,New,Ahmedabad,Gujarat,West,2024-03-30
2861,Sai Doshi,Male,23,Premium,Kochi,Kerala,South,2023-03-29
2862,Shivansh Walia,Male,20,New,Delhi,Delhi,North,2023-11-05
2863,Aadhya Rau,Female,44,Premium,Bengaluru,Karnataka,South,2025-01-09
2864,Vidhi Pai,Male,61,Regular,Jaipur,Rajasthan,North,2021-09-11
2865,Daksha Manne,Male,54,Regular,Pune,Maharashtra,West,2021-12-13
2866,Unni Balan,Female,40,Regular,Indore,Madhya Pradesh,West,2025-04-16
2867,Indira Sankar,Female,45,Regular,Bengaluru,Karnataka,South,2022-04-25
2868,Bhanumati Swaminathan,Male,26,Regular,Mumbai,Maharashtra,West,2023-08-12
2869,Karan Radhakrishnan,Male,49,New,Kolkata,West Bengal,East,2026-06-27
2870,Gunbir Randhawa,Female,19,Regular,Bengaluru,Karnataka,South,2024-07-28
2871,Bimala Gokhale,Female,42,Premium,Hyderabad,Telangana,South,2022-08-17
2872,Nilima Pandey,Male,36,Premium,Kolkata,West Bengal,East,2025-11-11
2873,Arya Nagarajan,Male,51,Premium,Amritsar,Punjab,North,2025-04-17
2874,Eesha Thakkar,Male,52,Regular,Ranchi,Jharkhand,East,2025-05-22
2875,Umang Raval,Female,34,Regular,Amritsar,Punjab,North,2024-03-19
2876,Bhavini Sengupta,Female,44,Regular,Delhi,Delhi,North,2024-01-05
2877,Mugdha Mani,Female,21,Regular,Bhubaneswar,Odisha,East,2022-04-27
2878,Ucchal Gera,Female,60,New,Chennai,Tamil Nadu,South,2021-07-21
2879,Leela Sahota,Female,22,Regular,Chandigarh,Chandigarh,North,2024-12-14
2880,Ranbir Balakrishnan,Male,44,New,Jaipur,Rajasthan,North,2026-05-29
2881,Yahvi Buch,Female,26,New,Amritsar,Punjab,North,2024-08-18
2882,Arin Nair,Male,20,Premium,Kolkata,West Bengal,East,2024-07-14
2883,Urmi Chand,Male,59,New,Indore,Madhya Pradesh,West,2024-08-02
2884,Lopa Vaidya,Female,37,New,Ranchi,Jharkhand,East,2026-04-19
2885,Tanvi Pillay,Male,19,New,Bengaluru,Karnataka,South,2025-11-08
2886,Parth Sodhi,Female,61,Premium,Coimbatore,Tamil Nadu,South,2025-02-25
2887,Ekantika Deo,Female,21,Regular,Amritsar,Punjab,North,2026-03-23
2888,Samuel Shenoy,Male,45,Regular,Surat,Gujarat,West,2023-01-01
2889,Wyatt Goel,Male,25,Regular,Indore,Madhya Pradesh,West,2023-10-31
2890,Garima Dutta,Female,40,Regular,Mumbai,Maharashtra,West,2026-05-27
2891,Abhimanyu Bali,Female,21,New,Hyderabad,Telangana,South,2022-10-05
2892,Zinal Singhal,Male,55,Regular,Chennai,Tamil Nadu,South,2024-12-12
2893,Omisha Lad,Female,65,Regular,Chandigarh,Chandigarh,North,2025-11-06
2894,Arjun Sarna,Male,21,Regular,Delhi,Delhi,North,2025-12-14
2895,Brinda Rao,Male,46,New,Delhi,Delhi,North,2023-12-10
2896,Januja Ratta,Male,38,Premium,Hyderabad,Telangana,South,2025-09-05
2897,Priya Dash,Male,36,Regular,Guwahati,Assam,East,2025-02-13
2898,Isaac Gara,Female,48,New,Coimbatore,Tamil Nadu,South,2022-01-20
2899,Lucky Kibe,Male,34,Regular,Delhi,Delhi,North,2023-05-15
2900,Aishani Chatterjee,Female,32,New,Kochi,Kerala,South,2025-07-07
2901,Tara Swamy,Female,53,New,Ahmedabad,Gujarat,West,2023-03-09
2902,Hema Merchant,Female,38,Regular,Bhubaneswar,Odisha,East,2025-04-19
2903,Shravya Kuruvilla,Female,44,New,Delhi,Delhi,North,2024-12-25
2904,Logan Divan,Male,31,Regular,Ahmedabad,Gujarat,West,2024-05-18
2905,Timothy Prabhakar,Male,37,Regular,Coimbatore,Tamil Nadu,South,2024-02-23
2906,Damyanti Dutt,Female,64,New,Bengaluru,Karnataka,South,2024-05-09
2907,Vaishnavi Sarraf,Male,62,Premium,Bengaluru,Karnataka,South,2024-05-17
2908,Kabir Din,Male,19,New,Surat,Gujarat,West,2024-11-26
2909,Aarini Kari,Female,35,New,Mumbai,Maharashtra,West,2024-07-28
2910,Chavvi Divan,Male,21,New,Ahmedabad,Gujarat,West,2021-09-04
2911,Januja Trivedi,Female,49,New,Guwahati,Assam,East,2024-06-16
2912,Vansha Garde,Female,46,New,Lucknow,Uttar Pradesh,North,2025-04-06
2913,Yachana Murthy,Male,42,Regular,Chandigarh,Chandigarh,North,2026-05-26
2914,Vedhika Gara,Male,60,Premium,Kochi,Kerala,South,2024-02-26
2915,Parth Sule,Female,19,New,Kolkata,West Bengal,East,2025-11-21
2916,Dhruv Oommen,Male,19,Regular,Patna,Bihar,East,2026-01-09
2917,Udarsh Doctor,Female,45,Regular,Guwahati,Assam,East,2022-08-29
2918,Ronith Parikh,Female,64,Regular,Delhi,Delhi,North,2022-12-05
2919,Vedant Jain,Female,45,Regular,Guwahati,Assam,East,2024-01-12
2920,Mohini Chaudhary,Female,47,New,Bhubaneswar,Odisha,East,2023-05-10
2921,Anika Warrior,Male,35,New,Chennai,Tamil Nadu,South,2026-04-19
2922,Daksh Sekhon,Male,52,Regular,Kolkata,West Bengal,East,2025-10-08
2923,Yash Kunda,Female,20,Regular,Patna,Bihar,East,2024-05-15
2924,Yash Kari,Female,60,New,Patna,Bihar,East,2025-07-10
2925,Peter Baria,Male,25,Regular,Guwahati,Assam,East,2024-12-25
2926,Arunima Chand,Female,34,Premium,Guwahati,Assam,East,2026-06-08
2927,Kevin Virk,Female,19,Regular,Kochi,Kerala,South,2025-04-02
2928,Vedant Kohli,Female,20,Premium,Mumbai,Maharashtra,West,2023-01-19
2929,Ucchal Chaudhari,Male,44,Regular,Ranchi,Jharkhand,East,2024-06-19
2930,Eiravati Bora,Male,35,Regular,Amritsar,Punjab,North,2024-03-21
2931,Riya Chacko,Female,29,Regular,Kolkata,West Bengal,East,2022-07-08
2932,Tanveer Sur,Female,49,Regular,Patna,Bihar,East,2023-12-01
2933,Qushi Choudhury,Male,27,New,Chennai,Tamil Nadu,South,2023-01-14
2934,Robert Shan,Male,59,Regular,Chandigarh,Chandigarh,North,2025-02-19
2935,Niharika Madan,Female,55,Regular,Chandigarh,Chandigarh,North,2026-07-01
2936,Falguni Tripathi,Male,21,New,Kolkata,West Bengal,East,2023-12-31
2937,Chandani Lalla,Male,61,Regular,Patna,Bihar,East,2023-12-14
2938,Harita Maharaj,Male,56,Regular,Guwahati,Assam,East,2025-11-15
2939,Ria Choudhury,Male,22,Premium,Hyderabad,Telangana,South,2024-12-04
2940,Vinaya Ahuja,Male,33,New,Mumbai,Maharashtra,West,2026-06-04
2941,Warhi Gade,Female,61,New,Hyderabad,Telangana,South,2023-02-18
2942,Daksha Chandra,Female,36,Regular,Mumbai,Maharashtra,West,2022-06-06
2943,Hema Yohannan,Female,56,New,Bengaluru,Karnataka,South,2026-03-01
2944,Ikbal Kata,Female,59,Regular,Patna,Bihar,East,2025-08-25
2945,Ekaja Wali,Female,57,Regular,Ranchi,Jharkhand,East,2022-08-08
2946,Shivansh Dubey,Female,20,New,Chandigarh,Chandigarh,North,2023-11-24
2947,Meghana Garg,Male,24,Regular,Bhubaneswar,Odisha,East,2023-02-26
2948,Eshana Varty,Female,31,Regular,Hyderabad,Telangana,South,2025-10-19
2949,Amruta Karnik,Male,60,Regular,Indore,Madhya Pradesh,West,2026-06-11
2950,Chavvi Prabhakar,Male,22,Premium,Kochi,Kerala,South,2026-03-15
2951,Irya Murty,Female,52,Regular,Coimbatore,Tamil Nadu,South,2022-04-05
2952,Maya Sahni,Male,56,Regular,Amritsar,Punjab,North,2023-10-14
2953,Christopher Rege,Female,38,Regular,Indore,Madhya Pradesh,West,2021-07-25
2954,Tanmayi Mahal,Female,33,Regular,Bhubaneswar,Odisha,East,2023-04-22
2955,Sathvik Kunda,Female,32,Premium,Bhubaneswar,Odisha,East,2021-08-19
2956,Arjun Nagy,Male,62,Regular,Ahmedabad,Gujarat,West,2023-01-04
2957,Eshana Iyengar,Female,41,Regular,Kochi,Kerala,South,2023-09-04
2958,Anusha Chhabra,Male,41,Premium,Jaipur,Rajasthan,North,2025-07-10
2959,Eshana Srinivasan,Male,46,New,Indore,Madhya Pradesh,West,2021-11-27
2960,Chakradhar Ramakrishnan,Male,52,Regular,Pune,Maharashtra,West,2026-03-31
2961,Zaid Mammen,Male,56,New,Kochi,Kerala,South,2024-12-22
2962,Daniel Chaudhuri,Female,38,New,Patna,Bihar,East,2026-06-22
2963,Anya Yogi,Female,44,New,Delhi,Delhi,North,2021-10-25
2964,Indrajit Sodhi,Female,58,Premium,Coimbatore,Tamil Nadu,South,2023-05-20
2965,Ekta Sachdev,Female,18,Premium,Chennai,Tamil Nadu,South,2022-03-17
2966,Chandani Iyengar,Female,34,Regular,Bengaluru,Karnataka,South,2025-08-29
2967,Yatan Narang,Male,20,Regular,Mumbai,Maharashtra,West,2024-05-06
2968,Bishakha Bains,Male,22,Regular,Mumbai,Maharashtra,West,2024-05-26
2969,Dipta Patel,Female,45,Premium,Coimbatore,Tamil Nadu,South,2022-03-28
2970,Tanish Gour,Female,62,Regular,Bhubaneswar,Odisha,East,2026-01-23
2971,Triveni Pathak,Male,39,Regular,Hyderabad,Telangana,South,2023-02-21
2972,Aadhya Bajaj,Male,64,New,Guwahati,Assam,East,2023-03-15
2973,Prisha Randhawa,Female,46,Regular,Delhi,Delhi,North,2022-03-28
2974,Darpan Vala,Female,36,Regular,Surat,Gujarat,West,2025-07-26
2975,Azad Thaman,Male,64,Regular,Pune,Maharashtra,West,2023-05-28
2976,Vyanjana Mandal,Male,55,New,Chandigarh,Chandigarh,North,2025-11-26
2977,Faqid Chanda,Female,38,Regular,Ranchi,Jharkhand,East,2024-05-30
2978,Nathan Varghese,Female,24,New,Pune,Maharashtra,West,2026-05-29
2979,Upadhriti Halder,Female,39,Regular,Hyderabad,Telangana,South,2025-10-08
2980,Aradhana Shroff,Female,36,Premium,Amritsar,Punjab,North,2025-04-18
2981,Ganga Bora,Female,29,Regular,Ranchi,Jharkhand,East,2023-10-17
2982,Sudiksha Wable,Male,45,New,Bengaluru,Karnataka,South,2022-06-11
2983,Ansh Ratti,Female,24,Regular,Guwahati,Assam,East,2025-06-11
2984,Madhavi Bahl,Male,25,Regular,Patna,Bihar,East,2024-05-30
2985,Prisha Dora,Female,46,Regular,Patna,Bihar,East,2021-07-30
2986,Eta Walia,Female,34,Premium,Chennai,Tamil Nadu,South,2022-10-30
2987,Isha Dua,Female,27,New,Chandigarh,Chandigarh,North,2023-10-29
2988,Samuel Morar,Male,19,Regular,Chandigarh,Chandigarh,North,2022-06-25
2989,Balveer Datta,Male,18,Regular,Amritsar,Punjab,North,2022-06-11
2990,Falak Murty,Female,31,Premium,Mumbai,Maharashtra,West,2024-03-27
2991,Saksham Mitter,Female,64,New,Guwahati,Assam,East,2026-03-07
2992,Viraj Kalla,Male,47,Regular,Indore,Madhya Pradesh,West,2022-05-09
2993,Laksh Sarraf,Male,46,Regular,Kolkata,West Bengal,East,2025-05-26
2994,Atharv Sawhney,Female,23,Regular,Surat,Gujarat,West,2022-02-24
2995,Lajita Bawa,Male,40,New,Hyderabad,Telangana,South,2025-11-15
2996,Rushil Jha,Male,38,Premium,Chandigarh,Chandigarh,North,2023-10-09
2997,Girik Gill,Female,35,New,Coimbatore,Tamil Nadu,South,2025-05-23
2998,Nicholas Kadakia,Male,63,New,Indore,Madhya Pradesh,West,2024-01-26
2999,Ishita Nadig,Female,24,New,Kolkata,West Bengal,East,2022-02-19
3000,Gautam Tripathi,Male,58,Premium,Bhubaneswar,Odisha,East,2023-08-12
3001,Yashoda Choudhury,Male,55,Regular,Chandigarh,Chandigarh,North,2023-05-03
3002,Abhimanyu Rai,Male,34,Regular,Pune,Maharashtra,West,2026-04-06
3003,Harish Pant,Female,29,New,Pune,Maharashtra,West,2025-07-21
3004,Dhruv Saraf,Male,30,Regular,Ahmedabad,Gujarat,West,2023-05-04
3005,Veer Chad,Male,18,Regular,Amritsar,Punjab,North,2026-04-08
3006,Urishilla Babu,Female,53,Regular,Mumbai,Maharashtra,West,2024-10-15
3007,Ekiya Bath,Male,44,Premium,Chennai,Tamil Nadu,South,2026-04-18
3008,Peter Andra,Female,58,New,Guwahati,Assam,East,2022-03-29
3009,Logan Singhal,Female,51,Regular,Hyderabad,Telangana,South,2022-03-05
3010,Shaurya Memon,Male,36,New,Hyderabad,Telangana,South,2025-05-07
3011,Nakul Saini,Female,56,Regular,Surat,Gujarat,West,2023-05-25
3012,Pratyush Patla,Female,36,New,Guwahati,Assam,East,2022-05-26
3013,Nicholas Balan,Male,36,New,Chandigarh,Chandigarh,North,2025-12-07
3014,Netra Prakash,Female,33,Regular,Surat,Gujarat,West,2024-01-10
3015,Ekani Balakrishnan,Male,47,Regular,Mumbai,Maharashtra,West,2026-01-30
3016,Ayush Singhal,Female,62,New,Kolkata,West Bengal,East,2025-06-15
3017,Nikita Batra,Female,49,Regular,Pune,Maharashtra,West,2021-09-15
3018,Nakul Chaudhry,Male,36,Regular,Pune,Maharashtra,West,2024-03-26
3019,George Saini,Male,44,New,Guwahati,Assam,East,2021-08-11
3020,Vamakshi Shetty,Female,34,Regular,Amritsar,Punjab,North,2026-06-24
3021,Krish Acharya,Female,46,New,Ranchi,Jharkhand,East,2026-06-15
3022,Aarini Dave,Female,21,Regular,Surat,Gujarat,West,2023-02-03
3023,Gopal Sridhar,Male,39,Regular,Ranchi,Jharkhand,East,2023-02-24
3024,Jeremiah Kanda,Female,44,New,Jaipur,Rajasthan,North,2024-01-01
3025,Umang Butala,Male,52,New,Coimbatore,Tamil Nadu,South,2024-02-10
3026,Barkha Cheema,Female,26,Regular,Bengaluru,Karnataka,South,2025-04-02
3027,Qasim Mitra,Female,23,Premium,Delhi,Delhi,North,2022-10-14
3028,Zinal Varughese,Male,59,Regular,Patna,Bihar,East,2023-03-07
3029,Karan Narang,Male,41,Regular,Amritsar,Punjab,North,2024-06-03
3030,Bakhshi Rajan,Female,63,Regular,Chennai,Tamil Nadu,South,2023-08-25
3031,Qabil Atwal,Male,41,New,Hyderabad,Telangana,South,2024-09-11
3032,Wazir Edwin,Male,53,Regular,Ranchi,Jharkhand,East,2022-04-02
3033,Vasana Sule,Male,19,Regular,Bengaluru,Karnataka,South,2023-07-09
3034,Nidra Seth,Female,49,New,Amritsar,Punjab,North,2025-10-28
3035,Adya Sarraf,Female,37,New,Chandigarh,Chandigarh,North,2026-07-02
3036,Yoshita Nazareth,Male,20,New,Chandigarh,Chandigarh,North,2022-02-15
3037,Aadhya Om,Female,59,Regular,Kolkata,West Bengal,East,2023-03-23
3038,Tanmayi Char,Female,23,Premium,Pune,Maharashtra,West,2025-07-28
3039,Zilmil Lall,Female,19,New,Delhi,Delhi,North,2024-11-16
3040,Pooja Bal,Male,24,Regular,Amritsar,Punjab,North,2021-11-07
3041,Girindra Karan,Female,38,New,Pune,Maharashtra,West,2026-05-12
3042,Jai Merchant,Male,37,Premium,Indore,Madhya Pradesh,West,2026-05-31
3043,Damyanti Sethi,Male,24,New,Ranchi,Jharkhand,East,2022-03-02
3044,Yamini Gopal,Female,42,Regular,Guwahati,Assam,East,2023-09-19
3045,Lucky Kapadia,Male,32,Regular,Ranchi,Jharkhand,East,2023-07-11
3046,Irya Vora,Female,48,Regular,Indore,Madhya Pradesh,West,2025-06-01
3047,Champak Walia,Male,42,Regular,Guwahati,Assam,East,2024-07-16
3048,Ojas Prasad,Female,41,New,Lucknow,Uttar Pradesh,North,2023-05-08
3049,Upkaar Doshi,Male,54,Regular,Lucknow,Uttar Pradesh,North,2022-05-01
3050,Samaksh Mallick,Male,46,New,Lucknow,Uttar Pradesh,North,2024-03-29
3051,Chaman Ramakrishnan,Male,59,New,Ranchi,Jharkhand,East,2021-10-12
3052,Vamakshi Sidhu,Male,58,Regular,Patna,Bihar,East,2026-01-16
3053,Aadi Borde,Male,31,New,Delhi,Delhi,North,2023-02-23
3054,Sathvik Bhavsar,Male,23,New,Indore,Madhya Pradesh,West,2022-10-17
3055,Logan Dhawan,Female,51,Regular,Kochi,Kerala,South,2021-10-31
3056,Xavier Raman,Female,34,Premium,Bengaluru,Karnataka,South,2023-12-10
3057,Mahika Hari,Female,27,Regular,Ahmedabad,Gujarat,West,2025-06-20
3058,Ekavir Kara,Female,18,New,Jaipur,Rajasthan,North,2022-10-12
3059,Logan Ratti,Female,52,New,Bhubaneswar,Odisha,East,2026-05-10
3060,Samesh Sawhney,Male,38,Premium,Ahmedabad,Gujarat,West,2022-02-25
3061,Falak Apte,Male,24,New,Surat,Gujarat,West,2022-04-01
3062,Harshil Sinha,Female,26,New,Mumbai,Maharashtra,West,2024-09-20
3063,Chanchal Dash,Male,28,Regular,Chandigarh,Chandigarh,North,2022-09-12
3064,Mitesh Bobal,Male,20,Regular,Kochi,Kerala,South,2024-03-29
3065,Anita Baria,Male,58,Regular,Surat,Gujarat,West,2025-12-09
3066,Isaiah Shukla,Female,43,New,Pune,Maharashtra,West,2023-06-12
3067,Vidhi Manne,Male,45,New,Jaipur,Rajasthan,North,2023-09-01
3068,Gaurang Patil,Female,57,Premium,Patna,Bihar,East,2022-08-29
3069,Rachana Sama,Male,27,New,Guwahati,Assam,East,2022-09-28
3070,Ati Majumdar,Male,57,Regular,Guwahati,Assam,East,2021-10-26
3071,Oni Krishnamurthy,Female,48,Regular,Guwahati,Assam,East,2026-01-22
3072,Agastya Chaudhuri,Female,65,Regular,Pune,Maharashtra,West,2026-06-15
3073,Xavier Talwar,Female,18,New,Chennai,Tamil Nadu,South,2025-02-06
3074,Amaira Chawla,Male,27,New,Ranchi,Jharkhand,East,2022-08-23
3075,Keya Venkataraman,Male,37,Regular,Mumbai,Maharashtra,West,2026-07-11
3076,Brijesh Chokshi,Male,52,Premium,Chennai,Tamil Nadu,South,2025-11-21
3077,Girish Dalal,Male,21,Premium,Ahmedabad,Gujarat,West,2024-06-27
3078,Jalsa Sama,Male,22,New,Indore,Madhya Pradesh,West,2026-05-16
3079,Idika Sarraf,Male,40,New,Guwahati,Assam,East,2025-08-12
3080,Mohini Sankaran,Female,36,Premium,Chandigarh,Chandigarh,North,2025-10-19
3081,Tarak Golla,Female,41,Regular,Indore,Madhya Pradesh,West,2024-11-18
3082,Hardik Master,Male,22,Premium,Ahmedabad,Gujarat,West,2021-08-28
3083,Tanmayi Kulkarni,Male,35,New,Bengaluru,Karnataka,South,2026-02-21
3084,Indira Kothari,Male,26,Regular,Hyderabad,Telangana,South,2023-05-01
3085,Ekta Shanker,Female,65,Regular,Ahmedabad,Gujarat,West,2022-12-02
3086,Naveen Kadakia,Male,18,Regular,Pune,Maharashtra,West,2025-01-12
3087,Nandini Pall,Male,57,Regular,Chennai,Tamil Nadu,South,2024-04-30
3088,Xalak Chakraborty,Male,48,New,Chennai,Tamil Nadu,South,2025-06-10
3089,Edhitha Mohan,Male,21,Regular,Jaipur,Rajasthan,North,2023-03-16
3090,Nidra Munshi,Female,45,New,Coimbatore,Tamil Nadu,South,2022-01-16
3091,Lavanya Jain,Female,50,Regular,Ahmedabad,Gujarat,West,2024-08-24
3092,Indali Nazareth,Female,42,Premium,Chandigarh,Chandigarh,North,2022-11-10
3093,Nathaniel Ganguly,Female,37,Regular,Surat,Gujarat,West,2025-07-26
3094,Ranveer Mukherjee,Male,56,Regular,Guwahati,Assam,East,2023-02-24
3095,Pranav Rao,Female,63,New,Chennai,Tamil Nadu,South,2026-01-30
3096,Rushil Chander,Female,49,Regular,Kochi,Kerala,South,2024-08-17
3097,Adya Dhingra,Female,59,Premium,Kolkata,West Bengal,East,2021-12-27
3098,Mekhala Deol,Male,41,New,Bhubaneswar,Odisha,East,2025-02-11
3099,Chaaya Butala,Female,31,New,Ahmedabad,Gujarat,West,2026-02-22
3100,Saanvi Baria,Female,29,Regular,Kochi,Kerala,South,2023-02-26
3101,Anusha Bal,Female,41,New,Chandigarh,Chandigarh,North,2022-10-07
3102,Yatan Kara,Female,39,Regular,Bengaluru,Karnataka,South,2024-01-04
3103,Maanav Arora,Female,50,Premium,Jaipur,Rajasthan,North,2023-09-27
3104,Vasudha Sarna,Female,20,Regular,Amritsar,Punjab,North,2023-01-08
3105,Nitara Grewal,Female,20,New,Ranchi,Jharkhand,East,2023-08-11
3106,Lila Lal,Male,54,Regular,Patna,Bihar,East,2025-10-11
3107,Adya Sankar,Female,49,Regular,Lucknow,Uttar Pradesh,North,2025-01-26
3108,Ekaja Zachariah,Male,20,New,Kochi,Kerala,South,2023-05-22
3109,Ekanta Koshy,Male,63,Regular,Kolkata,West Bengal,East,2023-04-28
3110,Gopal Tripathi,Male,44,Regular,Chennai,Tamil Nadu,South,2025-07-07
3111,Henry Kari,Female,58,Regular,Delhi,Delhi,North,2025-01-29
3112,Udyati Luthra,Male,52,New,Jaipur,Rajasthan,North,2025-02-19
3113,Triveni Sarma,Male,39,Regular,Bhubaneswar,Odisha,East,2024-05-29
3114,Dhruv Garg,Female,51,New,Bhubaneswar,Odisha,East,2024-01-09
3115,Dakshesh Palan,Female,60,New,Lucknow,Uttar Pradesh,North,2021-08-24
3116,Devansh Pandya,Male,50,Premium,Delhi,Delhi,North,2023-12-02
3117,Zayyan Bala,Male,29,Regular,Hyderabad,Telangana,South,2021-11-11
3118,Raagini Deol,Female,56,New,Mumbai,Maharashtra,West,2025-02-07
3119,Siya Mukherjee,Female,29,New,Coimbatore,Tamil Nadu,South,2026-06-20
3120,Ganga Kaul,Female,53,New,Jaipur,Rajasthan,North,2024-03-24
3121,Maanas Zacharia,Female,47,New,Kolkata,West Bengal,East,2024-05-21
3122,Abeer Bera,Female,23,New,Amritsar,Punjab,North,2026-06-09
3123,Jagdish Bobal,Male,64,New,Delhi,Delhi,North,2025-02-05
3124,Neel Hayer,Female,55,Regular,Chandigarh,Chandigarh,North,2024-08-09
3125,Pratyush Balan,Male,31,Regular,Chandigarh,Chandigarh,North,2022-10-12
3126,Jagdish Narula,Male,64,Regular,Ranchi,Jharkhand,East,2024-10-13
3127,Lila Reddy,Male,65,Regular,Hyderabad,Telangana,South,2021-12-24
3128,Lakshit Oza,Male,42,New,Hyderabad,Telangana,South,2023-06-11
3129,Isha Goel,Female,26,Premium,Bhubaneswar,Odisha,East,2022-06-14
3130,Xalak Chana,Male,30,Regular,Ranchi,Jharkhand,East,2025-01-27
3131,Sai Karan,Male,36,Regular,Bhubaneswar,Odisha,East,2022-06-17
3132,Harinakshi Seth,Female,23,Regular,Ranchi,Jharkhand,East,2023-04-17
3133,Anmol Bhat,Female,40,Premium,Ahmedabad,Gujarat,West,2025-04-18
3134,Kashvi Chandran,Male,55,Regular,Pune,Maharashtra,West,2026-06-13
3135,Aayush Narain,Male,62,New,Pune,Maharashtra,West,2022-05-18
3136,Kavya Boase,Female,31,Regular,Ahmedabad,Gujarat,West,2023-06-17
3137,Wishi Gopal,Female,23,Regular,Guwahati,Assam,East,2026-04-26
3138,Gunbir Dubey,Male,47,Regular,Hyderabad,Telangana,South,2024-03-18
3139,Ridhi Goel,Male,51,Regular,Kolkata,West Bengal,East,2024-07-14
3140,Azaan Barad,Male,47,New,Kochi,Kerala,South,2024-01-27
3141,Devika Manne,Female,60,Regular,Patna,Bihar,East,2026-03-19
3142,Zarna Ganesh,Male,58,Premium,Jaipur,Rajasthan,North,2022-01-27
3143,Reyansh Dubey,Male,44,Regular,Kolkata,West Bengal,East,2026-01-14
3144,Suhani Ramachandran,Female,59,Regular,Ahmedabad,Gujarat,West,2026-07-11
3145,Dominic Nigam,Female,37,New,Chandigarh,Chandigarh,North,2025-06-16
3146,Wriddhish Swaminathan,Male,19,Regular,Kochi,Kerala,South,2022-10-07
3147,Benjamin Parmar,Female,55,Premium,Indore,Madhya Pradesh,West,2022-06-24
3148,Hardik Venkatesh,Female,33,Regular,Surat,Gujarat,West,2021-10-30
3149,Meera Iyer,Female,48,Regular,Patna,Bihar,East,2021-12-28
3150,Sara Hora,Male,32,Regular,Ahmedabad,Gujarat,West,2022-12-13
3151,Netra Saran,Female,35,Regular,Lucknow,Uttar Pradesh,North,2023-01-01
3152,Arjun Swamy,Male,28,New,Indore,Madhya Pradesh,West,2023-06-03
3153,Lopa Mohan,Male,54,Regular,Hyderabad,Telangana,South,2022-01-21
3154,Christopher Wable,Female,21,Regular,Chennai,Tamil Nadu,South,2024-01-10
3155,Gaurav Mohanty,Male,40,Regular,Jaipur,Rajasthan,North,2025-09-10
3156,Dipta Bava,Male,47,Regular,Surat,Gujarat,West,2025-12-30
3157,Chavvi Rajan,Male,29,Premium,Chandigarh,Chandigarh,North,2024-03-17
3158,Radha Trivedi,Male,29,New,Patna,Bihar,East,2022-06-23
3159,Yashoda Prabhakar,Female,23,Regular,Chennai,Tamil Nadu,South,2024-02-27
3160,Tanish Chaudhary,Female,18,New,Chennai,Tamil Nadu,South,2024-12-10
3161,Timothy Nagarajan,Female,24,Regular,Pune,Maharashtra,West,2023-10-28
3162,Warhi Jhaveri,Female,62,New,Indore,Madhya Pradesh,West,2021-11-25
3163,Chakradev Raj,Female,47,New,Kochi,Kerala,South,2024-05-23
3164,Bina Agrawal,Female,26,Regular,Bengaluru,Karnataka,South,2022-07-26
3165,Peter Ramakrishnan,Female,38,New,Bhubaneswar,Odisha,East,2026-01-22
3166,Neelima Basu,Female,52,Regular,Ranchi,Jharkhand,East,2025-09-02
3167,Aarna Sami,Female,60,Premium,Jaipur,Rajasthan,North,2022-04-25
3168,Samarth Mahajan,Male,33,New,Chandigarh,Chandigarh,North,2024-12-09
3169,Ojasvi Sachdev,Female,50,Regular,Patna,Bihar,East,2023-08-01
3170,Vinaya Kulkarni,Female,22,Regular,Amritsar,Punjab,North,2023-06-04
3171,Benjamin Sen,Female,30,Regular,Chennai,Tamil Nadu,South,2024-07-15
3172,Ekavir Contractor,Female,45,New,Chandigarh,Chandigarh,North,2022-03-07
3173,Ekalinga Goswami,Female,59,New,Jaipur,Rajasthan,North,2022-02-10
3174,Aahana Rao,Male,36,New,Kochi,Kerala,South,2024-03-21
3175,Bhavani Lal,Female,20,New,Ranchi,Jharkhand,East,2022-12-17
3176,Megha Jaggi,Male,28,New,Ranchi,Jharkhand,East,2022-01-29
3177,Sai Datta,Male,47,Regular,Indore,Madhya Pradesh,West,2026-04-16
3178,Upasna Srinivas,Male,59,Premium,Jaipur,Rajasthan,North,2024-02-16
3179,Baljiwan Rama,Male,38,Regular,Mumbai,Maharashtra,West,2022-01-30
3180,Wyatt Sarin,Female,61,Regular,Coimbatore,Tamil Nadu,South,2022-06-17
3181,Luke Sathe,Female,59,New,Mumbai,Maharashtra,West,2024-08-12
3182,Yahvi Gulati,Male,37,New,Surat,Gujarat,West,2024-07-09
3183,Caleb Atwal,Male,56,New,Ahmedabad,Gujarat,West,2025-05-19
3184,Zashil Gill,Female,48,New,Indore,Madhya Pradesh,West,2026-04-13
3185,Daksh Raman,Female,25,Regular,Guwahati,Assam,East,2023-04-15
3186,Yashasvi Bhatt,Female,61,Regular,Kochi,Kerala,South,2023-06-09
3187,Gautami Sarna,Male,39,Regular,Chandigarh,Chandigarh,North,2022-08-30
3188,Ekaraj Korpal,Female,45,Regular,Bhubaneswar,Odisha,East,2021-08-30
3189,Naveen Dhar,Female,20,Regular,Lucknow,Uttar Pradesh,North,2024-07-18
3190,Dakshesh Choudhury,Female,41,Regular,Lucknow,Uttar Pradesh,North,2024-04-09
3191,Zarna Warrior,Female,34,New,Amritsar,Punjab,North,2024-12-17
3192,Ekanta Prabhakar,Female,19,Premium,Ahmedabad,Gujarat,West,2021-08-15
3193,Vivaan Ahuja,Female,40,Premium,Bhubaneswar,Odisha,East,2021-09-23
3194,Lila Dar,Female,38,New,Mumbai,Maharashtra,West,2023-06-11
3195,Ethan Bahri,Male,40,Regular,Kolkata,West Bengal,East,2025-10-27
3196,Libni Mandal,Female,33,Regular,Amritsar,Punjab,North,2024-10-12
3197,Shivani Khanna,Male,26,Premium,Bengaluru,Karnataka,South,2024-12-18
3198,Hemani Sha,Female,35,Premium,Kochi,Kerala,South,2024-12-13
3199,Suhani Yadav,Male,64,New,Ranchi,Jharkhand,East,2023-12-07
3200,Maanas Mangat,Male,38,Regular,Mumbai,Maharashtra,West,2025-12-07
3201,Lipika Kurian,Male,56,Regular,Kolkata,West Bengal,East,2024-09-20
3202,Ansh Sankaran,Male,39,Regular,Lucknow,Uttar Pradesh,North,2025-12-12
3203,Brijesh Sharaf,Female,19,New,Ranchi,Jharkhand,East,2025-07-25
3204,Neelima Dass,Male,45,Premium,Hyderabad,Telangana,South,2023-08-03
3205,Sathvik Ravi,Female,37,Regular,Chandigarh,Chandigarh,North,2025-09-26
3206,Triveni Sethi,Female,54,Regular,Bengaluru,Karnataka,South,2023-08-23
3207,Ubika Patla,Female,35,Premium,Pune,Maharashtra,West,2023-10-03
3208,Kiaan Wagle,Male,56,Regular,Hyderabad,Telangana,South,2023-03-24
3209,Rayaan Hayer,Female,35,Regular,Pune,Maharashtra,West,2022-07-26
3210,Ubika Rege,Male,19,Regular,Lucknow,Uttar Pradesh,North,2026-04-12
3211,Tanay Ramaswamy,Female,35,New,Pune,Maharashtra,West,2023-05-30
3212,Sneha Mital,Female,24,Regular,Indore,Madhya Pradesh,West,2022-03-30
3213,Charan Iyengar,Male,63,New,Chennai,Tamil Nadu,South,2026-01-22
3214,Leena Varughese,Male,57,Regular,Bhubaneswar,Odisha,East,2022-08-15
3215,Arjun Jhaveri,Female,55,New,Guwahati,Assam,East,2023-09-11
3216,Anjali Dugal,Female,52,New,Indore,Madhya Pradesh,West,2023-06-20
3217,Matthew Sabharwal,Male,39,New,Surat,Gujarat,West,2024-09-28
3218,Kalpit Sur,Female,46,New,Patna,Bihar,East,2023-02-13
3219,Gunbir Bhattacharyya,Female,31,Regular,Kochi,Kerala,South,2023-02-12
3220,Chatresh Narula,Female,43,Regular,Kochi,Kerala,South,2021-12-18
3221,Ishanvi Jain,Male,58,Regular,Amritsar,Punjab,North,2025-10-19
3222,Damyanti Bhatti,Female,23,New,Indore,Madhya Pradesh,West,2025-04-03
3223,Sanya Soman,Female,37,New,Coimbatore,Tamil Nadu,South,2023-05-09
3224,Bimala Mitter,Female,61,New,Patna,Bihar,East,2023-03-25
3225,Max Gade,Male,57,New,Mumbai,Maharashtra,West,2022-01-16
3226,Nathan Singh,Female,54,Premium,Coimbatore,Tamil Nadu,South,2023-08-12
3227,Zaid Comar,Male,36,New,Surat,Gujarat,West,2025-01-13
3228,Sai Chatterjee,Female,52,Regular,Pune,Maharashtra,West,2024-11-08
3229,Lakshmi Solanki,Male,24,New,Kochi,Kerala,South,2025-04-25
3230,Anmol Patil,Male,25,New,Pune,Maharashtra,West,2023-06-08
3231,Sara Bahri,Male,65,Regular,Bhubaneswar,Odisha,East,2026-03-11
3232,Harinakshi Chada,Female,40,Regular,Indore,Madhya Pradesh,West,2026-05-22
3233,Peter Deshmukh,Female,38,New,Kochi,Kerala,South,2025-12-20
3234,Mason Choudhry,Female,50,New,Kolkata,West Bengal,East,2024-08-28
3235,Ekani Master,Female,49,Regular,Pune,Maharashtra,West,2026-07-03
3236,Isha Talwar,Female,28,New,Ahmedabad,Gujarat,West,2025-02-03
3237,Omkaar Patla,Female,18,New,Kochi,Kerala,South,2021-08-13
3238,Yochana Mammen,Male,61,Premium,Ranchi,Jharkhand,East,2025-10-17
3239,Vrishti Nagar,Female,44,Regular,Lucknow,Uttar Pradesh,North,2026-06-13
3240,William Mohan,Male,57,Regular,Pune,Maharashtra,West,2026-01-24
3241,Geetika Baria,Male,56,Regular,Chennai,Tamil Nadu,South,2022-11-07
3242,Faris Natarajan,Female,57,Regular,Mumbai,Maharashtra,West,2022-11-25
3243,Advaith Bahl,Female,61,Regular,Chennai,Tamil Nadu,South,2024-04-17
3244,Upma Rai,Male,65,Regular,Jaipur,Rajasthan,North,2023-01-19
3245,Keya Nayak,Male,28,Regular,Indore,Madhya Pradesh,West,2023-06-24
3246,Niharika Oommen,Male,29,New,Ahmedabad,Gujarat,West,2023-05-16
3247,Advika Hans,Female,26,Regular,Pune,Maharashtra,West,2022-03-13
3248,Fiyaz Sengupta,Male,31,Regular,Kolkata,West Bengal,East,2023-12-25
3249,Eiravati Upadhyay,Male,61,Premium,Surat,Gujarat,West,2026-02-17
3250,Kabir Chhabra,Male,47,Regular,Pune,Maharashtra,West,2026-01-06
3251,Kashvi Bhattacharyya,Female,28,Regular,Amritsar,Punjab,North,2022-10-01
3252,Gagan Borra,Male,18,New,Kochi,Kerala,South,2022-04-22
3253,Harita Bobal,Female,42,Regular,Lucknow,Uttar Pradesh,North,2021-08-01
3254,Ganga Cherian,Female,63,New,Lucknow,Uttar Pradesh,North,2022-04-26
3255,Liam Iyengar,Male,46,New,Amritsar,Punjab,North,2024-08-07
3256,Quincy Chand,Female,43,New,Mumbai,Maharashtra,West,2026-02-16
3257,Aarush Sant,Female,63,Regular,Jaipur,Rajasthan,North,2025-02-16
3258,Shivansh Bedi,Male,24,New,Surat,Gujarat,West,2025-06-30
3259,Ekani Wagle,Male,64,Regular,Hyderabad,Telangana,South,2025-02-13
3260,Warhi Grewal,Female,60,Premium,Hyderabad,Telangana,South,2022-07-01
3261,Saanvi Goyal,Male,48,New,Bhubaneswar,Odisha,East,2023-11-19
3262,Patrick Hora,Male,39,Regular,Hyderabad,Telangana,South,2024-01-28
3263,Jatin Borra,Female,33,Regular,Lucknow,Uttar Pradesh,North,2022-11-07
3264,Vedant Gaba,Female,62,New,Patna,Bihar,East,2022-06-23
3265,Nitara Toor,Female,62,Regular,Ahmedabad,Gujarat,West,2023-07-06
3266,Pooja Krishna,Female,56,New,Guwahati,Assam,East,2024-09-27
3267,Abhimanyu Krishnamurthy,Male,51,Regular,Chandigarh,Chandigarh,North,2025-08-29
3268,Dhruv Bhatia,Male,41,Regular,Kolkata,West Bengal,East,2022-12-11
3269,Darpan Sani,Female,63,Regular,Patna,Bihar,East,2021-11-06
3270,Advik Chakrabarti,Female,48,Regular,Coimbatore,Tamil Nadu,South,2021-12-08
3271,Dominic Lala,Male,65,New,Ahmedabad,Gujarat,West,2023-02-16
3272,Shravya Parmar,Female,42,New,Chennai,Tamil Nadu,South,2025-03-04
3273,Kamala Tata,Male,31,Regular,Bhubaneswar,Odisha,East,2025-03-31
3274,Dhriti Gupta,Male,34,Regular,Bhubaneswar,Odisha,East,2023-01-14
3275,Brijesh Pandit,Female,48,Regular,Guwahati,Assam,East,2022-09-04
3276,Ekta Rau,Male,55,Regular,Hyderabad,Telangana,South,2023-08-02
3277,Sneha Dua,Female,42,Regular,Guwahati,Assam,East,2023-11-09
3278,Oni Bakshi,Female,29,Regular,Pune,Maharashtra,West,2022-03-31
3279,Lakshmi Dixit,Male,60,New,Surat,Gujarat,West,2025-11-26
3280,Radha Gera,Male,37,Regular,Jaipur,Rajasthan,North,2023-07-14
3281,Teerth Chandran,Male,35,Regular,Chennai,Tamil Nadu,South,2022-04-16
3282,Mason Madan,Female,49,New,Chandigarh,Chandigarh,North,2021-08-13
3283,Widisha Ramanathan,Male,65,Premium,Indore,Madhya Pradesh,West,2023-03-23
3284,Vedant Gupta,Female,60,Premium,Chennai,Tamil Nadu,South,2022-04-30
3285,Rachita Saran,Male,39,Regular,Lucknow,Uttar Pradesh,North,2023-12-20
3286,Vinaya Bhasin,Male,21,New,Jaipur,Rajasthan,North,2026-04-10
3287,Ekalinga Naik,Male,33,Regular,Indore,Madhya Pradesh,West,2023-04-21
3288,Lohit Keer,Male,32,Regular,Bhubaneswar,Odisha,East,2025-01-24
3289,Tarak Saha,Male,56,Premium,Pune,Maharashtra,West,2024-02-17
3290,Nathan Nigam,Female,23,New,Guwahati,Assam,East,2023-12-28
3291,Jairaj Dayal,Male,51,New,Bengaluru,Karnataka,South,2024-09-08
3292,Kashvi Dave,Male,32,Premium,Kolkata,West Bengal,East,2024-03-08
3293,Dev Badami,Female,47,Regular,Coimbatore,Tamil Nadu,South,2023-05-21
3294,Yatin Kadakia,Male,38,Regular,Amritsar,Punjab,North,2023-10-09
3295,Dhriti Soni,Female,25,Premium,Chandigarh,Chandigarh,North,2026-04-05
3296,Garima Hayer,Female,30,New,Mumbai,Maharashtra,West,2025-06-21
3297,Veer Khalsa,Male,56,Regular,Amritsar,Punjab,North,2026-01-17
3298,Vrinda Singhal,Male,55,New,Ahmedabad,Gujarat,West,2025-08-08
3299,Yasti Chandran,Female,59,Regular,Mumbai,Maharashtra,West,2025-12-28
3300,Ekanta Bumb,Female,18,Regular,Coimbatore,Tamil Nadu,South,2023-06-16
3301,Amaira Bhavsar,Female,49,Regular,Ranchi,Jharkhand,East,2024-03-07
3302,Anya Dhar,Female,50,Premium,Hyderabad,Telangana,South,2023-10-14
3303,Urvi Koshy,Female,52,Regular,Patna,Bihar,East,2023-05-10
3304,Falak Parekh,Female,61,New,Hyderabad,Telangana,South,2022-08-27
3305,Madhav Mahajan,Male,29,New,Ranchi,Jharkhand,East,2025-08-29
3306,Dipta Yadav,Female,50,Regular,Mumbai,Maharashtra,West,2026-04-27
3307,Jai Merchant,Male,29,Regular,Surat,Gujarat,West,2022-07-15
3308,Yamini Mandal,Female,24,New,Lucknow,Uttar Pradesh,North,2025-03-15
3309,Pallavi Apte,Male,30,Regular,Ahmedabad,Gujarat,West,2022-10-11
3310,Maanas Minhas,Male,37,Regular,Chandigarh,Chandigarh,North,2023-01-10
3311,Farhan Pillay,Female,24,Regular,Patna,Bihar,East,2021-08-30
3312,Sanya Raja,Male,54,Regular,Guwahati,Assam,East,2023-11-11
3313,Dipta Chokshi,Male,30,Regular,Hyderabad,Telangana,South,2024-04-24
3314,Anya Hora,Male,57,New,Pune,Maharashtra,West,2026-03-22
3315,Bhavani Gaba,Female,59,New,Hyderabad,Telangana,South,2025-01-25
3316,Anay Dasgupta,Male,34,Regular,Ahmedabad,Gujarat,West,2024-06-20
3317,Vansha Pillay,Female,27,Regular,Ahmedabad,Gujarat,West,2021-10-18
3318,Atharv Saraf,Female,65,New,Patna,Bihar,East,2022-03-30
3319,Pranav Narain,Female,45,Regular,Ranchi,Jharkhand,East,2024-10-07
3320,Barkha Naik,Male,43,Regular,Surat,Gujarat,West,2024-08-08
3321,Yasti Bhalla,Female,59,Regular,Lucknow,Uttar Pradesh,North,2024-05-13
3322,Watika Bhatt,Female,19,New,Kochi,Kerala,South,2025-02-24
3323,Max Chaudry,Female,36,Regular,Chennai,Tamil Nadu,South,2026-03-04
3324,George Parsa,Female,45,Regular,Kolkata,West Bengal,East,2024-02-25
3325,Finn Sachar,Male,31,Regular,Ahmedabad,Gujarat,West,2026-05-26
3326,Waida Rattan,Male,22,Regular,Ahmedabad,Gujarat,West,2023-04-03
3327,Meghana Dubey,Female,64,Regular,Chennai,Tamil Nadu,South,2024-04-05
3328,Sarthak Sen,Female,20,Regular,Indore,Madhya Pradesh,West,2024-04-11
3329,Utkarsh Khatri,Male,35,New,Surat,Gujarat,West,2022-05-01
3330,Charles Kar,Male,21,Regular,Mumbai,Maharashtra,West,2021-10-26
3331,Theodore Kaul,Female,46,Regular,Patna,Bihar,East,2023-12-06
3332,Xiti Nagarajan,Female,26,Regular,Kolkata,West Bengal,East,2026-04-15
3333,Anirudh Uppal,Female,27,New,Jaipur,Rajasthan,North,2023-02-25
3334,Arjun Sachdeva,Female,54,New,Coimbatore,Tamil Nadu,South,2025-05-13
3335,Ryan Banik,Male,46,Premium,Coimbatore,Tamil Nadu,South,2024-04-14
3336,Abhimanyu Palla,Female,53,Regular,Hyderabad,Telangana,South,2022-07-31
3337,Yashodhara Gala,Male,22,Premium,Kolkata,West Bengal,East,2025-01-17
3338,Abhimanyu Manda,Female,65,Regular,Patna,Bihar,East,2023-07-10
3339,Yasti Rama,Female,47,Regular,Chennai,Tamil Nadu,South,2022-11-12
3340,Aahana Natt,Female,39,Regular,Kochi,Kerala,South,2022-05-03
3341,Maya Dar,Female,56,Premium,Hyderabad,Telangana,South,2022-07-07
3342,Ayush Sehgal,Male,59,Regular,Chandigarh,Chandigarh,North,2024-10-15
3343,Samarth Goyal,Female,49,Regular,Surat,Gujarat,West,2024-07-21
3344,Hredhaan Jha,Male,50,New,Amritsar,Punjab,North,2022-02-05
3345,Tanish Mitter,Female,20,Regular,Kolkata,West Bengal,East,2022-07-15
3346,Victor Krishnan,Female,36,Regular,Guwahati,Assam,East,2023-05-05
3347,Dayita Arora,Male,54,New,Kolkata,West Bengal,East,2022-08-15
3348,Gauri Jhaveri,Male,52,New,Amritsar,Punjab,North,2022-08-14
3349,Falak Shankar,Male,54,New,Coimbatore,Tamil Nadu,South,2024-01-13
3350,Vyanjana Srinivasan,Male,22,New,Indore,Madhya Pradesh,West,2026-06-17
3351,Yuvraj Brahmbhatt,Female,46,New,Ahmedabad,Gujarat,West,2024-05-04
3352,Azaan Bedi,Male,29,Regular,Hyderabad,Telangana,South,2024-08-14
3353,Aadi Mitter,Female,19,Premium,Ranchi,Jharkhand,East,2025-10-28
3354,Gunbir Bera,Female,18,Regular,Indore,Madhya Pradesh,West,2023-10-06
3355,Pallavi Pradhan,Male,32,New,Mumbai,Maharashtra,West,2023-05-18
3356,Anthony Mishra,Male,34,New,Ranchi,Jharkhand,East,2021-12-01
3357,Chasmum Dhar,Female,52,Regular,Coimbatore,Tamil Nadu,South,2025-05-22
3358,Jai Balasubramanian,Female,63,Regular,Pune,Maharashtra,West,2022-11-06
3359,Owen Atwal,Male,31,Regular,Chennai,Tamil Nadu,South,2025-12-09
3360,Tamanna Mahajan,Male,19,Regular,Bhubaneswar,Odisha,East,2022-02-05
3361,Dev Dua,Female,22,Regular,Chandigarh,Chandigarh,North,2022-11-20
3362,Krishna Balan,Male,60,New,Patna,Bihar,East,2022-08-12
3363,Udyati Sachar,Female,28,Regular,Chennai,Tamil Nadu,South,2021-09-20
3364,Chaitanya Bhatnagar,Male,31,New,Ahmedabad,Gujarat,West,2022-05-30
3365,Baghyawati Srinivas,Male,46,Premium,Kolkata,West Bengal,East,2026-05-02
3366,Arjun Magar,Male,46,Regular,Lucknow,Uttar Pradesh,North,2022-07-20
3367,Wahab Sem,Male,46,New,Kochi,Kerala,South,2026-05-09
3368,Radhika Suresh,Male,31,New,Surat,Gujarat,West,2025-08-03
3369,Bhavini Patla,Male,23,New,Indore,Madhya Pradesh,West,2025-06-30
3370,Tanmayi Sodhi,Male,28,Regular,Coimbatore,Tamil Nadu,South,2021-12-23
3371,Kamya Zachariah,Female,65,New,Bengaluru,Karnataka,South,2024-04-04
3372,Niharika Ghosh,Female,30,Regular,Patna,Bihar,East,2022-04-07
3373,Unni Palan,Female,48,New,Bengaluru,Karnataka,South,2024-06-09
3374,Warda Reddy,Male,47,Regular,Guwahati,Assam,East,2025-05-16
3375,Gabriel Kulkarni,Female,44,Regular,Delhi,Delhi,North,2023-05-04
3376,Jagrati Shukla,Female,41,Regular,Mumbai,Maharashtra,West,2025-12-17
3377,Brijesh Oza,Female,59,Regular,Kolkata,West Bengal,East,2023-10-16
3378,Harita Zachariah,Male,59,New,Bhubaneswar,Odisha,East,2024-01-26
3379,Liam Jha,Male,35,New,Surat,Gujarat,West,2024-09-12
3380,Finn Saini,Male,33,Regular,Kolkata,West Bengal,East,2025-08-29
3381,Zinal Chawla,Male,26,Regular,Coimbatore,Tamil Nadu,South,2025-12-10
3382,Nitesh Karan,Female,20,Regular,Chennai,Tamil Nadu,South,2024-05-31
3383,Vrinda Dada,Male,65,New,Amritsar,Punjab,North,2024-12-15
3384,Megha Virk,Female,28,New,Patna,Bihar,East,2023-03-01
3385,Theodore Panchal,Male,51,New,Pune,Maharashtra,West,2024-10-27
3386,Upkaar Setty,Female,25,Premium,Chennai,Tamil Nadu,South,2025-04-14
3387,Aadi Thaman,Female,31,New,Bengaluru,Karnataka,South,2022-04-25
3388,Maanas Bora,Female,34,Regular,Ranchi,Jharkhand,East,2025-07-15
3389,Wyatt Ravi,Male,39,New,Kolkata,West Bengal,East,2025-01-04
3390,Gopal Halder,Male,65,Regular,Lucknow,Uttar Pradesh,North,2023-01-19
3391,Chakrika Dara,Male,52,New,Kochi,Kerala,South,2021-08-26
3392,Ekalinga Kulkarni,Male,28,Premium,Indore,Madhya Pradesh,West,2022-07-28
3393,Pahal Parmar,Female,32,Premium,Delhi,Delhi,North,2023-10-19
3394,Charita Oza,Male,25,New,Lucknow,Uttar Pradesh,North,2024-11-04
3395,Daksha Sangha,Female,52,Premium,Surat,Gujarat,West,2023-06-23
3396,Benjamin Swamy,Male,37,Premium,Pune,Maharashtra,West,2024-08-19
3397,Ekaja Panchal,Female,26,Regular,Surat,Gujarat,West,2026-06-04
3398,Leela Yohannan,Female,57,Regular,Guwahati,Assam,East,2021-09-09
3399,Indali Swaminathan,Female,65,New,Lucknow,Uttar Pradesh,North,2025-05-21
3400,Balvan Sura,Male,50,Regular,Chennai,Tamil Nadu,South,2026-07-06
3401,Vaishnavi Krishnan,Male,60,New,Chennai,Tamil Nadu,South,2025-05-01
3402,Yatan Chandra,Female,36,New,Delhi,Delhi,North,2024-04-03
3403,Wyatt Singh,Male,34,Premium,Chandigarh,Chandigarh,North,2023-10-23
3404,Siya Kalita,Female,63,New,Hyderabad,Telangana,South,2021-09-15
3405,Advaith Dave,Female,26,Regular,Indore,Madhya Pradesh,West,2024-08-09
3406,Yashawini Saxena,Female,60,Regular,Ranchi,Jharkhand,East,2024-07-03
3407,Ubika Maharaj,Male,65,Premium,Coimbatore,Tamil Nadu,South,2021-11-18
3408,Chanakya Kulkarni,Male,29,Premium,Mumbai,Maharashtra,West,2025-01-08
3409,Owen Seth,Male,33,New,Chandigarh,Chandigarh,North,2024-06-19
3410,Balveer Mannan,Female,18,New,Kochi,Kerala,South,2023-01-02
3411,Imaran Dubey,Female,30,Regular,Surat,Gujarat,West,2024-07-17
3412,Rushil Subramaniam,Male,47,New,Surat,Gujarat,West,2026-05-19
3413,Lila Goda,Female,25,New,Guwahati,Assam,East,2023-12-20
3414,Chasmum Goswami,Female,39,Regular,Guwahati,Assam,East,2025-05-26
3415,Veer Saxena,Female,49,Regular,Hyderabad,Telangana,South,2022-08-27
3416,Harrison Gala,Female,51,Regular,Mumbai,Maharashtra,West,2025-07-30
3417,Raksha Taneja,Female,45,New,Kolkata,West Bengal,East,2022-03-26
3418,Ansh Vohra,Male,24,Regular,Amritsar,Punjab,North,2023-05-15
3419,Hitesh Sahota,Male,25,New,Kochi,Kerala,South,2026-01-10
3420,Rajata Sami,Female,37,New,Bhubaneswar,Odisha,East,2023-11-27
3421,Adya Parmar,Male,50,Regular,Surat,Gujarat,West,2021-11-14
3422,Laksh Dara,Male,27,Regular,Kochi,Kerala,South,2023-11-29
3423,Rachit Hegde,Male,64,Regular,Bengaluru,Karnataka,South,2021-08-28
3424,Adya Sridhar,Male,54,New,Guwahati,Assam,East,2023-10-08
3425,Odika D’Alia,Female,52,Regular,Amritsar,Punjab,North,2021-11-14
3426,Samaksh Din,Male,41,Regular,Coimbatore,Tamil Nadu,South,2024-05-02
3427,Advay Prabhu,Male,58,Regular,Bengaluru,Karnataka,South,2023-01-14
3428,Isaiah Vohra,Female,30,Regular,Chennai,Tamil Nadu,South,2021-11-01
3429,Chavvi Devan,Female,36,Premium,Kolkata,West Bengal,East,2024-11-12
3430,Varsha Kala,Female,48,Regular,Indore,Madhya Pradesh,West,2023-02-18
3431,Vanya Srinivas,Male,64,Regular,Ahmedabad,Gujarat,West,2022-06-24
3432,Lipika Bobal,Male,34,Premium,Kolkata,West Bengal,East,2022-08-10
3433,Yashvi Dhillon,Male,21,Regular,Bhubaneswar,Odisha,East,2022-04-07
3434,Vanya Varghese,Male,48,Regular,Pune,Maharashtra,West,2025-11-04
3435,Nitesh Koshy,Female,28,Regular,Chennai,Tamil Nadu,South,2026-06-27
3436,Janaki Kar,Male,33,Regular,Surat,Gujarat,West,2024-09-02
3437,Darpan Sankaran,Male,35,New,Kolkata,West Bengal,East,2025-09-04
3438,Megha Bala,Male,64,Regular,Kochi,Kerala,South,2021-10-01
3439,Mahika Sengupta,Female,27,Premium,Chennai,Tamil Nadu,South,2022-07-01
3440,Joshua Srinivas,Male,58,Premium,Patna,Bihar,East,2024-07-26
3441,Nakul Khurana,Female,51,New,Amritsar,Punjab,North,2024-08-11
3442,Widisha Borde,Female,32,Regular,Amritsar,Punjab,North,2024-07-13
3443,Omisha Bhatti,Male,52,New,Ahmedabad,Gujarat,West,2023-09-13
3444,Balveer Pingle,Male,64,Premium,Pune,Maharashtra,West,2024-05-06
3445,Ucchal Om,Male,42,Premium,Patna,Bihar,East,2022-12-03
3446,Darika Singhal,Female,45,Regular,Kolkata,West Bengal,East,2023-01-20
3447,Laksh Singh,Female,32,Regular,Kochi,Kerala,South,2024-02-04
3448,Hema Walia,Female,33,Regular,Delhi,Delhi,North,2023-03-22
3449,Zayan Loyal,Female,21,Regular,Surat,Gujarat,West,2024-02-14
3450,Yochana Kari,Female,34,New,Jaipur,Rajasthan,North,2026-03-17
3451,Wriddhish Halder,Female,40,Regular,Ranchi,Jharkhand,East,2023-02-06
3452,Rehaan Nayak,Male,63,Regular,Delhi,Delhi,North,2023-04-12
3453,Arya Lalla,Female,32,Regular,Pune,Maharashtra,West,2024-02-15
3454,Liam Merchant,Male,63,Regular,Ahmedabad,Gujarat,West,2024-07-11
3455,Ekani Jayaraman,Female,56,Premium,Indore,Madhya Pradesh,West,2022-06-27
3456,Jacob Manne,Male,55,New,Mumbai,Maharashtra,West,2025-07-12
3457,Geetika Goswami,Male,25,Regular,Amritsar,Punjab,North,2024-09-23
3458,Kavya Korpal,Female,43,Regular,Hyderabad,Telangana,South,2025-12-22
3459,Tripti Yogi,Female,47,Regular,Jaipur,Rajasthan,North,2023-06-30
3460,Ekbal Krishnan,Female,60,Regular,Lucknow,Uttar Pradesh,North,2023-03-30
3461,Maya Aggarwal,Male,19,New,Chandigarh,Chandigarh,North,2022-02-27
3462,Warda Sha,Female,44,New,Kolkata,West Bengal,East,2021-11-13
3463,Yasti Salvi,Female,40,Regular,Lucknow,Uttar Pradesh,North,2026-03-18
3464,Prisha Suri,Male,35,Regular,Patna,Bihar,East,2022-07-13
3465,Rajeshri Ram,Female,47,New,Mumbai,Maharashtra,West,2024-07-06
3466,Pratyush Das,Male,53,Regular,Bhubaneswar,Odisha,East,2023-02-07
3467,Benjamin Boase,Female,29,Regular,Ranchi,Jharkhand,East,2023-05-06
3468,Joshua Char,Female,40,Regular,Mumbai,Maharashtra,West,2022-12-03
3469,Samarth Baral,Female,24,Regular,Hyderabad,Telangana,South,2026-03-02
3470,Advaith Choudhury,Female,57,New,Lucknow,Uttar Pradesh,North,2025-12-29
3471,Bhavani Sani,Female,30,New,Pune,Maharashtra,West,2023-03-23
3472,Amara Pandya,Female,39,Regular,Ranchi,Jharkhand,East,2022-09-27
3473,Arin Nadig,Male,28,Regular,Ahmedabad,Gujarat,West,2025-09-28
3474,Leela Jani,Male,30,Regular,Kolkata,West Bengal,East,2025-05-07
3475,Naveen Chand,Female,53,Regular,Guwahati,Assam,East,2024-03-30
3476,Vedika Dash,Male,30,Regular,Kochi,Kerala,South,2024-05-23
3477,Timothy Khurana,Female,34,Premium,Delhi,Delhi,North,2022-01-05
3478,Oscar Kannan,Female,43,Regular,Hyderabad,Telangana,South,2023-11-01
3479,William Morar,Male,65,Regular,Kochi,Kerala,South,2022-12-07
3480,Sanaya Kala,Male,38,Regular,Guwahati,Assam,East,2023-09-18
3481,Nilima Sawhney,Male,33,New,Kochi,Kerala,South,2022-09-12
3482,Lajita Bajaj,Male,49,Regular,Hyderabad,Telangana,South,2023-10-01
3483,Samesh Swamy,Male,32,New,Chennai,Tamil Nadu,South,2024-03-29
3484,Ekanta Bail,Male,18,Premium,Pune,Maharashtra,West,2023-09-20
3485,Riya Jha,Male,57,Regular,Bhubaneswar,Odisha,East,2024-01-12
3486,Krishna Ganguly,Female,53,Regular,Surat,Gujarat,West,2023-05-27
3487,Tejas Murthy,Male,51,Regular,Kochi,Kerala,South,2025-06-23
3488,Yuvraj Mannan,Female,65,New,Indore,Madhya Pradesh,West,2023-04-21
3489,Upasna Bajwa,Female,45,New,Patna,Bihar,East,2026-01-11
3490,Dhruv Sethi,Male,38,Regular,Patna,Bihar,East,2024-12-20
3491,Lopa Pai,Male,38,New,Kolkata,West Bengal,East,2025-02-06
3492,Vritti Sarin,Male,24,Regular,Coimbatore,Tamil Nadu,South,2023-05-02
3493,Gaurav Sarkar,Female,24,Premium,Indore,Madhya Pradesh,West,2025-02-27
3494,Amruta Peri,Male,47,Premium,Hyderabad,Telangana,South,2022-10-23
3495,Varenya Dugar,Male,47,Regular,Guwahati,Assam,East,2026-02-04
3496,Balhaar Raj,Female,22,New,Surat,Gujarat,West,2022-05-18
3497,Gautam Dutt,Female,53,Premium,Bengaluru,Karnataka,South,2023-05-12
3498,Zashil Buch,Female,63,Premium,Jaipur,Rajasthan,North,2021-12-30
3499,Sneha Dixit,Female,22,New,Bengaluru,Karnataka,South,2024-02-29
3500,Arya Grewal,Female,64,Regular,Guwahati,Assam,East,2023-01-01
3501,Ojas Verma,Female,45,New,Amritsar,Punjab,North,2022-09-06
3502,Charles Goda,Male,60,Regular,Kochi,Kerala,South,2021-11-14
3503,Pallavi Ganesh,Female,39,Premium,Ahmedabad,Gujarat,West,2022-12-23
3504,Faraj Bhavsar,Female,27,New,Coimbatore,Tamil Nadu,South,2022-09-19
3505,Praneel Walla,Male,63,Premium,Kolkata,West Bengal,East,2025-05-26
3506,Jyoti Gola,Male,22,Regular,Guwahati,Assam,East,2022-02-26
3507,Yatan Anand,Female,64,Premium,Amritsar,Punjab,North,2022-04-20
3508,Anita Varghese,Male,56,Regular,Chennai,Tamil Nadu,South,2023-03-01
3509,Meera Deshmukh,Male,59,Regular,Chennai,Tamil Nadu,South,2025-08-08
3510,Nachiket Deo,Female,23,New,Mumbai,Maharashtra,West,2022-05-16
3511,Arya Shere,Female,44,New,Lucknow,Uttar Pradesh,North,2022-09-29
3512,Imaran Kothari,Male,39,New,Surat,Gujarat,West,2022-10-07
3513,Ekalinga Purohit,Female,40,Premium,Bengaluru,Karnataka,South,2022-05-07
3514,Triveni Wadhwa,Female,49,Regular,Kochi,Kerala,South,2022-03-20
3515,Netra Vohra,Female,43,Premium,Chandigarh,Chandigarh,North,2025-07-13
3516,Nidhi Krishnamurthy,Female,59,Premium,Chennai,Tamil Nadu,South,2023-11-14
3517,Ojas Thakur,Female,24,New,Jaipur,Rajasthan,North,2024-02-26
3518,Balhaar Jhaveri,Male,53,Regular,Kolkata,West Bengal,East,2025-10-29
3519,Chanchal D’Alia,Male,28,New,Jaipur,Rajasthan,North,2021-11-26
3520,Lavanya Prashad,Male,18,New,Amritsar,Punjab,North,2024-07-23
3521,Divya Sur,Female,19,New,Ranchi,Jharkhand,East,2023-01-13
3522,Tanveer Saran,Male,30,Regular,Kolkata,West Bengal,East,2022-07-13
3523,Shivani Dey,Male,40,New,Pune,Maharashtra,West,2025-05-31
3524,Meghana Konda,Female,54,New,Chandigarh,Chandigarh,North,2024-10-12
3525,Reva Krishnan,Male,50,New,Kochi,Kerala,South,2022-04-01
3526,Udyati Prabhu,Male,57,New,Kochi,Kerala,South,2023-12-21
3527,Kalpit Sagar,Male,37,Premium,Amritsar,Punjab,North,2025-12-13
3528,Madhav Chaudhuri,Female,61,Regular,Kolkata,West Bengal,East,2026-05-03
3529,Inaya Shroff,Male,24,Premium,Coimbatore,Tamil Nadu,South,2023-01-05
3530,Faras Menon,Male,57,Regular,Pune,Maharashtra,West,2026-01-31
3531,Banjeet Srinivas,Female,46,New,Ranchi,Jharkhand,East,2023-04-24
3532,Rishi Mukherjee,Male,39,Regular,Amritsar,Punjab,North,2021-11-15
3533,Advay Chaudhuri,Male,33,New,Hyderabad,Telangana,South,2026-02-23
3534,Darpan Bakshi,Female,20,New,Pune,Maharashtra,West,2022-04-07
3535,Arjun Sen,Female,60,New,Kolkata,West Bengal,East,2024-01-31
3536,Idika Narain,Male,60,New,Amritsar,Punjab,North,2023-07-22
3537,Zansi Dasgupta,Female,52,New,Guwahati,Assam,East,2022-12-17
3538,Rachita Varkey,Female,26,Regular,Hyderabad,Telangana,South,2025-12-15
3539,Mitesh Purohit,Female,58,Regular,Pune,Maharashtra,West,2021-09-19
3540,Amara Dhawan,Female,42,New,Surat,Gujarat,West,2023-03-10
3541,Girik Rajagopalan,Male,49,New,Lucknow,Uttar Pradesh,North,2022-03-31
3542,Benjamin Basu,Female,57,Regular,Jaipur,Rajasthan,North,2022-11-30
3543,Robert Sahota,Female,36,New,Ahmedabad,Gujarat,West,2023-01-19
3544,Max Sane,Male,30,New,Amritsar,Punjab,North,2024-05-20
3545,Shivansh Acharya,Male,59,Premium,Jaipur,Rajasthan,North,2024-04-09
3546,Baljiwan Lanka,Male,21,New,Kolkata,West Bengal,East,2026-06-29
3547,Theodore Sidhu,Male,40,New,Ranchi,Jharkhand,East,2025-03-04
3548,Wakeeta Comar,Male,50,Regular,Lucknow,Uttar Pradesh,North,2026-02-10
3549,Hema Pradhan,Male,24,New,Kolkata,West Bengal,East,2021-12-08
3550,Ganga Narain,Male,63,Regular,Pune,Maharashtra,West,2025-10-16
3551,Yatan Kara,Male,49,Regular,Kolkata,West Bengal,East,2024-03-03
3552,Vasudha Magar,Male,20,New,Coimbatore,Tamil Nadu,South,2025-08-11
3553,Wishi Ravel,Male,36,Regular,Pune,Maharashtra,West,2023-03-06
3554,Aarini Chhabra,Female,29,Regular,Chandigarh,Chandigarh,North,2021-10-16
3555,Theodore Kothari,Female,43,New,Pune,Maharashtra,West,2025-08-28
3556,Guneet Tiwari,Male,56,Regular,Chandigarh,Chandigarh,North,2023-11-10
3557,Oni Narula,Female,45,New,Coimbatore,Tamil Nadu,South,2023-05-09
3558,Nicholas Srivastava,Female,44,Regular,Bhubaneswar,Odisha,East,2023-01-12
3559,Dipta Bhandari,Female,42,New,Lucknow,Uttar Pradesh,North,2026-04-12
3560,Mitesh Sachdeva,Female,34,Regular,Bhubaneswar,Odisha,East,2023-09-18
3561,Gauri Prabhakar,Male,62,New,Lucknow,Uttar Pradesh,North,2023-11-26
3562,Vidhi Swamy,Male,22,Regular,Pune,Maharashtra,West,2022-02-15
3563,Tanish Ravi,Male,49,New,Delhi,Delhi,North,2026-03-06
3564,Bhavini Kohli,Female,28,Regular,Chandigarh,Chandigarh,North,2023-09-08
3565,Gayathri Dutta,Female,52,Regular,Ranchi,Jharkhand,East,2024-08-03
3566,Fitan Chaudhuri,Female,24,Regular,Patna,Bihar,East,2024-07-11
3567,Mason Zachariah,Male,23,Regular,Lucknow,Uttar Pradesh,North,2021-12-11
3568,Max Behl,Male,51,Regular,Pune,Maharashtra,West,2023-09-05
3569,Bachittar Deol,Female,24,Regular,Lucknow,Uttar Pradesh,North,2021-07-18
3570,Ishanvi Chahal,Male,42,Premium,Chandigarh,Chandigarh,North,2022-12-29
3571,Ganga Chaudhry,Male,33,New,Bengaluru,Karnataka,South,2021-09-26
3572,Balveer Acharya,Female,46,Regular,Indore,Madhya Pradesh,West,2021-09-24
3573,Onkar Raman,Male,60,Regular,Kochi,Kerala,South,2025-08-23
3574,Hritik Loke,Female,20,Premium,Chennai,Tamil Nadu,South,2025-08-28
3575,Bhavani Devi,Female,34,Premium,Chandigarh,Chandigarh,North,2024-07-03
3576,Nakul Varma,Female,30,Regular,Hyderabad,Telangana,South,2021-11-10
3577,Bhanumati Balay,Female,27,New,Lucknow,Uttar Pradesh,North,2022-01-06
3578,Nicholas Solanki,Male,32,Regular,Guwahati,Assam,East,2023-07-03
3579,Yashodhara Mohan,Female,60,Regular,Chennai,Tamil Nadu,South,2025-08-03
3580,Omya Keer,Female,22,Regular,Mumbai,Maharashtra,West,2023-01-02
3581,Eta Kade,Female,53,Regular,Coimbatore,Tamil Nadu,South,2025-07-05
3582,Mohammed Bansal,Female,21,Regular,Chennai,Tamil Nadu,South,2022-09-27
3583,Manbir Chokshi,Female,51,Regular,Delhi,Delhi,North,2021-12-07
3584,Manthan Borah,Male,64,Premium,Amritsar,Punjab,North,2026-07-12
3585,Ekaja Khare,Male,27,Regular,Patna,Bihar,East,2022-12-13
3586,Nimrat Das,Male,42,New,Chandigarh,Chandigarh,North,2025-02-16
3587,Shaurya Solanki,Male,42,Regular,Amritsar,Punjab,North,2026-03-09
3588,Naksh Raman,Male,54,Regular,Chandigarh,Chandigarh,North,2024-10-25
3589,Chandran Balay,Female,54,New,Delhi,Delhi,North,2022-06-29
3590,Lopa Grover,Female,46,New,Ahmedabad,Gujarat,West,2025-09-28
3591,Mitali Naik,Female,40,Premium,Kochi,Kerala,South,2025-08-07
3592,Pahal Murty,Male,47,New,Surat,Gujarat,West,2023-10-14
3593,Abhimanyu Gala,Male,36,Regular,Bhubaneswar,Odisha,East,2026-04-30
3594,Girik Sur,Female,28,Regular,Kochi,Kerala,South,2026-04-23
3595,Manbir Basak,Female,37,Regular,Kolkata,West Bengal,East,2025-11-30
3596,Yochana Tandon,Female,44,Regular,Bengaluru,Karnataka,South,2025-12-16
3597,Pranit Sahni,Male,58,New,Kochi,Kerala,South,2026-04-28
3598,Jalsa Oza,Female,44,Regular,Bhubaneswar,Odisha,East,2021-09-23
3599,Geetika Agate,Female,46,Regular,Surat,Gujarat,West,2025-07-15
3600,Siddharth Divan,Female,39,Regular,Surat,Gujarat,West,2022-01-22
3601,Mahika Wadhwa,Male,64,New,Ranchi,Jharkhand,East,2023-03-14
3602,Radhika Baral,Male,63,Regular,Chennai,Tamil Nadu,South,2026-07-04
3603,Tanmayi Basu,Male,64,New,Coimbatore,Tamil Nadu,South,2023-10-24
3604,Nikita Bhatnagar,Female,41,New,Ranchi,Jharkhand,East,2022-12-16
3605,Ubika Kashyap,Female,27,New,Bhubaneswar,Odisha,East,2023-11-28
3606,Shivani Lanka,Female,37,New,Mumbai,Maharashtra,West,2026-02-25
3607,Veer Kumar,Male,31,Regular,Mumbai,Maharashtra,West,2023-01-14
3608,Veer Baria,Male,60,New,Guwahati,Assam,East,2023-07-06
3609,William Ranganathan,Female,29,Premium,Indore,Madhya Pradesh,West,2022-08-24
3610,Faqid Mahal,Male,42,Premium,Mumbai,Maharashtra,West,2021-07-19
3611,Amol Thaker,Male,59,Regular,Hyderabad,Telangana,South,2024-03-18
3612,Charan Taneja,Male,27,New,Indore,Madhya Pradesh,West,2025-11-17
3613,Bhavna D’Alia,Female,33,Regular,Ahmedabad,Gujarat,West,2026-06-25
3614,Falguni Goel,Female,57,Regular,Kochi,Kerala,South,2025-10-24
3615,Akshay Sanghvi,Male,23,Regular,Delhi,Delhi,North,2024-04-05
3616,Varsha Bail,Male,39,New,Delhi,Delhi,North,2021-12-07
3617,Omkaar Master,Female,30,Regular,Jaipur,Rajasthan,North,2022-01-12
3618,Neel Sandhu,Female,22,Regular,Chennai,Tamil Nadu,South,2024-11-23
3619,Janaki Chatterjee,Female,55,Regular,Guwahati,Assam,East,2022-07-22
3620,Dayamai Biswas,Female,63,New,Surat,Gujarat,West,2025-05-12
3621,Jairaj Aggarwal,Female,24,Regular,Hyderabad,Telangana,South,2021-12-01
3622,Anamika Gola,Male,44,New,Chennai,Tamil Nadu,South,2026-04-22
3623,Geetika Dara,Female,28,New,Amritsar,Punjab,North,2022-02-07
3624,Yasti Das,Male,25,Premium,Ahmedabad,Gujarat,West,2024-01-15
3625,Fiyaz Parekh,Male,20,New,Kochi,Kerala,South,2023-12-11
3626,Patrick Rama,Female,42,New,Kochi,Kerala,South,2025-06-25
3627,Andrew Chadha,Male,55,New,Pune,Maharashtra,West,2025-07-27
3628,Madhav Oommen,Male,46,Premium,Ranchi,Jharkhand,East,2026-07-01
3629,Varenya Panchal,Female,39,Regular,Lucknow,Uttar Pradesh,North,2022-05-03
3630,Rachana Chawla,Male,29,Regular,Jaipur,Rajasthan,North,2021-09-07
3631,Simon Ganesh,Female,61,Regular,Coimbatore,Tamil Nadu,South,2025-07-28
3632,Ekalinga Karan,Male,60,New,Pune,Maharashtra,West,2022-06-27
3633,Tanvi Ram,Female,63,Regular,Hyderabad,Telangana,South,2025-09-16
3634,Rushil Barman,Female,19,Regular,Jaipur,Rajasthan,North,2023-02-23
3635,Aarush Pant,Female,34,New,Pune,Maharashtra,West,2021-09-19
3636,Hamsini Sagar,Female,51,Regular,Coimbatore,Tamil Nadu,South,2021-08-15
3637,Divya Sheth,Female,28,Premium,Lucknow,Uttar Pradesh,North,2025-04-14
3638,Jackson Deshpande,Female,34,New,Chandigarh,Chandigarh,North,2021-12-17
3639,Jagdish Bali,Female,20,New,Surat,Gujarat,West,2023-11-26
3640,Yatan Muni,Male,39,New,Ranchi,Jharkhand,East,2025-06-20
3641,Chaaya Barad,Male,65,New,Chandigarh,Chandigarh,North,2024-03-22
3642,Charita Devan,Female,30,Premium,Jaipur,Rajasthan,North,2025-10-30
3643,Michael Mand,Female,20,Regular,Surat,Gujarat,West,2025-01-06
3644,Falan Wali,Female,41,Regular,Ranchi,Jharkhand,East,2023-03-28
3645,Darika Mital,Female,26,Regular,Surat,Gujarat,West,2023-05-10
3646,Bhavani Narang,Male,49,New,Patna,Bihar,East,2023-07-28
3647,Laksh Vohra,Male,46,Regular,Patna,Bihar,East,2022-06-17
3648,Janani Comar,Male,19,Regular,Jaipur,Rajasthan,North,2024-07-20
3649,Gauri Nadkarni,Male,22,Regular,Bengaluru,Karnataka,South,2022-01-04
3650,Simon Brar,Male,27,Premium,Hyderabad,Telangana,South,2025-12-24
3651,Deepa Buch,Male,18,Regular,Bengaluru,Karnataka,South,2022-09-10
3652,Chameli Chaudhry,Male,27,Regular,Jaipur,Rajasthan,North,2025-08-05
3653,Devika Salvi,Male,57,Regular,Ahmedabad,Gujarat,West,2026-01-05
3654,Amruta Ben,Male,30,New,Delhi,Delhi,North,2021-12-31
3655,Aayush Chhabra,Male,63,New,Chandigarh,Chandigarh,North,2022-03-22
3656,Upasna Patel,Female,61,New,Delhi,Delhi,North,2025-12-29
3657,Aishani Dutt,Male,63,New,Chennai,Tamil Nadu,South,2023-07-26
3658,Finn Natt,Female,58,Regular,Lucknow,Uttar Pradesh,North,2024-06-28
3659,Anay Singhal,Male,63,Regular,Kochi,Kerala,South,2022-05-18
3660,Omkaar Upadhyay,Male,48,Premium,Indore,Madhya Pradesh,West,2022-08-18
3661,Abdul Virk,Male,46,Regular,Guwahati,Assam,East,2022-09-23
3662,Waida Khanna,Male,23,Regular,Coimbatore,Tamil Nadu,South,2025-11-29
3663,Lipika Hans,Female,27,New,Chennai,Tamil Nadu,South,2021-10-31
3664,Hemangini Deshpande,Male,30,New,Bengaluru,Karnataka,South,2025-08-30
3665,Bhavna Luthra,Male,28,Regular,Hyderabad,Telangana,South,2023-07-24
3666,Osha Kumer,Female,56,Regular,Indore,Madhya Pradesh,West,2022-10-12
3667,Aarav Contractor,Female,31,Regular,Indore,Madhya Pradesh,West,2024-10-11
3668,Zehaan Dave,Female,65,New,Ahmedabad,Gujarat,West,2023-07-25
3669,Yuvraj Deo,Male,59,New,Coimbatore,Tamil Nadu,South,2024-06-02
3670,Zaid Batra,Male,22,Regular,Patna,Bihar,East,2025-02-03
3671,Kiaan Kamdar,Female,40,New,Delhi,Delhi,North,2025-03-11
3672,Aarnav Kade,Female,23,New,Amritsar,Punjab,North,2022-12-02
3673,Odika Chhabra,Male,38,Regular,Mumbai,Maharashtra,West,2025-02-14
3674,Maanas Din,Male,54,New,Guwahati,Assam,East,2023-03-30
3675,Jyoti Nair,Female,40,Regular,Patna,Bihar,East,2025-02-27
3676,Zilmil Maharaj,Female,37,New,Ahmedabad,Gujarat,West,2026-06-04
3677,Madhav Jhaveri,Male,32,New,Ahmedabad,Gujarat,West,2023-10-03
3678,Xavier Suri,Female,44,Regular,Bengaluru,Karnataka,South,2023-06-26
3679,Rajeshri Bawa,Female,43,Regular,Surat,Gujarat,West,2023-12-25
3680,Ubika Dutt,Female,27,Regular,Surat,Gujarat,West,2022-10-18
3681,Tara Viswanathan,Female,19,Regular,Kochi,Kerala,South,2021-11-04
3682,Indrajit Mani,Female,58,New,Hyderabad,Telangana,South,2022-12-25
3683,Peter Sandhu,Female,18,Regular,Kochi,Kerala,South,2022-03-29
3684,Dhruv Sha,Male,55,New,Pune,Maharashtra,West,2025-05-20
3685,Shivani Iyer,Male,19,Regular,Chennai,Tamil Nadu,South,2023-04-11
3686,Vansha Ramakrishnan,Male,35,Regular,Surat,Gujarat,West,2024-12-23
3687,Thomas Sarma,Male,49,Premium,Bhubaneswar,Odisha,East,2022-11-19
3688,Wahab Sunder,Female,53,Regular,Pune,Maharashtra,West,2026-01-23
3689,Imaran Loyal,Male,49,New,Bhubaneswar,Odisha,East,2023-06-17
3690,Hardik Magar,Female,28,New,Surat,Gujarat,West,2025-02-21
3691,Netra Bahri,Female,24,Regular,Mumbai,Maharashtra,West,2025-11-05
3692,Wyatt Mandal,Female,56,Regular,Jaipur,Rajasthan,North,2021-11-07
3693,Qadim Taneja,Male,51,Regular,Bhubaneswar,Odisha,East,2022-10-18
3694,Manthan Bahri,Female,49,New,Pune,Maharashtra,West,2026-06-04
3695,Harita Agarwal,Male,39,New,Jaipur,Rajasthan,North,2023-03-05
3696,Ikbal Mohan,Female,57,New,Guwahati,Assam,East,2023-12-10
3697,Zayan Magar,Male,51,Premium,Amritsar,Punjab,North,2025-02-21
3698,Ishanvi Char,Female,62,Regular,Patna,Bihar,East,2024-06-19
3699,Yash Nair,Female,22,Premium,Hyderabad,Telangana,South,2023-06-09
3700,Ishanvi Sinha,Female,44,New,Lucknow,Uttar Pradesh,North,2021-10-06
3701,Waida Kari,Female,62,Regular,Chennai,Tamil Nadu,South,2025-05-01
3702,Faraj Chauhan,Female,35,Regular,Hyderabad,Telangana,South,2023-09-10
3703,Vihaan Roy,Female,62,New,Guwahati,Assam,East,2024-05-12
3704,Unni Sachar,Female,58,Regular,Chennai,Tamil Nadu,South,2025-11-14
3705,Harshil Sastry,Male,33,Premium,Coimbatore,Tamil Nadu,South,2024-03-18
3706,Tanish Kamdar,Female,19,Premium,Indore,Madhya Pradesh,West,2025-02-16
3707,Aahana Apte,Male,42,Regular,Guwahati,Assam,East,2023-05-23
3708,Jai Mand,Female,23,New,Coimbatore,Tamil Nadu,South,2026-02-16
3709,Shaurya Chander,Female,22,New,Surat,Gujarat,West,2024-10-01
3710,Jagat Chander,Male,35,Premium,Surat,Gujarat,West,2023-03-29
3711,Chaitanya Soni,Male,48,New,Hyderabad,Telangana,South,2025-07-25
3712,Abeer Suri,Male,38,Regular,Chennai,Tamil Nadu,South,2024-12-24
3713,Nisha Narayanan,Female,53,Regular,Guwahati,Assam,East,2025-08-15
3714,Arunima Acharya,Female,49,Regular,Hyderabad,Telangana,South,2022-01-13
3715,Ishanvi Sethi,Male,59,Premium,Guwahati,Assam,East,2023-09-03
3716,Avi Chatterjee,Male,36,New,Coimbatore,Tamil Nadu,South,2024-04-26
3717,Anvi Hans,Female,33,New,Chandigarh,Chandigarh,North,2026-06-10
3718,Vivaan Bath,Male,37,New,Surat,Gujarat,West,2022-05-25
3719,Shaurya Hora,Male,36,Regular,Bhubaneswar,Odisha,East,2025-03-14
3720,Darsh Sengupta,Female,23,New,Delhi,Delhi,North,2022-03-14
3721,Azad Dalal,Male,46,New,Ranchi,Jharkhand,East,2022-08-31
3722,Jeevika Mistry,Male,56,Regular,Indore,Madhya Pradesh,West,2025-03-01
3723,Mitesh Bhatnagar,Male,35,Premium,Ahmedabad,Gujarat,West,2025-09-17
3724,Urvi Radhakrishnan,Male,63,New,Ahmedabad,Gujarat,West,2025-09-15
3725,Bakhshi Walia,Male,55,Regular,Ahmedabad,Gujarat,West,2021-07-28
3726,Ikbal Chad,Male,25,Premium,Hyderabad,Telangana,South,2022-05-30
3727,Elijah Dube,Female,41,New,Jaipur,Rajasthan,North,2025-05-11
3728,Veer Ganesan,Female,53,New,Hyderabad,Telangana,South,2023-08-12
3729,Sneha Dugar,Female,43,New,Lucknow,Uttar Pradesh,North,2022-11-13
3730,Saumya Sandal,Male,59,Regular,Hyderabad,Telangana,South,2025-09-06
3731,Arya Mutti,Male,50,New,Patna,Bihar,East,2022-05-25
3732,Anmol Hayre,Female,22,Premium,Chandigarh,Chandigarh,North,2022-11-02
3733,Udyati Chand,Male,24,Regular,Chandigarh,Chandigarh,North,2023-07-26
3734,Jonathan Bhagat,Male,41,Regular,Chennai,Tamil Nadu,South,2025-11-29
3735,Varenya Rana,Male,44,New,Patna,Bihar,East,2022-09-07
3736,Chatresh Vasa,Female,43,Regular,Kolkata,West Bengal,East,2026-01-31
3737,Jonathan Khosla,Female,59,Regular,Amritsar,Punjab,North,2022-06-08
3738,Wyatt Yohannan,Male,31,Regular,Pune,Maharashtra,West,2026-01-28
3739,Girik Lad,Male,34,Regular,Pune,Maharashtra,West,2024-04-19
3740,Pranav Basu,Male,59,Regular,Chennai,Tamil Nadu,South,2022-11-04
3741,Logan Kannan,Male,48,Premium,Delhi,Delhi,North,2023-09-04
3742,Zarna Divan,Male,32,Regular,Delhi,Delhi,North,2025-01-11
3743,Pahal Buch,Female,38,Regular,Chennai,Tamil Nadu,South,2024-08-29
3744,Triveni Gala,Male,50,New,Surat,Gujarat,West,2025-03-23
3745,Ayushman Bali,Male,60,New,Ranchi,Jharkhand,East,2024-12-10
3746,Arjun Balasubramanian,Male,20,New,Indore,Madhya Pradesh,West,2025-05-13
3747,Finn Butala,Male,31,Regular,Coimbatore,Tamil Nadu,South,2021-12-14
3748,Guneet Sarna,Female,18,Regular,Coimbatore,Tamil Nadu,South,2024-12-22
3749,Dakshesh Bal,Female,50,Regular,Kolkata,West Bengal,East,2025-06-15
3750,Dhriti Raghavan,Male,27,Premium,Kochi,Kerala,South,2025-02-18
3751,Brinda Lal,Female,35,Premium,Amritsar,Punjab,North,2024-11-24
3752,Vansha Mani,Female,28,Premium,Guwahati,Assam,East,2022-05-01
3753,Matthew Gill,Female,39,New,Coimbatore,Tamil Nadu,South,2023-12-29
3754,Yachana Basak,Female,43,Regular,Hyderabad,Telangana,South,2025-08-29
3755,Banjeet Tripathi,Female,19,New,Jaipur,Rajasthan,North,2023-02-08
3756,Chaitanya Bawa,Female,31,New,Indore,Madhya Pradesh,West,2023-09-17
3757,Yatan Purohit,Male,42,New,Bengaluru,Karnataka,South,2021-07-20
3758,Gaurang Pathak,Male,54,New,Chandigarh,Chandigarh,North,2023-04-06
3759,Mason Ravel,Female,41,Regular,Bhubaneswar,Odisha,East,2025-02-26
3760,Warinder Sachar,Male,54,Regular,Mumbai,Maharashtra,West,2023-06-05
3761,Yasti Kari,Male,37,New,Bhubaneswar,Odisha,East,2022-04-13
3762,Chandran Pau,Male,39,Regular,Chandigarh,Chandigarh,North,2026-06-28
3763,Keya Barman,Female,64,Regular,Kochi,Kerala,South,2023-02-01
3764,Upma Bera,Female,56,New,Ranchi,Jharkhand,East,2024-04-19
3765,Nirja Sharma,Female,53,Regular,Kochi,Kerala,South,2023-07-28
3766,Qasim Dass,Male,57,New,Bhubaneswar,Odisha,East,2024-08-17
3767,Champak Das,Male,57,Regular,Delhi,Delhi,North,2021-11-09
3768,Jeet Wadhwa,Female,18,Regular,Delhi,Delhi,North,2025-11-11
3769,Aarna Goel,Female,64,New,Ranchi,Jharkhand,East,2025-03-25
3770,Wishi Kothari,Male,41,New,Bengaluru,Karnataka,South,2024-04-10
3771,Raghav Wadhwa,Female,65,Regular,Chennai,Tamil Nadu,South,2024-02-12
3772,Amrita Kibe,Female,44,Premium,Kolkata,West Bengal,East,2024-10-10
3773,Lohit Ratta,Male,25,New,Jaipur,Rajasthan,North,2022-04-23
3774,Onkar Vig,Female,47,Regular,Bhubaneswar,Odisha,East,2024-08-19
3775,Nikita Mishra,Male,48,Regular,Bengaluru,Karnataka,South,2024-05-23
3776,Oni De,Male,23,Premium,Bengaluru,Karnataka,South,2022-04-30
3777,Tanish Chawla,Female,35,Regular,Kochi,Kerala,South,2023-05-18
3778,Fitan Shere,Female,22,Regular,Amritsar,Punjab,North,2023-01-31
3779,Bishakha Ramakrishnan,Male,43,Regular,Chennai,Tamil Nadu,South,2025-11-26
3780,Bina Basak,Male,49,Premium,Mumbai,Maharashtra,West,2022-04-27
3781,Jyoti Oak,Female,29,Regular,Surat,Gujarat,West,2022-06-20
3782,Chaaya Handa,Male,60,New,Amritsar,Punjab,North,2024-04-02
3783,Frado Singhal,Female,64,New,Jaipur,Rajasthan,North,2026-05-02
3784,Ati Mannan,Female,19,Regular,Pune,Maharashtra,West,2023-06-04
3785,Upkaar Chopra,Male,62,Regular,Bhubaneswar,Odisha,East,2024-02-07
3786,Anya Narula,Male,54,New,Mumbai,Maharashtra,West,2023-05-19
3787,Udyati Bhatia,Female,32,Regular,Indore,Madhya Pradesh,West,2025-03-01
3788,Baljiwan Mann,Female,23,Regular,Jaipur,Rajasthan,North,2024-11-26
3789,Bishakha Khare,Female,52,New,Ranchi,Jharkhand,East,2024-12-20
3790,Sathvik Pant,Female,64,Premium,Hyderabad,Telangana,South,2022-07-23
3791,Divya Das,Female,44,New,Hyderabad,Telangana,South,2022-07-05
3792,Lohit Chaudry,Female,41,New,Coimbatore,Tamil Nadu,South,2023-07-06
3793,Unnati Dasgupta,Female,27,Regular,Ahmedabad,Gujarat,West,2021-12-26
3794,Wridesh Chand,Female,41,Regular,Indore,Madhya Pradesh,West,2024-04-04
3795,Waida Kalita,Female,26,New,Mumbai,Maharashtra,West,2024-09-09
3796,Upkaar Baral,Female,46,Regular,Patna,Bihar,East,2022-03-18
3797,Faraj Chacko,Female,50,Regular,Bengaluru,Karnataka,South,2025-12-13
3798,Falak Ramachandran,Female,52,New,Coimbatore,Tamil Nadu,South,2026-02-16
3799,Abhiram Anne,Male,31,New,Coimbatore,Tamil Nadu,South,2022-01-05
3800,Avi Balan,Female,25,Regular,Mumbai,Maharashtra,West,2026-02-04
3801,Oeshi Choudhury,Male,54,New,Amritsar,Punjab,North,2024-06-19
3802,Yash Purohit,Male,65,Premium,Jaipur,Rajasthan,North,2024-04-14
3803,Aishani Mander,Female,25,Regular,Hyderabad,Telangana,South,2023-03-16
3804,Ojasvi Aggarwal,Female,51,Premium,Patna,Bihar,East,2025-08-26
3805,Manya Pillai,Female,65,New,Pune,Maharashtra,West,2025-12-12
3806,Krish Bhardwaj,Male,58,Premium,Mumbai,Maharashtra,West,2024-08-01
3807,Jatin Vora,Male,63,Regular,Pune,Maharashtra,West,2021-12-01
3808,Ikbal Zacharia,Male,49,New,Amritsar,Punjab,North,2024-09-24
3809,Mekhala Wagle,Female,33,New,Bengaluru,Karnataka,South,2022-12-30
3810,Liam Reddy,Male,52,New,Ahmedabad,Gujarat,West,2023-12-04
3811,Tanveer Tiwari,Male,19,Regular,Chandigarh,Chandigarh,North,2022-07-05
3812,Siya Maharaj,Male,31,Regular,Jaipur,Rajasthan,North,2022-04-11
3813,Faraj Chanda,Male,34,New,Bengaluru,Karnataka,South,2023-03-19
3814,Chaitaly De,Female,40,Regular,Mumbai,Maharashtra,West,2022-10-24
3815,Brijesh Peri,Female,39,New,Mumbai,Maharashtra,West,2024-02-19
3816,Wazir Tailor,Male,37,Regular,Ahmedabad,Gujarat,West,2024-09-08
3817,Radhika Batra,Female,58,Regular,Indore,Madhya Pradesh,West,2026-03-20
3818,Jackson Dave,Male,49,Regular,Lucknow,Uttar Pradesh,North,2024-02-18
3819,Brijesh Hans,Male,34,Regular,Patna,Bihar,East,2023-09-02
3820,Zinal Jani,Male,45,Regular,Surat,Gujarat,West,2025-11-29
3821,Gaurang Bala,Male,42,Regular,Ranchi,Jharkhand,East,2023-05-06
3822,Elijah Nagi,Male,48,Regular,Lucknow,Uttar Pradesh,North,2023-06-20
3823,Harish Gill,Male,23,Regular,Guwahati,Assam,East,2026-03-28
3824,Harini Parekh,Female,42,New,Bengaluru,Karnataka,South,2025-05-17
3825,Yashodhara Goswami,Female,20,New,Bhubaneswar,Odisha,East,2021-10-18
3826,Vedika Sundaram,Female,31,New,Patna,Bihar,East,2023-09-20
3827,Shivansh Vohra,Male,61,Regular,Mumbai,Maharashtra,West,2023-08-29
3828,Banjeet D’Alia,Male,50,Regular,Coimbatore,Tamil Nadu,South,2025-09-10
3829,Sara Hari,Male,47,Regular,Mumbai,Maharashtra,West,2022-09-30
3830,Vansha Wadhwa,Female,52,New,Guwahati,Assam,East,2023-04-01
3831,Simon Kaur,Male,62,Regular,Jaipur,Rajasthan,North,2022-03-21
3832,Chatresh Chaudry,Female,36,Regular,Pune,Maharashtra,West,2024-10-05
3833,Andrew Batta,Female,56,Regular,Bengaluru,Karnataka,South,2024-11-14
3834,Bimala Mangal,Male,61,Regular,Ranchi,Jharkhand,East,2024-01-28
3835,Sneha Kumer,Male,48,Regular,Bengaluru,Karnataka,South,2024-05-28
3836,Neha Salvi,Male,42,New,Pune,Maharashtra,West,2024-06-13
3837,Chaman Shan,Male,37,Premium,Kochi,Kerala,South,2025-05-15
3838,Maanav Wason,Female,61,New,Chennai,Tamil Nadu,South,2021-12-25
3839,Yuvraj Din,Female,62,Premium,Pune,Maharashtra,West,2025-06-15
3840,Chaitaly Bail,Male,26,Regular,Delhi,Delhi,North,2023-03-10
3841,Robert Gill,Male,46,Regular,Coimbatore,Tamil Nadu,South,2025-05-25
3842,Qasim Kapoor,Female,19,New,Ahmedabad,Gujarat,West,2025-12-28
3843,Qushi Raval,Male,44,Regular,Guwahati,Assam,East,2023-01-03
3844,Nikita Bajaj,Female,45,Regular,Mumbai,Maharashtra,West,2024-05-10
3845,Mohammed Rao,Male,23,New,Mumbai,Maharashtra,West,2026-06-27
3846,Omisha Balasubramanian,Female,43,Regular,Patna,Bihar,East,2024-09-26
3847,Tarak More,Male,19,Premium,Chennai,Tamil Nadu,South,2024-09-29
3848,Zinal Kannan,Male,60,Regular,Bengaluru,Karnataka,South,2024-05-06
3849,Yagnesh Venkatesh,Female,53,Regular,Kochi,Kerala,South,2023-03-02
3850,Bhavani Aggarwal,Male,60,New,Ranchi,Jharkhand,East,2022-03-25
3851,Jacob Dhar,Female,25,Regular,Coimbatore,Tamil Nadu,South,2026-01-09
3852,Harita Balan,Male,27,New,Chandigarh,Chandigarh,North,2026-01-18
3853,Nidra Parmer,Female,18,Regular,Bhubaneswar,Odisha,East,2024-04-13
3854,Radha Lata,Male,25,Premium,Kolkata,West Bengal,East,2024-04-04
3855,Kritika Padmanabhan,Male,37,Regular,Guwahati,Assam,East,2022-01-01
3856,Tarak Aurora,Male,48,New,Hyderabad,Telangana,South,2023-07-28
3857,Guneet Dhingra,Female,48,Regular,Chennai,Tamil Nadu,South,2024-05-06
3858,Gayathri Dara,Male,29,Regular,Pune,Maharashtra,West,2025-05-15
3859,Amara Rastogi,Male,27,Regular,Indore,Madhya Pradesh,West,2022-10-18
3860,Deepa Upadhyay,Male,22,Regular,Coimbatore,Tamil Nadu,South,2024-03-30
3861,Ayushman Gala,Male,54,Regular,Indore,Madhya Pradesh,West,2022-11-23
3862,Aarav Ahuja,Female,58,Regular,Chennai,Tamil Nadu,South,2023-12-06
3863,Mahika Ramachandran,Female,44,Regular,Bhubaneswar,Odisha,East,2024-11-15
3864,Jackson Ram,Male,38,New,Lucknow,Uttar Pradesh,North,2021-11-06
3865,Finn Hans,Male,60,New,Mumbai,Maharashtra,West,2024-01-21
3866,Atharv Bava,Female,56,Regular,Ranchi,Jharkhand,East,2025-08-10
3867,Daksh Mallick,Female,57,Regular,Chennai,Tamil Nadu,South,2026-04-07
3868,Ekanta Bhagat,Male,56,Regular,Pune,Maharashtra,West,2021-12-08
3869,Rohan Savant,Male,45,Regular,Ranchi,Jharkhand,East,2023-10-20
3870,Chandresh Pillay,Male,53,New,Lucknow,Uttar Pradesh,North,2024-09-30
3871,Anamika Badal,Male,41,Regular,Chandigarh,Chandigarh,North,2022-08-21
3872,Saanvi Manda,Female,47,New,Ranchi,Jharkhand,East,2026-01-06
3873,Saumya Dey,Female,37,New,Patna,Bihar,East,2023-06-28
3874,Kalpit Devan,Female,42,Regular,Indore,Madhya Pradesh,West,2025-03-02
3875,Vyanjana Som,Female,23,New,Kochi,Kerala,South,2023-04-05
3876,Naveen Bhavsar,Male,34,Regular,Ahmedabad,Gujarat,West,2026-02-25
3877,Arin Ranganathan,Female,56,New,Patna,Bihar,East,2025-05-20
3878,Ekalinga Hayer,Female,33,Premium,Hyderabad,Telangana,South,2026-03-22
3879,Vincent Chakraborty,Female,30,Regular,Hyderabad,Telangana,South,2022-07-12
3880,Ishita Garg,Female,35,New,Guwahati,Assam,East,2026-03-23
3881,Ikbal Sibal,Female,60,Regular,Guwahati,Assam,East,2022-07-20
3882,Ucchal Anne,Male,62,Regular,Coimbatore,Tamil Nadu,South,2024-04-05
3883,Harsh Brar,Female,63,Premium,Bhubaneswar,Odisha,East,2022-07-24
3884,Ladli Chowdhury,Female,55,New,Bhubaneswar,Odisha,East,2024-07-20
3885,Wazir Varghese,Female,58,Premium,Bengaluru,Karnataka,South,2022-08-18
3886,Kevin Sibal,Female,29,Premium,Chennai,Tamil Nadu,South,2026-06-08
3887,Krisha Dara,Male,43,Premium,Ahmedabad,Gujarat,West,2024-01-06
3888,Falan Minhas,Female,52,Regular,Ahmedabad,Gujarat,West,2022-06-27
3889,Om Naidu,Female,56,Regular,Bhubaneswar,Odisha,East,2023-01-27
3890,Chaitaly Uppal,Male,42,Regular,Jaipur,Rajasthan,North,2021-10-10
3891,Raagini Majumdar,Male,30,Regular,Mumbai,Maharashtra,West,2021-10-01
3892,Warjas Seth,Female,53,Regular,Ranchi,Jharkhand,East,2022-12-17
3893,Harsh Rao,Female,30,Regular,Guwahati,Assam,East,2022-07-24
3894,Lucky Sheth,Female,58,Regular,Kolkata,West Bengal,East,2023-11-21
3895,Yochana Garde,Male,48,Regular,Indore,Madhya Pradesh,West,2025-03-29
3896,Akshay Edwin,Female,25,Regular,Surat,Gujarat,West,2026-02-11
3897,Qabil Chaudry,Male,41,New,Chennai,Tamil Nadu,South,2024-09-24
3898,Zilmil Saini,Male,35,Regular,Delhi,Delhi,North,2024-09-04
3899,Vyanjana Sarma,Female,26,Regular,Amritsar,Punjab,North,2022-05-24
3900,Vincent Zacharia,Male,20,Regular,Lucknow,Uttar Pradesh,North,2022-09-15
3901,Yutika Goel,Male,39,Regular,Delhi,Delhi,North,2022-10-02
3902,Nilima Balakrishnan,Female,33,Regular,Patna,Bihar,East,2024-04-02
3903,Arin Tailor,Female,53,Premium,Chennai,Tamil Nadu,South,2023-03-25
3904,Neha Dani,Male,19,New,Bhubaneswar,Odisha,East,2025-06-19
3905,Neha Taneja,Male,42,Regular,Bhubaneswar,Odisha,East,2023-10-21
3906,Zarna Din,Male,28,Regular,Coimbatore,Tamil Nadu,South,2022-09-19
3907,Janya Agate,Female,49,Regular,Amritsar,Punjab,North,2025-11-02
3908,Frado Garg,Male,44,New,Delhi,Delhi,North,2023-06-02
3909,Falak Dutta,Female,57,Regular,Chennai,Tamil Nadu,South,2022-06-09
3910,Jasmit Aurora,Male,35,New,Chennai,Tamil Nadu,South,2021-12-19
3911,Henry Lanka,Male,60,New,Delhi,Delhi,North,2025-06-04
3912,Elijah Virk,Female,46,New,Ranchi,Jharkhand,East,2023-07-24
3913,Elijah Dewan,Male,23,New,Chennai,Tamil Nadu,South,2024-10-16
3914,Tanmayi Baral,Female,27,Premium,Surat,Gujarat,West,2023-03-05
3915,Wahab Sani,Female,19,Premium,Indore,Madhya Pradesh,West,2024-04-28
3916,Amol Dutt,Female,45,Regular,Bhubaneswar,Odisha,East,2024-08-27
3917,Ganga Bandi,Male,49,Regular,Patna,Bihar,East,2022-03-03
3918,Rachita Krishna,Male,41,New,Surat,Gujarat,West,2026-04-18
3919,Kalpit Misra,Female,28,Regular,Bengaluru,Karnataka,South,2024-01-27
3920,Yauvani Bhatti,Male,38,Regular,Pune,Maharashtra,West,2025-12-13
3921,Idika Seth,Female,33,Premium,Ranchi,Jharkhand,East,2024-10-09
3922,Balendra Sastry,Female,56,Regular,Bhubaneswar,Odisha,East,2024-08-31
3923,Wahab Ratti,Male,59,Regular,Mumbai,Maharashtra,West,2021-12-29
3924,Rohan Zacharia,Male,42,New,Lucknow,Uttar Pradesh,North,2023-10-10
3925,Atharv Seth,Female,19,Premium,Patna,Bihar,East,2025-05-20
3926,Devansh Shenoy,Female,45,New,Surat,Gujarat,West,2022-11-29
3927,Leena Doctor,Female,40,Regular,Lucknow,Uttar Pradesh,North,2024-01-05
3928,Yashasvi Tank,Female,34,Regular,Hyderabad,Telangana,South,2025-10-27
3929,Kai Nagarajan,Male,32,Regular,Pune,Maharashtra,West,2025-02-16
3930,Wakeeta Barad,Female,41,New,Bengaluru,Karnataka,South,2024-02-12
3931,Aadi Rastogi,Male,63,Premium,Chandigarh,Chandigarh,North,2025-06-28
3932,Jyoti Ben,Male,34,New,Bengaluru,Karnataka,South,2024-10-02
3933,Jalsa Ramakrishnan,Female,46,Regular,Amritsar,Punjab,North,2025-01-05
3934,Tanmayi Barad,Male,45,New,Hyderabad,Telangana,South,2023-06-10
3935,Oliver Mammen,Male,44,New,Bhubaneswar,Odisha,East,2021-09-08
3936,Hema Prasad,Male,32,Regular,Bhubaneswar,Odisha,East,2026-01-13
3937,Maya Sharma,Male,54,Regular,Amritsar,Punjab,North,2022-11-17
3938,Logan Pandit,Female,45,New,Hyderabad,Telangana,South,2024-07-03
3939,Quincy Koshy,Male,30,New,Chennai,Tamil Nadu,South,2025-09-01
3940,Amruta Raman,Male,35,Regular,Delhi,Delhi,North,2024-09-15
3941,Robert Chauhan,Male,47,Regular,Coimbatore,Tamil Nadu,South,2025-09-08
3942,Abha Buch,Male,52,Premium,Bhubaneswar,Odisha,East,2023-03-28
3943,Rachit Walia,Male,38,New,Chennai,Tamil Nadu,South,2024-12-16
3944,Pranav Oza,Male,50,Regular,Hyderabad,Telangana,South,2025-05-06
3945,Netra Kant,Male,28,New,Lucknow,Uttar Pradesh,North,2023-06-25
3946,Hemal Wagle,Male,26,New,Lucknow,Uttar Pradesh,North,2025-11-17
3947,Harsh Kapoor,Female,54,Regular,Coimbatore,Tamil Nadu,South,2024-07-29
3948,Mahika Pingle,Male,47,Regular,Ranchi,Jharkhand,East,2025-11-03
3949,Zilmil Lall,Male,28,New,Bengaluru,Karnataka,South,2023-05-14
3950,Amol Nagi,Female,26,New,Delhi,Delhi,North,2026-04-27
3951,Advika Kapur,Female,51,New,Jaipur,Rajasthan,North,2025-04-26
3952,Jagdish Vala,Female,51,Regular,Surat,Gujarat,West,2021-07-28
3953,Isaiah Srivastava,Female,56,Premium,Indore,Madhya Pradesh,West,2025-08-29
3954,Champak Issac,Female,28,New,Ahmedabad,Gujarat,West,2024-07-13
3955,Warinder Luthra,Male,31,New,Pune,Maharashtra,West,2024-02-22
3956,Januja Kade,Female,37,Premium,Amritsar,Punjab,North,2025-07-03
3957,Eshana Memon,Female,42,Premium,Amritsar,Punjab,North,2023-07-05
3958,Falak Jain,Female,19,Regular,Ahmedabad,Gujarat,West,2023-10-21
3959,Jasmit Kala,Male,19,New,Ranchi,Jharkhand,East,2022-01-26
3960,Gunbir Khanna,Male,46,New,Kochi,Kerala,South,2025-08-16
3961,Edhitha Bath,Female,33,Regular,Hyderabad,Telangana,South,2025-07-13
3962,Mason Chopra,Male,46,Regular,Bengaluru,Karnataka,South,2021-08-13
3963,Balendra Pandya,Female,47,New,Ranchi,Jharkhand,East,2022-12-14
3964,Jairaj Viswanathan,Male,47,Regular,Ahmedabad,Gujarat,West,2022-06-03
3965,Karan Sridhar,Male,33,New,Kochi,Kerala,South,2023-11-25
3966,Kai Keer,Female,41,Regular,Bengaluru,Karnataka,South,2021-07-27
3967,Neelima Gaba,Female,42,New,Jaipur,Rajasthan,North,2025-10-05
3968,Priya Saha,Female,40,New,Mumbai,Maharashtra,West,2025-12-27
3969,Yashawini Sagar,Female,22,Regular,Mumbai,Maharashtra,West,2021-10-29
3970,Riya Mammen,Male,37,Regular,Patna,Bihar,East,2025-07-01
3971,Lakshit Tailor,Male,27,Premium,Bengaluru,Karnataka,South,2023-01-11
3972,Ati Nori,Male,50,Regular,Kolkata,West Bengal,East,2025-01-25
3973,Januja Nadig,Female,19,New,Coimbatore,Tamil Nadu,South,2025-03-14
3974,Pranav Thakkar,Female,57,Regular,Surat,Gujarat,West,2025-06-22
3975,Fitan Sangha,Female,36,New,Ahmedabad,Gujarat,West,2022-03-07
3976,Laban Ahuja,Male,46,Premium,Kolkata,West Bengal,East,2026-06-19
3977,Nachiket Mohanty,Male,60,Regular,Surat,Gujarat,West,2025-12-13
3978,Vincent Bora,Female,39,Regular,Chandigarh,Chandigarh,North,2023-05-26
3979,Jack Nanda,Male,27,New,Ahmedabad,Gujarat,West,2026-05-01
3980,Sathvik Ahluwalia,Female,35,Regular,Bengaluru,Karnataka,South,2025-11-17
3981,Bahadurjit Vig,Male,20,Regular,Pune,Maharashtra,West,2023-02-26
3982,Qabil Chaudhry,Male,30,Regular,Kolkata,West Bengal,East,2022-07-22
3983,Zinal Vohra,Male,44,New,Indore,Madhya Pradesh,West,2022-12-15
3984,Vritti Dhawan,Female,31,New,Kochi,Kerala,South,2024-08-15
3985,Pallavi Sen,Male,20,Regular,Delhi,Delhi,North,2024-01-13
3986,Brinda Sachdev,Male,32,Premium,Ranchi,Jharkhand,East,2026-01-12
3987,Kai Peri,Female,25,New,Pune,Maharashtra,West,2022-04-14
3988,Jyoti Mani,Female,57,Regular,Lucknow,Uttar Pradesh,North,2025-10-07
3989,Tejas Ghose,Female,54,New,Ranchi,Jharkhand,East,2022-08-01
3990,Kiaan Gupta,Male,60,Premium,Patna,Bihar,East,2025-01-27
3991,Ryan Dhar,Male,32,New,Guwahati,Assam,East,2025-09-19
3992,Dalaja Chanda,Female,35,New,Lucknow,Uttar Pradesh,North,2025-12-06
3993,Gautam Venkatesh,Female,49,Regular,Guwahati,Assam,East,2021-10-30
3994,Vrishti Dutta,Female,34,New,Mumbai,Maharashtra,West,2022-10-05
3995,Hemani Bajwa,Male,32,Regular,Chandigarh,Chandigarh,North,2022-07-22
3996,Netra Venkataraman,Male,24,Regular,Kochi,Kerala,South,2024-03-13
3997,Peter Golla,Female,44,New,Ranchi,Jharkhand,East,2025-01-25
3998,Ucchal Nagi,Male,33,Regular,Patna,Bihar,East,2026-01-14
3999,Amaira Sule,Female,60,Regular,Coimbatore,Tamil Nadu,South,2022-11-02
4000,Bachittar Nanda,Male,45,New,Jaipur,Rajasthan,North,2022-03-19
4001,Yasti Setty,Male,44,Regular,Surat,Gujarat,West,2022-04-01
4002,Harsh Ramanathan,Female,41,Regular,Mumbai,Maharashtra,West,2023-06-13
4003,Ria Dara,Male,49,Regular,Jaipur,Rajasthan,North,2021-10-20
4004,Dev Shankar,Male,43,New,Surat,Gujarat,West,2024-10-06
4005,Saanvi Kalla,Female,33,New,Pune,Maharashtra,West,2024-12-22
4006,Ayush Nanda,Male,56,New,Hyderabad,Telangana,South,2026-03-02
4007,Tanish Sabharwal,Female,23,Regular,Guwahati,Assam,East,2022-06-12
4008,Prisha Narain,Male,65,Regular,Delhi,Delhi,North,2025-12-11
4009,Chavvi Keer,Female,49,Regular,Chandigarh,Chandigarh,North,2024-10-27
4010,Warjas Ganesan,Male,18,New,Chandigarh,Chandigarh,North,2024-04-20
4011,Yash Zachariah,Male,26,New,Pune,Maharashtra,West,2023-02-28
4012,Amara Sahni,Female,60,Regular,Patna,Bihar,East,2022-07-21
4013,Waida Kanda,Male,37,Regular,Delhi,Delhi,North,2022-02-23
4014,Bimala Kota,Male,55,New,Kolkata,West Bengal,East,2022-05-06
4015,Advika Kulkarni,Male,30,Regular,Delhi,Delhi,North,2026-03-31
4016,Jackson Gole,Female,24,New,Kochi,Kerala,South,2024-06-04
4017,Aarnav Grover,Female,57,Premium,Guwahati,Assam,East,2026-01-02
4018,Ekaraj Edwin,Female,26,Premium,Amritsar,Punjab,North,2024-05-23
4019,Upadhriti Vyas,Female,28,New,Lucknow,Uttar Pradesh,North,2021-10-24
4020,Tanish Swaminathan,Male,62,New,Lucknow,Uttar Pradesh,North,2026-02-02
4021,Lakshit Venkataraman,Female,39,Regular,Kolkata,West Bengal,East,2025-01-28
4022,Ayaan Chaudhari,Female,40,New,Kochi,Kerala,South,2022-10-02
4023,Mekhala Bhagat,Female,44,Regular,Patna,Bihar,East,2022-03-18
4024,Baljiwan Basu,Female,31,Regular,Hyderabad,Telangana,South,2024-04-11
4025,Udyati Venkataraman,Male,63,Regular,Kochi,Kerala,South,2022-11-11
4026,Ikshita Kade,Male,21,Regular,Bengaluru,Karnataka,South,2024-01-20
4027,Yoshita Parikh,Male,46,Regular,Chandigarh,Chandigarh,North,2025-01-01
4028,Darsh Baria,Male,36,New,Chennai,Tamil Nadu,South,2022-06-17
4029,Chasmum Keer,Male,63,Regular,Patna,Bihar,East,2022-07-19
4030,Ekani Choudhary,Female,25,Regular,Surat,Gujarat,West,2026-02-24
4031,Nicholas Kade,Female,59,Regular,Bhubaneswar,Odisha,East,2023-11-02
4032,Arin Dixit,Male,43,New,Jaipur,Rajasthan,North,2025-11-24
4033,Ijaya Bajwa,Male,21,New,Hyderabad,Telangana,South,2024-10-01
4034,Vanya Malhotra,Female,29,Premium,Jaipur,Rajasthan,North,2021-12-30
4035,Dakshesh Hegde,Female,63,New,Surat,Gujarat,West,2024-10-21
4036,Upma Butala,Male,38,Premium,Ranchi,Jharkhand,East,2026-02-04
4037,Girik Contractor,Male,18,Premium,Ahmedabad,Gujarat,West,2022-08-03
4038,Matthew Doshi,Female,23,Regular,Hyderabad,Telangana,South,2022-04-06
4039,Jacob Sharma,Male,20,Regular,Ahmedabad,Gujarat,West,2022-02-11
4040,Chatresh Contractor,Female,35,Regular,Chennai,Tamil Nadu,South,2023-08-03
4041,Jack Chowdhury,Female,20,Premium,Chennai,Tamil Nadu,South,2024-07-25
4042,Kai Golla,Female,57,New,Jaipur,Rajasthan,North,2023-06-13
4043,Sanya Deshpande,Male,24,Regular,Patna,Bihar,East,2021-09-29
4044,Yuvraj Hora,Male,31,Regular,Indore,Madhya Pradesh,West,2025-02-24
4045,Balhaar Memon,Female,51,Regular,Hyderabad,Telangana,South,2026-03-01
4046,Lajita Nazareth,Male,45,Regular,Indore,Madhya Pradesh,West,2024-05-24
4047,Praneel Shah,Female,52,New,Lucknow,Uttar Pradesh,North,2022-07-30
4048,Hemang Doctor,Female,39,Regular,Mumbai,Maharashtra,West,2024-10-15
4049,Patrick Chaudhry,Male,48,Premium,Lucknow,Uttar Pradesh,North,2025-05-11
4050,Megha Vohra,Male,38,New,Surat,Gujarat,West,2021-12-26
4051,Abhiram Narain,Female,37,Premium,Kochi,Kerala,South,2022-03-28
4052,Bhavini Prashad,Female,43,Regular,Chandigarh,Chandigarh,North,2026-06-13
4053,Jeevika Palla,Male,20,Regular,Kolkata,West Bengal,East,2022-03-07
4054,Aarav Kala,Male,43,Regular,Kochi,Kerala,South,2025-02-22
4055,Kabir Taneja,Male,22,Regular,Lucknow,Uttar Pradesh,North,2025-02-11
4056,Veer Setty,Female,19,New,Guwahati,Assam,East,2025-08-27
4057,Rayaan Samra,Male,49,Regular,Guwahati,Assam,East,2022-02-16
4058,Jeevika Ram,Female,25,New,Coimbatore,Tamil Nadu,South,2026-03-19
4059,Simon Bala,Female,29,Premium,Kochi,Kerala,South,2023-01-26
4060,Nachiket Bal,Female,23,Premium,Bengaluru,Karnataka,South,2022-10-31
4061,Chatura Sami,Female,19,New,Bhubaneswar,Odisha,East,2022-03-29
4062,Varenya Kashyap,Female,28,New,Chandigarh,Chandigarh,North,2022-02-24
4063,Darpan Ganesan,Female,28,Regular,Patna,Bihar,East,2024-04-28
4064,Saanvi Chada,Male,41,New,Pune,Maharashtra,West,2024-07-13
4065,Nitara Kari,Female,52,Premium,Jaipur,Rajasthan,North,2023-09-10
4066,Hredhaan Oommen,Male,25,New,Delhi,Delhi,North,2022-03-09
4067,Abhimanyu Kapadia,Male,35,New,Chandigarh,Chandigarh,North,2023-02-18
4068,Bachittar Krish,Female,39,Premium,Bengaluru,Karnataka,South,2025-01-16
4069,Janani Ravi,Female,50,Regular,Amritsar,Punjab,North,2021-10-30
4070,Jyoti Sampath,Female,23,Regular,Lucknow,Uttar Pradesh,North,2026-04-27
4071,Dhruv Prabhakar,Female,29,New,Kolkata,West Bengal,East,2026-01-01
4072,Kamya Mane,Female,64,Regular,Pune,Maharashtra,West,2023-10-02
4073,Yatin Krishnamurthy,Male,22,Regular,Amritsar,Punjab,North,2023-08-30
4074,Laksh Krishnamurthy,Female,28,Regular,Chennai,Tamil Nadu,South,2023-12-08
4075,Indrajit Basu,Female,19,Regular,Kochi,Kerala,South,2023-11-05
4076,Yoshita Das,Female,24,Regular,Ranchi,Jharkhand,East,2024-04-23
4077,Nitara Karpe,Male,30,Regular,Pune,Maharashtra,West,2021-09-23
4078,Anya Chana,Male,65,New,Indore,Madhya Pradesh,West,2022-01-14
4079,Zaitra Basak,Female,42,Regular,Kochi,Kerala,South,2023-12-25
4080,Jeevika Sem,Male,20,New,Patna,Bihar,East,2024-04-04
4081,Hritik Oommen,Male,18,Regular,Lucknow,Uttar Pradesh,North,2022-01-27
4082,Frado Hayre,Female,59,New,Kolkata,West Bengal,East,2025-01-21
4083,Sneha Chaudry,Male,38,Regular,Ranchi,Jharkhand,East,2024-01-29
4084,Veer Natarajan,Male,24,Regular,Mumbai,Maharashtra,West,2022-10-08
4085,Bhavna Patel,Male,48,New,Amritsar,Punjab,North,2021-12-07
4086,Vyanjana Mital,Female,25,New,Indore,Madhya Pradesh,West,2026-05-22
4087,Parth Comar,Male,37,New,Jaipur,Rajasthan,North,2022-07-14
4088,Anay Saran,Male,24,Regular,Ahmedabad,Gujarat,West,2025-01-21
4089,Sanya Sandhu,Male,62,Regular,Jaipur,Rajasthan,North,2022-06-12
4090,Watika Balan,Male,35,New,Ranchi,Jharkhand,East,2025-01-20
4091,Gauri Issac,Male,51,Regular,Ranchi,Jharkhand,East,2022-07-23
4092,Neha Dugar,Female,37,New,Kolkata,West Bengal,East,2026-07-15
4093,Aachal Sarkar,Male,19,Regular,Ranchi,Jharkhand,East,2025-08-25
4094,Manthan Brar,Male,63,Premium,Patna,Bihar,East,2025-12-26
4095,Wridesh Devi,Male,41,New,Chandigarh,Chandigarh,North,2023-04-21
4096,Anirudh Balay,Female,39,Regular,Delhi,Delhi,North,2025-01-12
4097,Neha Sachdeva,Male,54,New,Kolkata,West Bengal,East,2021-10-28
4098,Ganga Bakshi,Male,32,New,Coimbatore,Tamil Nadu,South,2023-08-31
4099,Chandresh Sekhon,Female,53,New,Jaipur,Rajasthan,North,2025-04-24
4100,Jeet Krishnan,Female,53,New,Amritsar,Punjab,North,2024-06-24
4101,Warinder Bir,Female,20,Regular,Kolkata,West Bengal,East,2021-09-21
4102,Aarush Murty,Male,60,Regular,Ranchi,Jharkhand,East,2025-08-22
4103,Edhitha Gera,Male,26,Regular,Patna,Bihar,East,2022-10-13
4104,Chameli Taneja,Male,24,New,Delhi,Delhi,North,2021-09-30
4105,Waida Kapur,Female,41,New,Mumbai,Maharashtra,West,2026-03-08
4106,Ubika Sarna,Male,34,Regular,Indore,Madhya Pradesh,West,2024-10-10
4107,Lavanya Master,Male,23,Premium,Coimbatore,Tamil Nadu,South,2024-12-17
4108,Hardik Dixit,Male,59,New,Bhubaneswar,Odisha,East,2022-01-17
4109,Chandran Sundaram,Female,31,Premium,Delhi,Delhi,North,2022-08-14
4110,Yuvraj Kaul,Male,44,Regular,Chennai,Tamil Nadu,South,2023-12-08
4111,Rajeshri Goswami,Female,54,Regular,Amritsar,Punjab,North,2025-09-10
4112,Ishaan Sehgal,Male,21,Regular,Kochi,Kerala,South,2022-08-04
4113,Aishani Gandhi,Female,30,New,Pune,Maharashtra,West,2025-07-28
4114,Atharv Kala,Male,43,New,Patna,Bihar,East,2025-12-15
4115,Onveer Cherian,Female,35,Regular,Indore,Madhya Pradesh,West,2023-11-15
4116,Nathan Bala,Male,63,New,Coimbatore,Tamil Nadu,South,2021-12-24
4117,Girish Chacko,Female,18,Premium,Ahmedabad,Gujarat,West,2024-09-09
4118,Manan Choudhury,Male,65,Regular,Lucknow,Uttar Pradesh,North,2022-09-17
4119,Anthony Yogi,Male,59,New,Bhubaneswar,Odisha,East,2021-12-14
4120,Yashoda Balasubramanian,Male,63,Regular,Chandigarh,Chandigarh,North,2024-01-21
4121,Mohini Lad,Male,65,New,Chandigarh,Chandigarh,North,2025-08-12
4122,Naveen Dara,Female,26,Regular,Delhi,Delhi,North,2023-01-21
4123,Yochana Kaul,Male,54,Regular,Hyderabad,Telangana,South,2023-10-17
4124,Yashica Prakash,Male,62,Premium,Chandigarh,Chandigarh,North,2024-05-23
4125,Orinder Bhatia,Male,39,Regular,Lucknow,Uttar Pradesh,North,2023-09-22
4126,Chakradhar Sahota,Male,27,Regular,Kochi,Kerala,South,2025-08-06
4127,Girik Gole,Female,44,Regular,Jaipur,Rajasthan,North,2023-11-28
4128,Frederick Mistry,Female,46,Premium,Indore,Madhya Pradesh,West,2025-09-30
4129,Frado Dugar,Male,42,New,Chennai,Tamil Nadu,South,2024-07-07
4130,Anamika Gandhi,Male,49,New,Bhubaneswar,Odisha,East,2024-02-03
4131,Yamini Dora,Female,21,New,Ahmedabad,Gujarat,West,2024-07-15
4132,Vansha Bedi,Female,47,New,Kolkata,West Bengal,East,2023-11-08
4133,Veer Dalal,Male,65,Regular,Bengaluru,Karnataka,South,2022-11-15
4134,Pallavi Chowdhury,Female,31,Regular,Indore,Madhya Pradesh,West,2022-10-30
4135,Warda Kothari,Female,27,Regular,Mumbai,Maharashtra,West,2023-04-23
4136,Udarsh Nath,Male,45,New,Patna,Bihar,East,2022-06-03
4137,Hredhaan Sharma,Male,55,Regular,Lucknow,Uttar Pradesh,North,2025-02-24
4138,Qabil Master,Female,59,New,Ahmedabad,Gujarat,West,2024-06-10
4139,Barkha Puri,Male,62,Regular,Kochi,Kerala,South,2024-09-26
4140,Alka Sanghvi,Female,35,Regular,Ranchi,Jharkhand,East,2023-06-16
4141,Yasti Muni,Male,46,New,Kochi,Kerala,South,2021-08-30
4142,Advay Dua,Male,59,New,Bengaluru,Karnataka,South,2022-04-18
4143,Libni Dhar,Male,53,New,Surat,Gujarat,West,2024-05-04
4144,Xavier Ray,Female,64,Regular,Bengaluru,Karnataka,South,2022-05-02
4145,Aadi Thakkar,Female,62,Premium,Guwahati,Assam,East,2022-11-29
4146,Amaira Warrior,Female,65,Regular,Jaipur,Rajasthan,North,2026-05-17
4147,Benjamin Sarin,Male,54,New,Mumbai,Maharashtra,West,2023-07-16
4148,Megha Srinivasan,Female,34,Regular,Chandigarh,Chandigarh,North,2022-03-23
4149,Ekansh Sandal,Male,58,Regular,Coimbatore,Tamil Nadu,South,2022-04-17
4150,Gaurav Mital,Male,27,Regular,Indore,Madhya Pradesh,West,2021-08-24
4151,Yuvraj Parmar,Female,54,New,Jaipur,Rajasthan,North,2021-11-26
4152,Samarth Reddy,Female,30,New,Kolkata,West Bengal,East,2024-11-03
4153,Vaishnavi Reddy,Female,64,Regular,Bengaluru,Karnataka,South,2022-01-28
4154,Rachit Kothari,Female,55,Regular,Ahmedabad,Gujarat,West,2026-01-04
4155,Ekani Vaidya,Female,24,New,Kochi,Kerala,South,2021-10-03
4156,Anthony Gandhi,Male,33,New,Surat,Gujarat,West,2022-01-03
4157,Chasmum Tandon,Female,40,Regular,Kolkata,West Bengal,East,2023-05-04
4158,Gunbir Sanghvi,Female,49,Premium,Pune,Maharashtra,West,2022-04-05
4159,Reyansh Mann,Male,62,Premium,Kochi,Kerala,South,2023-02-15
4160,Neelima Bhatnagar,Male,32,Regular,Delhi,Delhi,North,2022-11-26
4161,Dhruv Varty,Male,47,Regular,Mumbai,Maharashtra,West,2023-11-20
4162,Benjamin Agate,Male,24,New,Indore,Madhya Pradesh,West,2022-03-03
4163,Maanav Chatterjee,Male,65,Regular,Pune,Maharashtra,West,2025-11-13
4164,Anika Sachdev,Female,24,Regular,Chennai,Tamil Nadu,South,2022-11-23
4165,Upkaar Narain,Male,55,Regular,Jaipur,Rajasthan,North,2024-02-14
4166,Krisha Lanka,Female,59,Regular,Mumbai,Maharashtra,West,2024-08-25
4167,Meghana Sarraf,Male,39,New,Pune,Maharashtra,West,2024-04-07
4168,Devika Chana,Male,23,New,Coimbatore,Tamil Nadu,South,2023-02-04
4169,Dipta Bawa,Male,20,New,Guwahati,Assam,East,2023-03-05
4170,Pranit Bhardwaj,Male,60,New,Ahmedabad,Gujarat,West,2022-02-02
4171,Jalsa Koshy,Male,44,New,Lucknow,Uttar Pradesh,North,2025-10-05
4172,Chaitanya Panchal,Male,50,Premium,Kolkata,West Bengal,East,2025-01-08
4173,Farhan Sami,Female,18,Regular,Coimbatore,Tamil Nadu,South,2022-02-07
4174,Utkarsh Yogi,Female,46,Regular,Ahmedabad,Gujarat,West,2024-12-13
4175,Sarthak Sama,Male,58,Premium,Bengaluru,Karnataka,South,2025-04-20
4176,Jeremiah Chaudhry,Male,29,Premium,Jaipur,Rajasthan,North,2023-02-09
4177,Falak Pradhan,Male,64,Regular,Chennai,Tamil Nadu,South,2024-02-10
4178,Vedika Amble,Male,30,Regular,Chennai,Tamil Nadu,South,2024-07-14
4179,Laban Misra,Female,21,New,Hyderabad,Telangana,South,2021-10-12
4180,Praneel Batta,Male,20,New,Pune,Maharashtra,West,2024-03-09
4181,Keya Mahal,Female,58,Regular,Chandigarh,Chandigarh,North,2023-01-01
4182,Raagini Tank,Male,62,Regular,Ranchi,Jharkhand,East,2025-06-19
4183,Rajata Lala,Female,42,Regular,Chandigarh,Chandigarh,North,2023-08-03
4184,Divya Sampath,Female,20,New,Chandigarh,Chandigarh,North,2022-05-06
4185,Saanvi Oak,Male,23,New,Kochi,Kerala,South,2025-11-11
4186,Shravya Morar,Male,27,Regular,Chennai,Tamil Nadu,South,2024-03-23
4187,Rehaan Toor,Female,32,New,Mumbai,Maharashtra,West,2025-05-18
4188,Pavani De,Female,46,Regular,Hyderabad,Telangana,South,2025-07-25
4189,Aarna Ravel,Male,46,Regular,Coimbatore,Tamil Nadu,South,2022-10-01
4190,Qarin Sahota,Female,35,Regular,Pune,Maharashtra,West,2025-12-01
4191,Chatura Chopra,Male,64,Regular,Patna,Bihar,East,2023-03-21
4192,Idika Karnik,Female,36,Premium,Chandigarh,Chandigarh,North,2023-07-09
4193,Pavani Dyal,Female,23,Regular,Indore,Madhya Pradesh,West,2026-03-01
4194,Parth Doshi,Male,32,Regular,Chandigarh,Chandigarh,North,2025-10-25
4195,Priya Sridhar,Female,43,Regular,Amritsar,Punjab,North,2023-01-03
4196,Deepa Rattan,Male,52,New,Bengaluru,Karnataka,South,2025-01-02
4197,Ekalinga Ramakrishnan,Male,21,New,Chennai,Tamil Nadu,South,2022-03-17
4198,Peter Mand,Male,39,New,Chandigarh,Chandigarh,North,2021-09-03
4199,George Pradhan,Female,39,Regular,Jaipur,Rajasthan,North,2025-01-30
4200,Zansi Rama,Male,45,Regular,Chennai,Tamil Nadu,South,2026-02-02
4201,Alexander Chokshi,Male,32,Regular,Pune,Maharashtra,West,2026-07-03
4202,Vasana Talwar,Male,57,New,Amritsar,Punjab,North,2023-11-29
4203,Rohan Buch,Female,64,New,Mumbai,Maharashtra,West,2026-06-30
4204,Sachi Arya,Female,28,Premium,Jaipur,Rajasthan,North,2022-05-26
4205,Sanaya Deshmukh,Male,20,New,Patna,Bihar,East,2026-03-11
4206,Adya Gala,Male,64,Regular,Delhi,Delhi,North,2026-07-05
4207,Faqid Din,Female,28,Regular,Delhi,Delhi,North,2024-09-23
4208,Chatresh Jani,Male,48,Regular,Delhi,Delhi,North,2025-03-10
4209,Varenya Oommen,Female,21,New,Lucknow,Uttar Pradesh,North,2024-03-07
4210,Libni Walia,Female,38,New,Chandigarh,Chandigarh,North,2022-09-04
4211,Om Pillay,Female,36,New,Mumbai,Maharashtra,West,2021-10-10
4212,Dayita Datta,Male,52,Regular,Bhubaneswar,Odisha,East,2026-06-15
4213,Yahvi Nair,Female,36,Regular,Coimbatore,Tamil Nadu,South,2022-02-25
4214,Amrita Batta,Male,27,New,Indore,Madhya Pradesh,West,2025-12-06
4215,Aachal Mody,Male,38,Regular,Hyderabad,Telangana,South,2021-09-10
4216,Unni Nigam,Male,50,Regular,Surat,Gujarat,West,2024-10-19
4217,Faraj Choudhury,Male,20,New,Surat,Gujarat,West,2025-03-27
4218,Mitesh Sem,Female,33,Regular,Delhi,Delhi,North,2022-03-27
4219,Frado Seshadri,Female,23,Regular,Ahmedabad,Gujarat,West,2022-12-18
4220,Samuel Kibe,Female,51,New,Guwahati,Assam,East,2023-09-23
4221,Vrishti Gara,Female,54,New,Kochi,Kerala,South,2024-11-10
4222,Omkaar Bora,Female,27,Regular,Chandigarh,Chandigarh,North,2021-09-09
4223,Advik Bhat,Male,38,Premium,Guwahati,Assam,East,2026-01-10
4224,Lila Koshy,Female,37,Regular,Kolkata,West Bengal,East,2025-07-17
4225,Falguni Hayer,Female,64,Regular,Coimbatore,Tamil Nadu,South,2025-09-02
4226,Ekta Thakur,Male,58,Regular,Amritsar,Punjab,North,2021-09-13
4227,Veer Narayanan,Female,31,Regular,Mumbai,Maharashtra,West,2025-09-07
4228,Advik Banik,Female,57,Regular,Kochi,Kerala,South,2025-10-10
4229,Yutika Biswas,Male,26,Regular,Kolkata,West Bengal,East,2025-10-29
4230,Ridhi Som,Female,21,New,Delhi,Delhi,North,2025-02-10
4231,Pavani Pai,Female,51,Regular,Lucknow,Uttar Pradesh,North,2024-01-23
4232,Aachal Kumar,Male,34,Regular,Amritsar,Punjab,North,2026-06-25
4233,Advika Lala,Female,49,Regular,Bhubaneswar,Odisha,East,2026-02-13
4234,Janaki Bhatti,Male,42,Premium,Coimbatore,Tamil Nadu,South,2023-09-04
4235,Shravya Chhabra,Male,43,New,Coimbatore,Tamil Nadu,South,2023-11-30
4236,Wridesh Dasgupta,Male,61,New,Bhubaneswar,Odisha,East,2021-08-12
4237,Yadavi Vala,Female,57,New,Chandigarh,Chandigarh,North,2022-04-09
4238,Pavani Wable,Female,44,Regular,Bhubaneswar,Odisha,East,2024-11-03
4239,Darsh Mohan,Male,33,Regular,Bhubaneswar,Odisha,East,2024-02-09
4240,Vasana Deol,Female,64,New,Pune,Maharashtra,West,2026-07-03
4241,Anusha Sengupta,Male,37,Regular,Pune,Maharashtra,West,2025-09-22
4242,Krisha Kaul,Female,20,Regular,Kolkata,West Bengal,East,2024-12-10
4243,Lakshmi Krishnan,Female,28,Regular,Ahmedabad,Gujarat,West,2021-09-19
4244,Samar Kara,Female,20,Regular,Patna,Bihar,East,2022-05-30
4245,Warinder Khanna,Male,64,Regular,Kochi,Kerala,South,2024-07-01
4246,Matthew Chowdhury,Male,36,Premium,Patna,Bihar,East,2024-05-17
4247,Ayushman Ramanathan,Male,48,New,Bengaluru,Karnataka,South,2026-06-19
4248,Shivansh Gera,Female,35,New,Ahmedabad,Gujarat,West,2026-02-19
4249,Simon Ganesh,Male,32,Regular,Guwahati,Assam,East,2024-02-14
4250,Jackson Aurora,Male,53,Premium,Jaipur,Rajasthan,North,2022-04-07
4251,Aarnav Babu,Female,64,Regular,Hyderabad,Telangana,South,2022-06-18
4252,Triya Saraf,Male,61,New,Kochi,Kerala,South,2021-11-07
4253,Ayushman Trivedi,Female,61,New,Kolkata,West Bengal,East,2023-06-08
4254,Libni Dara,Male,31,Regular,Jaipur,Rajasthan,North,2025-09-29
4255,Chakrika Gulati,Female,30,New,Chennai,Tamil Nadu,South,2021-08-04
4256,Bhavya Bhatia,Female,63,Regular,Guwahati,Assam,East,2023-05-26
4257,Bimala Nagar,Male,27,Premium,Lucknow,Uttar Pradesh,North,2026-02-14
4258,Yashvi Batta,Male,63,Regular,Delhi,Delhi,North,2024-10-14
4259,Oviya Devi,Female,64,Regular,Indore,Madhya Pradesh,West,2025-06-20
4260,Nilima Mutti,Male,56,Regular,Amritsar,Punjab,North,2022-07-06
4261,Bakhshi Aggarwal,Male,58,New,Chennai,Tamil Nadu,South,2025-09-12
4262,Tanvi Raval,Male,26,Premium,Kochi,Kerala,South,2022-07-12
4263,Kala Mallick,Male,20,Regular,Ahmedabad,Gujarat,West,2026-02-12
4264,Raksha Borde,Male,23,Regular,Mumbai,Maharashtra,West,2026-04-03
4265,Rajata Sant,Female,24,Regular,Ahmedabad,Gujarat,West,2023-03-12
4266,Pahal Luthra,Female,53,Regular,Indore,Madhya Pradesh,West,2026-05-26
4267,Maya Prabhakar,Male,31,Regular,Delhi,Delhi,North,2021-12-30
4268,Gautam Kar,Male,39,New,Delhi,Delhi,North,2023-01-12
4269,Sanya Naik,Male,56,Regular,Mumbai,Maharashtra,West,2026-06-21
4270,Upasna Barman,Female,39,Premium,Chandigarh,Chandigarh,North,2022-01-14
4271,Jhalak Hayer,Female,64,Regular,Surat,Gujarat,West,2024-02-25
4272,Chaitaly Dhaliwal,Male,64,Premium,Guwahati,Assam,East,2023-09-08
4273,Nathaniel Rama,Male,43,New,Mumbai,Maharashtra,West,2023-06-05
4274,Vivaan Zacharia,Female,26,Regular,Guwahati,Assam,East,2024-07-27
4275,Urmi Wadhwa,Female,56,Regular,Delhi,Delhi,North,2023-09-14
4276,Elijah Patla,Female,24,Regular,Delhi,Delhi,North,2026-07-06
4277,Pranit Patil,Male,43,Regular,Bhubaneswar,Odisha,East,2021-09-08
4278,Suhani Purohit,Male,55,New,Ahmedabad,Gujarat,West,2023-10-21
4279,Jonathan Bains,Male,28,New,Kochi,Kerala,South,2021-08-26
4280,Raagini Parmer,Male,22,Regular,Chennai,Tamil Nadu,South,2026-04-03
4281,Lajita Aurora,Female,39,New,Kochi,Kerala,South,2023-10-23
4282,Abdul Pillay,Male,23,Regular,Ranchi,Jharkhand,East,2023-01-19
4283,Triya Patel,Female,26,New,Kolkata,West Bengal,East,2026-03-18
4284,Jacob Sharma,Female,58,New,Mumbai,Maharashtra,West,2023-03-20
4285,Gautam Devi,Male,49,Regular,Jaipur,Rajasthan,North,2023-12-21
4286,Qasim Borde,Female,65,Regular,Surat,Gujarat,West,2023-12-24
4287,Avni Chanda,Male,25,Premium,Amritsar,Punjab,North,2022-01-07
4288,Lakshit Sarin,Male,20,Regular,Kochi,Kerala,South,2024-07-30
4289,Lohit Sood,Male,41,New,Bengaluru,Karnataka,South,2022-11-13
4290,Shivani Bera,Male,19,Regular,Surat,Gujarat,West,2023-03-17
4291,Jeevika Lata,Female,22,Regular,Pune,Maharashtra,West,2025-08-04
4292,Hiral Memon,Male,29,New,Bhubaneswar,Odisha,East,2026-02-12
4293,Eiravati Saran,Female,40,Regular,Hyderabad,Telangana,South,2023-05-27
4294,Aarnav Dhaliwal,Male,45,Premium,Lucknow,Uttar Pradesh,North,2025-06-08
4295,Watika Acharya,Female,45,Regular,Lucknow,Uttar Pradesh,North,2022-03-02
4296,Chandran Bhatnagar,Male,51,New,Coimbatore,Tamil Nadu,South,2025-02-01
4297,Hema Rout,Male,25,New,Patna,Bihar,East,2024-09-11
4298,Tripti Garg,Male,51,New,Hyderabad,Telangana,South,2022-11-29
4299,Arya Singhal,Female,37,Regular,Pune,Maharashtra,West,2022-08-04
4300,Falak Mammen,Male,44,Regular,Kochi,Kerala,South,2026-07-01
4301,Vedika Venkatesh,Male,59,New,Chandigarh,Chandigarh,North,2021-07-24
4302,Naveen Lala,Male,21,Premium,Guwahati,Assam,East,2024-10-18
4303,Gautam Deshpande,Female,62,Regular,Jaipur,Rajasthan,North,2025-02-14
4304,Lopa Prakash,Male,50,Regular,Amritsar,Punjab,North,2026-07-04
4305,Daniel Panchal,Male,36,Regular,Guwahati,Assam,East,2021-07-26
4306,Gavin D’Alia,Male,19,New,Guwahati,Assam,East,2026-04-02
4307,Pranav Sheth,Male,43,Regular,Ahmedabad,Gujarat,West,2024-05-29
4308,Gabriel Murty,Female,60,Regular,Indore,Madhya Pradesh,West,2025-12-19
4309,Caleb Patil,Female,23,Regular,Guwahati,Assam,East,2022-06-19
4310,Chatresh Deshpande,Female,55,Regular,Bhubaneswar,Odisha,East,2022-09-03
4311,Turvi Bobal,Male,27,New,Indore,Madhya Pradesh,West,2022-07-14
4312,Alexander Agrawal,Male,36,Premium,Guwahati,Assam,East,2025-08-02
4313,Gabriel Thaman,Female,54,New,Amritsar,Punjab,North,2026-04-28
4314,Falak Memon,Male,24,Premium,Chennai,Tamil Nadu,South,2024-05-28
4315,Upadhriti Sachdev,Female,27,Premium,Chennai,Tamil Nadu,South,2022-09-02
4316,Nitara Padmanabhan,Male,44,New,Surat,Gujarat,West,2024-07-02
4317,Arya Sodhi,Female,27,Regular,Amritsar,Punjab,North,2022-03-12
4318,Gaurang Varma,Female,44,New,Mumbai,Maharashtra,West,2025-05-14
4319,Samaksh Mukhopadhyay,Male,65,Regular,Lucknow,Uttar Pradesh,North,2026-03-02
4320,Tanay Bobal,Male,51,Regular,Hyderabad,Telangana,South,2025-08-04
4321,Chakradev Dube,Female,59,Regular,Hyderabad,Telangana,South,2021-09-17
4322,Tristan Goswami,Male,60,Premium,Coimbatore,Tamil Nadu,South,2023-04-18
4323,Tanay Parsa,Male,40,Regular,Jaipur,Rajasthan,North,2021-11-17
4324,Geetika Doshi,Male,62,Regular,Mumbai,Maharashtra,West,2023-09-22
4325,Nidra Mahajan,Male,53,Regular,Ahmedabad,Gujarat,West,2023-08-22
4326,Balvan Sanghvi,Female,52,Premium,Kochi,Kerala,South,2026-06-07
4327,Zayan Mistry,Female,23,New,Kochi,Kerala,South,2023-10-11
4328,Chavvi Goel,Female,40,Premium,Indore,Madhya Pradesh,West,2026-03-11
4329,Lavanya Misra,Male,18,New,Mumbai,Maharashtra,West,2023-02-15
4330,Champak Narayanan,Male,61,Regular,Surat,Gujarat,West,2023-07-26
4331,Sachi Malhotra,Female,54,New,Chennai,Tamil Nadu,South,2023-03-17
4332,Jagvi Sen,Female,30,New,Kolkata,West Bengal,East,2025-01-22
4333,Fariq Patla,Male,33,Regular,Ranchi,Jharkhand,East,2024-08-20
4334,Samesh Goswami,Female,58,Regular,Guwahati,Assam,East,2026-05-05
4335,Bahadurjit Zachariah,Male,48,Regular,Delhi,Delhi,North,2025-03-08
4336,Hredhaan Basak,Male,60,New,Bengaluru,Karnataka,South,2026-03-22
4337,Ayaan Chaudry,Female,42,Regular,Indore,Madhya Pradesh,West,2024-01-02
4338,Fiyaz Chaudhry,Male,42,Premium,Delhi,Delhi,North,2025-12-26
4339,Girish Bahl,Male,60,Regular,Bengaluru,Karnataka,South,2023-11-07
4340,Sai Ramachandran,Female,19,New,Coimbatore,Tamil Nadu,South,2022-04-01
4341,Om Bajwa,Female,51,Regular,Delhi,Delhi,North,2021-10-21
4342,Vivaan Murty,Female,23,New,Amritsar,Punjab,North,2023-07-26
4343,Fiyaz Goel,Male,65,Regular,Guwahati,Assam,East,2025-08-16
4344,Krishna Gopal,Female,44,Regular,Kolkata,West Bengal,East,2026-07-12
4345,Ishanvi Bhargava,Male,55,Regular,Coimbatore,Tamil Nadu,South,2023-09-22
4346,Chandresh Brar,Male,21,Regular,Surat,Gujarat,West,2021-08-03
4347,Tanish Goswami,Female,35,Regular,Bhubaneswar,Odisha,East,2023-02-18
4348,Aashi Sarraf,Female,46,Regular,Lucknow,Uttar Pradesh,North,2026-01-26
4349,Azad Sarma,Male,21,Regular,Ranchi,Jharkhand,East,2024-09-14
4350,Harish Savant,Female,44,Regular,Pune,Maharashtra,West,2022-12-13
4351,Ubika Bawa,Male,40,Regular,Coimbatore,Tamil Nadu,South,2025-01-21
4352,Ayaan Kashyap,Male,65,Regular,Amritsar,Punjab,North,2026-03-11
4353,Chanakya Andra,Female,21,Regular,Surat,Gujarat,West,2024-11-13
4354,Tarak Modi,Male,34,Premium,Coimbatore,Tamil Nadu,South,2026-06-14
4355,Samar Dani,Female,22,Regular,Lucknow,Uttar Pradesh,North,2025-05-27
4356,Jonathan Balay,Male,47,Regular,Chennai,Tamil Nadu,South,2021-07-20
4357,Chakradev Toor,Male,38,New,Bengaluru,Karnataka,South,2025-12-05
4358,Devansh Bora,Male,40,Regular,Bhubaneswar,Odisha,East,2024-08-05
4359,Timothy Nayar,Female,52,Regular,Mumbai,Maharashtra,West,2024-04-01
4360,Jagrati Pal,Male,31,New,Lucknow,Uttar Pradesh,North,2025-12-09
4361,Kashvi Oak,Male,56,New,Bengaluru,Karnataka,South,2025-05-03
4362,Lipika Bobal,Female,25,Regular,Bengaluru,Karnataka,South,2022-04-08
4363,Vidhi Arya,Male,50,Regular,Kochi,Kerala,South,2021-09-13
4364,Priya Bhargava,Female,49,Regular,Bhubaneswar,Odisha,East,2024-10-03
4365,Reva Sood,Male,30,New,Ranchi,Jharkhand,East,2021-11-26
4366,Varenya Tella,Male,60,Regular,Kochi,Kerala,South,2022-11-07
4367,Tejas Hari,Female,55,New,Patna,Bihar,East,2022-11-14
4368,Damyanti Prasad,Female,21,Regular,Chandigarh,Chandigarh,North,2024-05-21
4369,Aarnav Ramaswamy,Female,50,New,Kochi,Kerala,South,2025-11-05
4370,Naksh Natt,Female,35,New,Delhi,Delhi,North,2023-12-28
4371,Naveen Pall,Male,46,New,Kolkata,West Bengal,East,2023-03-06
4372,Wakeeta Kala,Male,43,Regular,Hyderabad,Telangana,South,2025-09-05
4373,Aadhya De,Male,27,New,Indore,Madhya Pradesh,West,2026-06-19
4374,Bhavika Cherian,Male,29,Regular,Surat,Gujarat,West,2026-01-12
4375,Qarin Bhat,Male,58,Regular,Delhi,Delhi,North,2023-11-01
4376,Theodore Kant,Male,24,Regular,Lucknow,Uttar Pradesh,North,2024-09-03
4377,Ekaraj Aurora,Female,28,Regular,Hyderabad,Telangana,South,2023-01-28
4378,Balveer Sama,Female,32,Regular,Ranchi,Jharkhand,East,2025-03-22
4379,Ishani Konda,Male,25,New,Pune,Maharashtra,West,2025-09-24
4380,Yashvi Kulkarni,Female,44,Regular,Coimbatore,Tamil Nadu,South,2021-07-25
4381,Jackson Chakrabarti,Male,54,New,Jaipur,Rajasthan,North,2022-10-01
4382,Thomas Deshpande,Female,62,New,Mumbai,Maharashtra,West,2023-06-16
4383,Baghyawati Natt,Male,47,Regular,Surat,Gujarat,West,2024-08-13
4384,Gaurika Seshadri,Female,49,Regular,Mumbai,Maharashtra,West,2026-04-29
4385,Gagan Garg,Male,18,Premium,Kochi,Kerala,South,2023-02-25
4386,Devika Ganesh,Female,52,Regular,Kolkata,West Bengal,East,2024-07-03
4387,Wridesh Saini,Male,29,Premium,Bengaluru,Karnataka,South,2023-07-07
4388,Abhiram Dhaliwal,Female,61,New,Hyderabad,Telangana,South,2024-11-21
4389,Rachit Brahmbhatt,Female,61,New,Bengaluru,Karnataka,South,2023-10-28
4390,Aryan Date,Female,52,New,Kolkata,West Bengal,East,2022-10-25
4391,Ishwar Chand,Female,43,New,Mumbai,Maharashtra,West,2021-07-17
4392,Upkaar Ahuja,Male,22,Regular,Bengaluru,Karnataka,South,2025-07-17
4393,Om Chaudhary,Female,47,Regular,Hyderabad,Telangana,South,2022-06-10
4394,Ekansh Pandit,Female,33,New,Amritsar,Punjab,North,2024-10-09
4395,Vrinda Agrawal,Female,52,Premium,Indore,Madhya Pradesh,West,2026-01-26
4396,Radha Cherian,Male,20,Regular,Chandigarh,Chandigarh,North,2024-12-20
4397,Siddharth Wason,Male,60,New,Kolkata,West Bengal,East,2025-05-26
4398,Dhriti Sheth,Female,50,New,Indore,Madhya Pradesh,West,2023-05-24
4399,Oliver Chandra,Female,56,New,Bhubaneswar,Odisha,East,2024-12-27
4400,Chandresh Nori,Male,59,New,Guwahati,Assam,East,2023-06-12
4401,Tarak Bhavsar,Female,46,New,Jaipur,Rajasthan,North,2026-02-14
4402,Mohammed Trivedi,Female,23,Regular,Mumbai,Maharashtra,West,2024-04-10
4403,Orinder Upadhyay,Male,52,New,Bhubaneswar,Odisha,East,2026-01-30
4404,Chatresh Char,Female,48,Regular,Surat,Gujarat,West,2022-12-01
4405,Om Sood,Male,19,Premium,Coimbatore,Tamil Nadu,South,2026-07-07
4406,Peter Kala,Female,22,Regular,Ahmedabad,Gujarat,West,2022-05-07
4407,Veer Deshmukh,Female,57,Premium,Lucknow,Uttar Pradesh,North,2024-08-11
4408,Daniel Krishnan,Male,57,New,Surat,Gujarat,West,2024-11-06
4409,Vidhi Mallick,Female,63,Regular,Indore,Madhya Pradesh,West,2021-12-24
4410,Imaran Bhatti,Female,51,Regular,Chennai,Tamil Nadu,South,2024-10-23
4411,Rohan Anne,Male,59,New,Kochi,Kerala,South,2023-08-24
4412,Joshua Banik,Male,43,New,Guwahati,Assam,East,2024-11-25
4413,Aradhana Dixit,Female,21,Regular,Chennai,Tamil Nadu,South,2024-09-15
4414,Kalpit Sarna,Female,42,Regular,Kolkata,West Bengal,East,2022-08-19
4415,Harshil Kohli,Female,61,Regular,Indore,Madhya Pradesh,West,2024-01-10
4416,Benjamin De,Male,19,Regular,Indore,Madhya Pradesh,West,2023-05-27
4417,Gautami Batta,Female,52,Regular,Chandigarh,Chandigarh,North,2024-01-20
4418,Ronith Agate,Female,35,New,Hyderabad,Telangana,South,2023-07-28
4419,Hemangini Kashyap,Female,47,New,Bhubaneswar,Odisha,East,2024-12-12
4420,Tanmayi Sharaf,Male,40,New,Pune,Maharashtra,West,2026-03-19
4421,Udarsh Deo,Male,58,New,Bhubaneswar,Odisha,East,2023-04-26
4422,Neel Chakraborty,Female,43,Premium,Coimbatore,Tamil Nadu,South,2025-05-17
4423,Upasna Misra,Male,39,Regular,Chennai,Tamil Nadu,South,2023-08-13
4424,Nathan Wali,Female,23,Regular,Pune,Maharashtra,West,2023-06-05
4425,Adya Kota,Female,64,New,Bhubaneswar,Odisha,East,2022-08-17
4426,Ekalinga Ram,Female,42,Regular,Pune,Maharashtra,West,2025-09-30
4427,Finn Jain,Male,43,New,Coimbatore,Tamil Nadu,South,2023-06-30
4428,Vidhi Atwal,Female,51,New,Chennai,Tamil Nadu,South,2026-03-26
4429,Nidra Pillay,Male,50,New,Kolkata,West Bengal,East,2024-01-16
4430,Maya Sharma,Female,41,Regular,Amritsar,Punjab,North,2026-05-20
4431,Leela Kaur,Female,51,Regular,Kolkata,West Bengal,East,2026-04-23
4432,Frado Vala,Female,19,Regular,Ranchi,Jharkhand,East,2025-01-14
4433,Janaki Bhasin,Female,34,Regular,Ranchi,Jharkhand,East,2025-07-23
4434,Aachal Mital,Male,37,Premium,Bengaluru,Karnataka,South,2023-01-19
4435,Raagini Raman,Male,25,New,Amritsar,Punjab,North,2024-10-25
4436,Ranbir Kar,Female,28,New,Indore,Madhya Pradesh,West,2026-06-08
4437,Abhiram Mittal,Female,55,New,Chandigarh,Chandigarh,North,2024-05-16
4438,Oliver Setty,Male,23,Regular,Hyderabad,Telangana,South,2024-10-09
4439,Lekha Desai,Female,37,Premium,Bhubaneswar,Odisha,East,2022-06-26
4440,Gaurang Merchant,Female,47,New,Jaipur,Rajasthan,North,2023-09-15
4441,Tarak Roy,Female,30,Premium,Jaipur,Rajasthan,North,2026-05-19
4442,Ekani Lata,Male,41,Regular,Chandigarh,Chandigarh,North,2024-11-11
4443,Yutika Varghese,Female,64,New,Kochi,Kerala,South,2024-11-26
4444,Waida Chaudhari,Female,46,Regular,Chandigarh,Chandigarh,North,2024-09-19
4445,Manbir Khatri,Male,57,Regular,Kolkata,West Bengal,East,2025-03-27
4446,Lajita Lall,Male,36,Premium,Bhubaneswar,Odisha,East,2025-02-27
4447,Wriddhish Desai,Female,29,New,Delhi,Delhi,North,2022-08-22
4448,Triveni Grover,Male,62,Regular,Surat,Gujarat,West,2025-02-19
4449,Janya Wali,Male,56,New,Indore,Madhya Pradesh,West,2025-12-25
4450,Abha Jain,Male,35,Regular,Kochi,Kerala,South,2022-09-18
4451,Wridesh Brahmbhatt,Male,50,Regular,Bhubaneswar,Odisha,East,2026-04-14
4452,Xalak Ravi,Male,26,Regular,Ranchi,Jharkhand,East,2021-12-05
4453,Kala Sibal,Female,44,Regular,Guwahati,Assam,East,2021-09-04
4454,Amruta Tata,Female,46,Regular,Jaipur,Rajasthan,North,2025-06-06
4455,Neelima Loyal,Female,28,Premium,Ahmedabad,Gujarat,West,2023-03-11
4456,Ryan Patel,Female,50,New,Kochi,Kerala,South,2025-02-22
4457,Kamala Sodhi,Female,64,Regular,Patna,Bihar,East,2026-05-16
4458,Maya Raju,Female,63,New,Ahmedabad,Gujarat,West,2026-06-29
4459,Devansh Sankar,Male,37,Regular,Bhubaneswar,Odisha,East,2026-03-12
4460,Jonathan Brar,Female,39,Regular,Delhi,Delhi,North,2022-07-31
4461,Kala Bains,Male,20,Regular,Chandigarh,Chandigarh,North,2022-06-03
4462,Gaurangi Mohan,Female,41,Regular,Chandigarh,Chandigarh,North,2024-03-19
4463,Qasim Rastogi,Male,22,Premium,Coimbatore,Tamil Nadu,South,2024-01-29
4464,Kamya Raj,Male,38,New,Chennai,Tamil Nadu,South,2024-07-07
4465,Qabil Chowdhury,Male,18,Regular,Kolkata,West Bengal,East,2023-07-10
4466,Agastya Setty,Female,20,Regular,Patna,Bihar,East,2025-10-21
4467,Laban Khatri,Male,61,New,Kochi,Kerala,South,2025-11-20
4468,Amaira Golla,Female,36,New,Jaipur,Rajasthan,North,2023-05-18
4469,Charles Lanka,Female,27,Premium,Surat,Gujarat,West,2023-06-18
4470,Yug Dugar,Female,46,Premium,Pune,Maharashtra,West,2024-10-15
4471,Charvi Nadig,Female,27,Premium,Ahmedabad,Gujarat,West,2026-03-30
4472,Daksh Sethi,Female,50,Premium,Chandigarh,Chandigarh,North,2025-12-19
4473,Tanvi Kara,Female,31,New,Hyderabad,Telangana,South,2024-05-15
4474,Ayushman Walla,Male,29,Regular,Amritsar,Punjab,North,2022-01-21
4475,Warhi Wali,Male,22,Regular,Chandigarh,Chandigarh,North,2024-10-06
4476,Lucky Dara,Male,59,Regular,Chennai,Tamil Nadu,South,2025-08-24
4477,George Mand,Male,21,Regular,Jaipur,Rajasthan,North,2021-12-07
4478,Janani Mammen,Male,51,Regular,Mumbai,Maharashtra,West,2023-02-16
4479,Rachita Tiwari,Female,49,Regular,Kochi,Kerala,South,2025-03-26
4480,Amara Tara,Female,40,Regular,Chennai,Tamil Nadu,South,2025-07-11
4481,Rishi Gade,Male,48,New,Amritsar,Punjab,North,2021-10-11
4482,Nirja Om,Male,60,Regular,Indore,Madhya Pradesh,West,2025-11-19
4483,Tristan Saxena,Male,40,Regular,Pune,Maharashtra,West,2025-11-30
4484,Qushi Ratta,Female,34,Regular,Surat,Gujarat,West,2023-11-07
4485,Raghav Hayer,Female,48,New,Guwahati,Assam,East,2024-12-11
4486,Arya Bhatia,Male,54,Regular,Kochi,Kerala,South,2023-11-17
4487,Ishanvi Dua,Male,57,New,Jaipur,Rajasthan,North,2024-10-06
4488,Aryan Pillai,Female,42,Regular,Amritsar,Punjab,North,2025-08-09
4489,Balhaar Bakshi,Female,21,Regular,Bengaluru,Karnataka,South,2023-03-01
4490,Pranav Dave,Male,59,Regular,Kochi,Kerala,South,2026-02-21
4491,Ekaja Sheth,Male,47,New,Pune,Maharashtra,West,2021-11-12
4492,Jagdish Sandal,Female,63,Regular,Chennai,Tamil Nadu,South,2024-11-06
4493,Utkarsh Dasgupta,Male,19,Regular,Coimbatore,Tamil Nadu,South,2021-09-01
4494,Mitali Wadhwa,Male,27,Regular,Bhubaneswar,Odisha,East,2025-05-20
4495,Warda Gala,Male,24,Regular,Kochi,Kerala,South,2025-07-26
4496,Jairaj Hora,Male,58,Regular,Ahmedabad,Gujarat,West,2026-01-29
4497,Indali Dube,Male,33,Regular,Bhubaneswar,Odisha,East,2023-06-05
4498,Patrick Bala,Female,62,New,Hyderabad,Telangana,South,2024-02-16
4499,Vedhika Koshy,Male,38,New,Coimbatore,Tamil Nadu,South,2024-07-16
4500,Indira Kala,Female,25,Regular,Patna,Bihar,East,2023-04-04
4501,Omkaar Dora,Female,32,Regular,Surat,Gujarat,West,2026-01-31
4502,Utkarsh Gupta,Female,33,Regular,Kochi,Kerala,South,2024-09-26
4503,Aarav Mani,Female,34,New,Amritsar,Punjab,North,2026-01-02
4504,Tristan Pandya,Female,57,New,Guwahati,Assam,East,2023-05-10
4505,Pallavi Sane,Female,56,Regular,Chandigarh,Chandigarh,North,2022-08-30
4506,Bakhshi Singh,Male,54,New,Mumbai,Maharashtra,West,2021-12-21
4507,Tripti Bath,Male,28,Regular,Kochi,Kerala,South,2023-07-10
4508,Widisha Dara,Male,60,New,Jaipur,Rajasthan,North,2024-02-04
4509,Ryan Raj,Female,64,Regular,Indore,Madhya Pradesh,West,2025-05-11
4510,Vyanjana Dash,Female,63,Premium,Chandigarh,Chandigarh,North,2021-09-23
4511,Irya Kapadia,Male,26,New,Bhubaneswar,Odisha,East,2022-04-25
4512,Gaurav Tailor,Male,26,Regular,Bengaluru,Karnataka,South,2026-01-01
4513,Adweta Walla,Male,53,New,Ranchi,Jharkhand,East,2024-11-13
4514,Vanya Iyer,Male,20,Regular,Chennai,Tamil Nadu,South,2025-11-01
4515,Karan Dhillon,Female,56,Regular,Guwahati,Assam,East,2023-02-27
4516,Michael Dhar,Female,40,Regular,Indore,Madhya Pradesh,West,2022-08-02
4517,Hitesh Master,Female,29,Regular,Hyderabad,Telangana,South,2026-04-19
4518,Hiral Dube,Female,21,Premium,Coimbatore,Tamil Nadu,South,2022-10-21
4519,Pranav Pandya,Male,35,New,Chandigarh,Chandigarh,North,2025-02-14
4520,Qadim Nazareth,Female,59,New,Bhubaneswar,Odisha,East,2023-07-24
4521,Lopa Kibe,Female,25,Premium,Amritsar,Punjab,North,2022-08-04
4522,Yash Bhavsar,Female,28,Regular,Mumbai,Maharashtra,West,2025-09-14
4523,Christopher Magar,Male,19,Premium,Coimbatore,Tamil Nadu,South,2025-10-24
4524,Anya Cheema,Male,64,Regular,Coimbatore,Tamil Nadu,South,2023-07-09
4525,Vedika Murty,Male,37,Regular,Kolkata,West Bengal,East,2025-09-04
4526,Jairaj Naik,Female,59,Regular,Kochi,Kerala,South,2022-09-06
4527,Thomas Rajan,Male,18,Regular,Bengaluru,Karnataka,South,2022-04-12
4528,Yashoda Mangat,Male,31,Premium,Surat,Gujarat,West,2022-05-29
4529,Urvashi Pau,Male,27,Regular,Mumbai,Maharashtra,West,2024-11-09
4530,Aradhana Soni,Male,64,New,Mumbai,Maharashtra,West,2023-06-20
4531,Zayan Bora,Male,28,New,Bengaluru,Karnataka,South,2021-10-05
4532,Jyoti Chadha,Female,47,New,Lucknow,Uttar Pradesh,North,2025-07-14
4533,Ekbal Brahmbhatt,Male,56,New,Bengaluru,Karnataka,South,2023-09-05
4534,Forum Sangha,Male,42,New,Delhi,Delhi,North,2024-05-14
4535,Keya Kakar,Male,29,Regular,Mumbai,Maharashtra,West,2022-11-23
4536,Watika Parmar,Male,46,Regular,Delhi,Delhi,North,2024-06-28
4537,Vansha Acharya,Female,33,Regular,Hyderabad,Telangana,South,2025-07-24
4538,Zehaan Ganguly,Male,20,Regular,Coimbatore,Tamil Nadu,South,2025-08-05
4539,Alexander Bobal,Male,45,New,Guwahati,Assam,East,2023-09-17
4540,Gopal Deshpande,Male,52,New,Ahmedabad,Gujarat,West,2024-08-25
4541,Mason Mohanty,Female,59,New,Chandigarh,Chandigarh,North,2025-03-07
4542,Yagnesh Sani,Male,27,Regular,Guwahati,Assam,East,2021-11-25
4543,Turvi Wali,Male,23,New,Bhubaneswar,Odisha,East,2026-01-25
4544,Nidra Bansal,Female,58,New,Kolkata,West Bengal,East,2024-05-15
4545,Tanveer Borah,Male,54,Regular,Hyderabad,Telangana,South,2024-05-14
4546,Veda Kashyap,Male,56,Regular,Bhubaneswar,Odisha,East,2022-05-12
4547,Kevin Sarma,Male,19,New,Ranchi,Jharkhand,East,2021-12-07
4548,Triveni Nori,Female,64,Regular,Hyderabad,Telangana,South,2024-10-18
4549,Osha Pandey,Male,31,Regular,Mumbai,Maharashtra,West,2025-01-05
4550,Dayamai Jain,Female,19,Regular,Bhubaneswar,Odisha,East,2022-09-21
4551,Lavanya Narasimhan,Female,25,Premium,Chandigarh,Chandigarh,North,2022-02-10
4552,Yauvani Natt,Male,45,New,Hyderabad,Telangana,South,2023-01-30
4553,Maanav Bath,Female,52,New,Guwahati,Assam,East,2022-06-11
4554,Indira Bajwa,Female,26,Premium,Ranchi,Jharkhand,East,2022-04-30
4555,Kritika Magar,Female,22,Regular,Bengaluru,Karnataka,South,2025-05-30
4556,Bhanumati Srinivasan,Male,48,Regular,Bengaluru,Karnataka,South,2026-07-03
4557,Aarav Dey,Male,41,Regular,Lucknow,Uttar Pradesh,North,2021-07-27
4558,Meghana Mohan,Male,53,Regular,Kochi,Kerala,South,2023-08-22
4559,Watika Rattan,Male,28,Premium,Ahmedabad,Gujarat,West,2023-01-30
4560,Shivani More,Male,45,Premium,Lucknow,Uttar Pradesh,North,2023-01-09
4561,Oni Jaggi,Male,44,Regular,Indore,Madhya Pradesh,West,2025-12-17
4562,Pooja Bandi,Male,36,New,Chennai,Tamil Nadu,South,2023-06-19
4563,Bachittar Bajaj,Female,34,Premium,Jaipur,Rajasthan,North,2022-10-27
4564,Divya Kannan,Male,62,New,Bengaluru,Karnataka,South,2023-07-28
4565,Libni Magar,Male,21,New,Kolkata,West Bengal,East,2023-11-21
4566,Ucchal Sastry,Female,43,Premium,Delhi,Delhi,North,2024-05-12
4567,Laksh Rai,Female,41,New,Indore,Madhya Pradesh,West,2021-12-06
4568,Chandran Prabhakar,Male,41,New,Ahmedabad,Gujarat,West,2022-08-25
4569,Praneel Pillai,Female,41,New,Indore,Madhya Pradesh,West,2024-07-03
4570,Naveen Shere,Male,33,Premium,Ranchi,Jharkhand,East,2023-04-15
4571,Pooja Mistry,Male,26,Regular,Ranchi,Jharkhand,East,2023-08-09
4572,Dipta Mann,Female,18,Regular,Ranchi,Jharkhand,East,2022-09-16
4573,Maya Palla,Male,25,New,Delhi,Delhi,North,2026-02-12
4574,Radhika Kota,Male,19,Regular,Delhi,Delhi,North,2026-02-24
4575,Adweta Master,Male,24,Regular,Indore,Madhya Pradesh,West,2023-01-11
4576,Aarini Bora,Female,23,New,Surat,Gujarat,West,2025-04-06
4577,Jairaj Randhawa,Female,51,Regular,Pune,Maharashtra,West,2025-06-30
4578,Xavier Kuruvilla,Male,51,New,Amritsar,Punjab,North,2024-05-20
4579,Bhavani Kara,Female,24,Premium,Jaipur,Rajasthan,North,2022-11-30
4580,Nimrat Lalla,Male,64,Regular,Coimbatore,Tamil Nadu,South,2024-05-30
4581,Madhav Kapur,Male,47,Premium,Jaipur,Rajasthan,North,2021-08-15
4582,Xiti Salvi,Male,44,New,Chandigarh,Chandigarh,North,2021-10-10
4583,Tejas Walia,Male,21,Regular,Mumbai,Maharashtra,West,2022-03-06
4584,Harish Krish,Female,23,Regular,Pune,Maharashtra,West,2024-09-30
4585,Sanaya Dayal,Female,51,Regular,Jaipur,Rajasthan,North,2022-04-29
4586,Ishwar Srinivas,Female,30,Premium,Ranchi,Jharkhand,East,2021-11-03
4587,Eta Mitra,Male,63,Regular,Pune,Maharashtra,West,2025-05-06
4588,Reyansh Mangat,Male,54,New,Bengaluru,Karnataka,South,2026-01-12
4589,Kamala Nayar,Female,52,Regular,Pune,Maharashtra,West,2024-09-08
4590,Jeremiah Barad,Female,63,Regular,Ranchi,Jharkhand,East,2023-11-25
4591,Chasmum Mall,Female,49,Regular,Indore,Madhya Pradesh,West,2022-10-04
4592,Lakshmi Bhatt,Male,53,New,Chandigarh,Chandigarh,North,2024-05-15
4593,Chatura Bala,Male,60,Regular,Jaipur,Rajasthan,North,2022-04-12
4594,Hredhaan Deshpande,Female,28,New,Coimbatore,Tamil Nadu,South,2022-03-30
4595,Triya Nath,Female,43,Regular,Ahmedabad,Gujarat,West,2025-06-06
4596,Manya Gupta,Male,40,Regular,Pune,Maharashtra,West,2025-10-30
4597,Urishilla Agate,Male,26,Regular,Amritsar,Punjab,North,2023-03-11
4598,Farhan Kamdar,Male,21,New,Mumbai,Maharashtra,West,2024-04-24
4599,Jalsa Misra,Female,45,Regular,Ranchi,Jharkhand,East,2026-04-05
4600,Mekhala Rama,Female,58,New,Jaipur,Rajasthan,North,2022-06-25
4601,Udant Prabhakar,Male,21,New,Delhi,Delhi,North,2022-08-23
4602,Chaman Goswami,Female,60,Regular,Indore,Madhya Pradesh,West,2021-10-10
4603,Nakul Deshmukh,Female,20,Premium,Mumbai,Maharashtra,West,2022-06-28
4604,Robert Mukherjee,Male,52,Regular,Jaipur,Rajasthan,North,2021-09-14
4605,Alka Ray,Female,54,Regular,Amritsar,Punjab,North,2023-10-28
4606,Anirudh Mitra,Male,60,Premium,Jaipur,Rajasthan,North,2022-07-29
4607,Ojasvi Thaman,Male,20,Regular,Jaipur,Rajasthan,North,2022-09-11
4608,Ayaan Bali,Male,55,New,Guwahati,Assam,East,2025-03-30
4609,Lohit Mand,Female,43,Premium,Guwahati,Assam,East,2024-04-18
4610,Michael Chakraborty,Male,30,Regular,Pune,Maharashtra,West,2023-06-11
4611,Raksha Mangal,Female,61,New,Indore,Madhya Pradesh,West,2024-10-08
4612,Raghav Barad,Female,56,New,Lucknow,Uttar Pradesh,North,2021-11-09
4613,Dalbir Dubey,Female,42,Regular,Kolkata,West Bengal,East,2023-01-17
4614,Champak Gade,Male,49,New,Chandigarh,Chandigarh,North,2022-09-05
4615,Pahal Raman,Female,48,New,Kolkata,West Bengal,East,2022-05-06
4616,Gayathri Dutta,Male,29,New,Bhubaneswar,Odisha,East,2023-03-25
4617,Zinal Dua,Male,31,Regular,Ranchi,Jharkhand,East,2022-07-13
4618,Aditya Deshpande,Male,57,Premium,Guwahati,Assam,East,2024-08-27
4619,Nandini Chokshi,Male,63,New,Mumbai,Maharashtra,West,2021-08-13
4620,Victor Bains,Female,60,Premium,Bhubaneswar,Odisha,East,2022-08-12
4621,Nilima Sidhu,Male,47,Premium,Bengaluru,Karnataka,South,2022-08-19
4622,Priya Shan,Female,52,Regular,Amritsar,Punjab,North,2023-09-28
4623,Raksha Sane,Male,44,New,Bengaluru,Karnataka,South,2023-05-13
4624,Idika Murty,Male,58,Regular,Chandigarh,Chandigarh,North,2022-03-31
4625,Oscar Mall,Male,33,Premium,Kolkata,West Bengal,East,2022-10-13
4626,Daksh Brar,Female,27,Regular,Guwahati,Assam,East,2024-09-29
4627,Vihaan Kuruvilla,Female,19,New,Delhi,Delhi,North,2026-03-31
4628,Wahab Balakrishnan,Male,22,Regular,Guwahati,Assam,East,2025-08-13
4629,Chakradhar Datta,Female,52,Regular,Ahmedabad,Gujarat,West,2022-08-15
4630,Ekansh Babu,Male,46,Regular,Chennai,Tamil Nadu,South,2024-03-27
4631,Nihal Deo,Male,54,New,Guwahati,Assam,East,2021-12-28
4632,Dalbir Sarna,Female,46,New,Indore,Madhya Pradesh,West,2022-12-31
4633,Aashi Shere,Male,21,Regular,Amritsar,Punjab,North,2025-08-10
4634,Vamakshi Tandon,Male,44,Premium,Jaipur,Rajasthan,North,2025-03-09
4635,Odika Cherian,Female,60,New,Ahmedabad,Gujarat,West,2023-02-21
4636,Aishani Bedi,Male,42,Premium,Chandigarh,Chandigarh,North,2024-08-24
4637,Ridhi Dube,Female,23,New,Jaipur,Rajasthan,North,2023-06-20
4638,Manbir Nori,Female,61,Regular,Chandigarh,Chandigarh,North,2025-06-24
4639,Pranit Dugal,Female,53,Regular,Bhubaneswar,Odisha,East,2024-01-25
4640,Hemal Rajan,Female,55,Regular,Kochi,Kerala,South,2023-02-13
4641,Aachal Tripathi,Female,20,Premium,Mumbai,Maharashtra,West,2023-07-05
4642,Yug Sunder,Male,34,New,Bhubaneswar,Odisha,East,2025-02-28
4643,Siya Bose,Female,25,Premium,Amritsar,Punjab,North,2022-10-13
4644,Kalpit Chad,Male,49,New,Ranchi,Jharkhand,East,2025-07-05
4645,Jagdish Wali,Female,36,Regular,Chennai,Tamil Nadu,South,2021-12-19
4646,Warinder Pal,Female,40,Regular,Hyderabad,Telangana,South,2023-10-29
4647,Chandresh Borah,Female,29,Regular,Lucknow,Uttar Pradesh,North,2026-06-14
4648,Vedhika Manne,Female,62,New,Kolkata,West Bengal,East,2023-10-23
4649,Matthew Pandey,Female,42,Premium,Guwahati,Assam,East,2025-01-02
4650,Isha Gokhale,Female,19,New,Hyderabad,Telangana,South,2022-01-20
4651,Wakeeta Chaudry,Female,27,New,Ranchi,Jharkhand,East,2024-07-11
4652,Waida Rama,Male,27,Regular,Lucknow,Uttar Pradesh,North,2022-05-26
4653,Thomas Sha,Female,27,Regular,Kolkata,West Bengal,East,2025-04-12
4654,Jalsa Mann,Male,58,Regular,Hyderabad,Telangana,South,2022-06-12
4655,Keya Goda,Male,18,Regular,Ahmedabad,Gujarat,West,2022-04-14
4656,Abha Raja,Female,52,New,Hyderabad,Telangana,South,2023-06-03
4657,Robert Agarwal,Male,45,Regular,Coimbatore,Tamil Nadu,South,2025-10-14
4658,Samaksh Mann,Female,48,Regular,Hyderabad,Telangana,South,2024-12-30
4659,Andrew Mody,Female,56,New,Coimbatore,Tamil Nadu,South,2023-01-03
4660,Yashoda Narayanan,Male,57,Regular,Lucknow,Uttar Pradesh,North,2024-01-18
4661,Ansh Ganesan,Female,22,Regular,Delhi,Delhi,North,2021-08-05
4662,Krishna Tripathi,Male,40,Regular,Bengaluru,Karnataka,South,2021-08-02
4663,Dhriti Gupta,Female,24,Regular,Chennai,Tamil Nadu,South,2024-12-16
4664,Watika Kurian,Female,64,Regular,Chennai,Tamil Nadu,South,2025-06-23
4665,Mekhala Sane,Female,29,Regular,Mumbai,Maharashtra,West,2024-08-27
4666,Nathaniel Nadig,Female,38,Regular,Bengaluru,Karnataka,South,2024-09-16
4667,Qasim Sethi,Female,62,New,Lucknow,Uttar Pradesh,North,2023-08-10
4668,Eiravati Garde,Female,35,Regular,Chandigarh,Chandigarh,North,2026-02-22
4669,Mitesh Badal,Male,34,Regular,Ranchi,Jharkhand,East,2022-05-03
4670,Ikshita Chacko,Male,45,Regular,Amritsar,Punjab,North,2023-08-18
4671,Ayaan Pillay,Male,62,Regular,Kolkata,West Bengal,East,2022-03-30
4672,Matthew Mangal,Male,54,Premium,Patna,Bihar,East,2024-05-26
4673,Nirja Kamdar,Male,48,Regular,Surat,Gujarat,West,2022-02-13
4674,Diya Ratti,Male,62,New,Mumbai,Maharashtra,West,2021-09-29
4675,Ubika Dube,Male,52,Regular,Guwahati,Assam,East,2022-09-12
4676,Chaman Gole,Female,53,Premium,Lucknow,Uttar Pradesh,North,2024-10-06
4677,Faqid Nayak,Female,23,New,Bengaluru,Karnataka,South,2021-10-01
4678,Harinakshi Chatterjee,Female,51,Premium,Ahmedabad,Gujarat,West,2024-11-07
4679,Udant Yohannan,Female,57,Regular,Chandigarh,Chandigarh,North,2022-07-05
4680,Caleb Mahajan,Female,34,Regular,Kochi,Kerala,South,2025-05-04
4681,Naksh Bhatt,Male,62,New,Indore,Madhya Pradesh,West,2024-05-28
4682,Peter Doshi,Female,37,New,Indore,Madhya Pradesh,West,2025-08-19
4683,Faraj Pradhan,Female,62,Premium,Indore,Madhya Pradesh,West,2022-01-03
4684,Kashish Yohannan,Female,55,New,Jaipur,Rajasthan,North,2025-04-13
4685,Omisha Wason,Male,25,Regular,Patna,Bihar,East,2022-04-21
4686,Chanchal Anand,Male,64,Regular,Amritsar,Punjab,North,2024-01-13
4687,Eta Lala,Female,41,New,Bengaluru,Karnataka,South,2022-01-20
4688,Lopa More,Male,40,New,Kochi,Kerala,South,2024-04-26
4689,Aadi Basak,Female,23,Regular,Delhi,Delhi,North,2026-06-25
4690,Yadavi Tank,Male,56,Premium,Mumbai,Maharashtra,West,2025-07-05
4691,Yash Murthy,Female,38,Regular,Pune,Maharashtra,West,2023-09-30
4692,Neelima Manda,Male,24,Regular,Kochi,Kerala,South,2024-02-21
4693,Deepa Dani,Female,56,New,Patna,Bihar,East,2026-04-07
4694,Teerth Minhas,Female,18,Regular,Lucknow,Uttar Pradesh,North,2024-07-07
4695,Lohit Sarin,Female,26,Regular,Delhi,Delhi,North,2024-10-30
4696,Falan Hans,Female,29,Premium,Guwahati,Assam,East,2025-07-31
4697,Devansh Bath,Female,42,Regular,Jaipur,Rajasthan,North,2022-06-14
4698,Teerth Chowdhury,Female,45,Regular,Guwahati,Assam,East,2022-12-16
4699,Yasti Choudhury,Male,38,New,Surat,Gujarat,West,2022-12-11
4700,Mitesh Ray,Male,18,Premium,Ahmedabad,Gujarat,West,2021-12-26
4701,Gopal Dyal,Female,41,New,Patna,Bihar,East,2024-06-23
4702,Indrajit Bahri,Female,52,New,Surat,Gujarat,West,2024-02-08
4703,Pahal Rout,Female,37,Regular,Amritsar,Punjab,North,2021-10-27
4704,Aarnav Bhatia,Male,50,Regular,Bhubaneswar,Odisha,East,2021-08-22
4705,Neel Zacharia,Male,33,Regular,Lucknow,Uttar Pradesh,North,2021-07-24
4706,Ranbir Char,Female,42,Regular,Patna,Bihar,East,2023-03-22
4707,Eta Gola,Female,39,Regular,Chennai,Tamil Nadu,South,2021-07-22
4708,Aarav Pant,Male,43,New,Kolkata,West Bengal,East,2022-11-20
4709,Omisha Garg,Female,32,Regular,Guwahati,Assam,East,2024-04-20
4710,Darpan Seshadri,Female,28,Regular,Delhi,Delhi,North,2024-11-01
4711,Nihal Shankar,Male,27,Regular,Bengaluru,Karnataka,South,2023-07-12
4712,Utkarsh Goel,Female,45,Regular,Bhubaneswar,Odisha,East,2025-04-26
4713,Yachana Rajan,Female,43,New,Surat,Gujarat,West,2025-10-03
4714,Tanish Sule,Male,42,Regular,Hyderabad,Telangana,South,2024-11-25
4715,Yashasvi Nayar,Male,29,Regular,Delhi,Delhi,North,2023-07-29
4716,Peter Rao,Male,41,New,Kolkata,West Bengal,East,2024-09-17
4717,Radha Mody,Female,21,Regular,Guwahati,Assam,East,2023-10-24
4718,Aadi Borde,Male,24,Premium,Amritsar,Punjab,North,2026-05-13
4719,Sai Kara,Female,48,Regular,Indore,Madhya Pradesh,West,2022-06-26
4720,Hardik Zachariah,Male,30,Premium,Indore,Madhya Pradesh,West,2025-02-13
4721,Ikshita Grover,Female,46,New,Chandigarh,Chandigarh,North,2025-10-13
4722,Vansha Nanda,Female,26,New,Jaipur,Rajasthan,North,2023-11-04
4723,Nidra Subramaniam,Male,58,New,Ahmedabad,Gujarat,West,2025-01-28
4724,Caleb Sami,Male,64,Regular,Mumbai,Maharashtra,West,2024-01-01
4725,Oliver Ahuja,Male,31,New,Chandigarh,Chandigarh,North,2025-04-25
4726,Amaira Kota,Female,39,New,Bhubaneswar,Odisha,East,2024-09-16
4727,Unni Saxena,Female,62,Premium,Kochi,Kerala,South,2025-05-22
4728,Triveni Thakur,Male,47,Regular,Indore,Madhya Pradesh,West,2026-04-27
4729,Oni Walla,Female,34,Regular,Bhubaneswar,Odisha,East,2025-01-04
4730,Inaya Tank,Male,25,New,Hyderabad,Telangana,South,2024-10-02
4731,Matthew Raman,Female,34,New,Coimbatore,Tamil Nadu,South,2022-06-05
4732,Leena Garde,Male,20,New,Patna,Bihar,East,2023-06-03
4733,Girindra Devi,Female,59,Regular,Ahmedabad,Gujarat,West,2024-08-05
4734,Darika Tripathi,Female,39,Premium,Patna,Bihar,East,2023-02-26
4735,Hemal Nanda,Male,25,Regular,Chennai,Tamil Nadu,South,2024-07-02
4736,Radhika Andra,Male,63,New,Chennai,Tamil Nadu,South,2022-08-27
4737,Laban Bajaj,Female,61,Regular,Ahmedabad,Gujarat,West,2025-05-10
4738,Luke Sabharwal,Female,43,New,Lucknow,Uttar Pradesh,North,2023-10-06
4739,Dev Sarma,Female,59,Regular,Chennai,Tamil Nadu,South,2023-08-26
4740,Vedhika Bains,Male,19,Regular,Kochi,Kerala,South,2024-05-28
4741,Damyanti Tank,Female,61,Regular,Coimbatore,Tamil Nadu,South,2024-05-07
4742,Bhavani Ravi,Female,40,New,Bengaluru,Karnataka,South,2022-10-23
4743,Yamini Mittal,Male,22,New,Amritsar,Punjab,North,2022-11-30
4744,Xavier Mani,Male,34,Premium,Pune,Maharashtra,West,2022-02-05
4745,Samuel Rastogi,Male,42,New,Bhubaneswar,Odisha,East,2025-09-24
4746,Lajita Master,Male,35,New,Hyderabad,Telangana,South,2025-03-15
4747,Alka Mann,Male,37,New,Hyderabad,Telangana,South,2025-06-02
4748,Yutika Ramesh,Male,50,New,Delhi,Delhi,North,2023-02-12
4749,Onveer Dani,Female,48,Regular,Lucknow,Uttar Pradesh,North,2025-12-01
4750,Nihal Rastogi,Male,45,Regular,Guwahati,Assam,East,2025-09-18
4751,Balveer Ranganathan,Female,34,New,Bhubaneswar,Odisha,East,2022-03-26
4752,Andrew Gola,Female,34,Regular,Patna,Bihar,East,2023-07-16
4753,Jagrati Venkatesh,Male,52,Regular,Mumbai,Maharashtra,West,2022-11-21
4754,Aadi Zacharia,Female,56,Regular,Kolkata,West Bengal,East,2022-01-21
4755,Benjamin Narayan,Male,18,Premium,Kochi,Kerala,South,2024-05-27
4756,Urvi Lala,Male,27,Premium,Bhubaneswar,Odisha,East,2023-12-13
4757,Idika Sagar,Female,52,New,Indore,Madhya Pradesh,West,2025-09-14
4758,Akshay Dixit,Female,55,Regular,Indore,Madhya Pradesh,West,2026-06-17
4759,Kamala Arya,Male,37,Regular,Coimbatore,Tamil Nadu,South,2026-03-01
4760,Chakradhar Pai,Male,48,Premium,Ranchi,Jharkhand,East,2021-10-09
4761,Harsh Parekh,Female,61,Regular,Jaipur,Rajasthan,North,2025-02-19
4762,Ishita Ram,Female,32,Premium,Hyderabad,Telangana,South,2024-10-05
4763,Rehaan Sarma,Female,63,Regular,Delhi,Delhi,North,2022-12-31
4764,Rachana Sen,Female,26,New,Bhubaneswar,Odisha,East,2026-06-07
4765,Anirudh Dani,Male,55,Regular,Coimbatore,Tamil Nadu,South,2024-05-20
4766,Oeshi Banerjee,Male,33,Premium,Pune,Maharashtra,West,2024-03-10
4767,Prisha Pradhan,Male,59,Premium,Chandigarh,Chandigarh,North,2021-09-10
4768,Champak Kashyap,Female,28,New,Mumbai,Maharashtra,West,2025-12-24
4769,Chavvi Krishnan,Male,63,Regular,Chennai,Tamil Nadu,South,2022-11-22
4770,Maya Sule,Male,25,New,Chennai,Tamil Nadu,South,2022-03-12
4771,Pahal Rattan,Male,29,New,Delhi,Delhi,North,2022-11-28
4772,Nitesh Mitra,Male,19,Regular,Chennai,Tamil Nadu,South,2025-08-18
4773,Lucky Date,Female,47,New,Amritsar,Punjab,North,2026-03-28
4774,Rajata Sridhar,Male,20,Regular,Surat,Gujarat,West,2022-02-13
4775,Pranav Gour,Female,63,New,Amritsar,Punjab,North,2022-03-22
4776,Jeet Anand,Male,53,Regular,Mumbai,Maharashtra,West,2026-03-26
4777,Chaitaly Sarraf,Male,41,New,Jaipur,Rajasthan,North,2023-03-13
4778,Wishi Mohanty,Female,21,New,Mumbai,Maharashtra,West,2025-07-03
4779,Chavvi Mani,Female,38,New,Coimbatore,Tamil Nadu,South,2023-12-09
4780,Kashish Kapoor,Male,48,New,Bengaluru,Karnataka,South,2024-12-17
4781,Onkar Char,Male,30,New,Ranchi,Jharkhand,East,2024-07-16
4782,Umang Munshi,Female,55,New,Patna,Bihar,East,2025-10-11
4783,Laksh Mani,Male,18,Regular,Kolkata,West Bengal,East,2021-07-26
4784,Tejas Chaudry,Female,43,New,Bengaluru,Karnataka,South,2023-03-15
4785,Aarush Krish,Female,35,Regular,Bengaluru,Karnataka,South,2022-05-14
4786,Gavin Bir,Female,46,Regular,Guwahati,Assam,East,2023-07-05
4787,Warjas Dhar,Male,62,Premium,Jaipur,Rajasthan,North,2026-03-08
4788,Warda Dugar,Female,60,Premium,Lucknow,Uttar Pradesh,North,2024-09-14
4789,Yatin Pal,Female,23,Regular,Surat,Gujarat,West,2023-08-31
4790,Ekta Garg,Female,41,New,Delhi,Delhi,North,2024-04-25
4791,Onkar Pal,Male,63,New,Kolkata,West Bengal,East,2022-06-10
4792,Harrison Ravi,Male,46,Premium,Hyderabad,Telangana,South,2022-03-27
4793,Vrinda Pillay,Female,57,New,Kolkata,West Bengal,East,2022-02-11
4794,Ekalinga Bhakta,Female,20,New,Guwahati,Assam,East,2024-08-11
4795,Champak Patil,Male,45,New,Jaipur,Rajasthan,North,2023-03-20
4796,Aarna Sem,Male,36,New,Indore,Madhya Pradesh,West,2023-01-29
4797,Urishilla Karpe,Female,28,New,Kochi,Kerala,South,2023-10-22
4798,Ishanvi Dhaliwal,Female,18,Regular,Indore,Madhya Pradesh,West,2025-05-12
4799,Isaac Shenoy,Female,53,New,Coimbatore,Tamil Nadu,South,2023-01-09
4800,Tripti Iyengar,Female,57,Regular,Lucknow,Uttar Pradesh,North,2022-02-17
4801,Balhaar Nath,Male,41,New,Jaipur,Rajasthan,North,2022-11-01
4802,Tristan Hayer,Female,47,New,Pune,Maharashtra,West,2022-09-10
4803,Oviya Chacko,Female,42,Premium,Amritsar,Punjab,North,2022-02-28
4804,Sai Khatri,Male,26,New,Amritsar,Punjab,North,2025-11-27
4805,Prisha Barad,Male,45,Regular,Delhi,Delhi,North,2025-08-31
4806,Ekansh Pandit,Male,42,Regular,Ranchi,Jharkhand,East,2024-02-07
4807,Vaishnavi Hegde,Male,53,New,Jaipur,Rajasthan,North,2025-07-05
4808,Qarin Mutti,Female,26,Premium,Amritsar,Punjab,North,2021-08-01
4809,Pratyush Das,Female,39,New,Lucknow,Uttar Pradesh,North,2024-12-16
4810,Nilima Narain,Female,49,Premium,Kolkata,West Bengal,East,2023-10-06
4811,Falak Kara,Male,60,New,Ahmedabad,Gujarat,West,2025-09-11
4812,Harrison Vala,Female,42,Premium,Kochi,Kerala,South,2023-12-13
4813,Ishani Sandal,Male,52,New,Bengaluru,Karnataka,South,2024-05-11
4814,Brinda Mallick,Male,56,Regular,Hyderabad,Telangana,South,2024-12-18
4815,Gagan Srinivas,Female,35,Regular,Pune,Maharashtra,West,2025-11-19
4816,Nicholas Rao,Male,56,Premium,Chennai,Tamil Nadu,South,2023-10-01
4817,Dayita Kapur,Male,46,Premium,Ahmedabad,Gujarat,West,2024-06-24
4818,Laban Kurian,Female,35,Regular,Jaipur,Rajasthan,North,2022-08-02
4819,Adweta Om,Female,61,Premium,Bengaluru,Karnataka,South,2025-12-24
4820,Balhaar Choudhury,Female,20,New,Patna,Bihar,East,2021-10-19
4821,Varsha Kari,Male,18,New,Ranchi,Jharkhand,East,2021-10-11
4822,Harini Gade,Female,49,New,Chennai,Tamil Nadu,South,2024-06-03
4823,Nimrat Vig,Male,64,Regular,Amritsar,Punjab,North,2022-01-04
4824,Onkar Menon,Female,32,Regular,Delhi,Delhi,North,2022-12-27
4825,Tanvi Prabhakar,Female,21,Regular,Ranchi,Jharkhand,East,2023-06-27
4826,Vritti Narasimhan,Male,26,New,Pune,Maharashtra,West,2023-09-23
4827,Zinal Date,Male,50,Regular,Ranchi,Jharkhand,East,2024-09-17
4828,Charan Gola,Female,64,New,Coimbatore,Tamil Nadu,South,2026-04-07
4829,Turvi Yohannan,Male,23,New,Kolkata,West Bengal,East,2022-04-03
4830,Laksh Mistry,Male,28,Regular,Indore,Madhya Pradesh,West,2024-08-01
4831,Siya Bumb,Male,23,Regular,Ranchi,Jharkhand,East,2024-03-07
4832,Chandani Lala,Male,42,Regular,Kochi,Kerala,South,2023-11-06
4833,Amaira Jhaveri,Female,22,Regular,Kolkata,West Bengal,East,2026-03-01
4834,Mahika Virk,Male,23,New,Jaipur,Rajasthan,North,2023-08-31
4835,Teerth Balan,Female,18,Regular,Amritsar,Punjab,North,2022-01-22
4836,Radha Yadav,Male,60,New,Kochi,Kerala,South,2022-08-02
4837,Yatan Swamy,Male,45,Regular,Jaipur,Rajasthan,North,2022-02-08
4838,Anvi Nayar,Female,32,Regular,Delhi,Delhi,North,2025-09-16
4839,Ojas Cheema,Male,30,New,Mumbai,Maharashtra,West,2024-06-02
4840,Kamala Mutti,Female,22,New,Delhi,Delhi,North,2023-10-06
4841,Pallavi Johal,Female,61,Premium,Indore,Madhya Pradesh,West,2022-04-11
4842,Gaurav Munshi,Female,34,Premium,Delhi,Delhi,North,2022-08-22
4843,Ucchal Arora,Female,53,Regular,Amritsar,Punjab,North,2025-04-05
4844,Robert Date,Male,59,New,Patna,Bihar,East,2025-05-19
4845,Jairaj Dara,Female,44,New,Coimbatore,Tamil Nadu,South,2024-11-26
4846,Advaith Kothari,Female,26,Regular,Kochi,Kerala,South,2024-05-31
4847,Urvi Mohanty,Female,25,Premium,Patna,Bihar,East,2026-05-01
4848,Ikshita Dara,Male,48,New,Mumbai,Maharashtra,West,2022-03-17
4849,Brijesh Bhargava,Male,31,Regular,Hyderabad,Telangana,South,2022-10-02
4850,Harrison Thakkar,Female,39,New,Delhi,Delhi,North,2024-12-26
4851,Bhanumati Narang,Female,53,Premium,Chandigarh,Chandigarh,North,2025-02-14
4852,Chandani Kala,Male,22,Regular,Pune,Maharashtra,West,2021-11-03
4853,Nandini Boase,Male,64,Regular,Ahmedabad,Gujarat,West,2025-02-09
4854,Samesh Raghavan,Female,51,New,Ranchi,Jharkhand,East,2026-01-24
4855,Ria Brar,Male,44,Regular,Hyderabad,Telangana,South,2025-04-28
4856,Yashodhara Rattan,Female,52,New,Lucknow,Uttar Pradesh,North,2022-08-15
4857,Ira Khurana,Female,46,New,Mumbai,Maharashtra,West,2024-05-18
4858,Abhimanyu Nath,Male,63,Premium,Coimbatore,Tamil Nadu,South,2025-07-12
4859,Gautam Peri,Male,53,Premium,Patna,Bihar,East,2024-04-04
4860,Shravya Koshy,Female,32,Premium,Bhubaneswar,Odisha,East,2024-09-13
4861,Libni Prashad,Female,26,Regular,Ahmedabad,Gujarat,West,2021-12-19
4862,Quincy Parikh,Female,21,Regular,Jaipur,Rajasthan,North,2022-09-25
4863,Harrison Raghavan,Female,63,New,Surat,Gujarat,West,2023-04-09
4864,Brijesh Desai,Female,46,New,Lucknow,Uttar Pradesh,North,2022-12-27
4865,Urishilla Sunder,Male,41,New,Patna,Bihar,East,2025-09-23
4866,Nathan Sama,Male,54,Regular,Pune,Maharashtra,West,2022-06-11
4867,Nimrat Agrawal,Male,52,Regular,Bengaluru,Karnataka,South,2026-07-10
4868,Chakrika Goel,Male,20,New,Patna,Bihar,East,2023-04-02
4869,Aadhya Kunda,Male,60,Regular,Ahmedabad,Gujarat,West,2024-02-22
4870,Faraj Banerjee,Male,23,Regular,Chandigarh,Chandigarh,North,2021-11-17
4871,Ekiya Jayaraman,Female,24,Regular,Lucknow,Uttar Pradesh,North,2026-01-02
4872,Nimrat Lanka,Female,36,New,Chandigarh,Chandigarh,North,2023-03-18
4873,Jeet Barad,Male,61,New,Surat,Gujarat,West,2021-10-01
4874,Krishna Swaminathan,Male,43,New,Chennai,Tamil Nadu,South,2022-06-25
4875,Aishani Dhar,Female,35,New,Bhubaneswar,Odisha,East,2026-06-09
4876,Pahal Desai,Male,23,Regular,Chandigarh,Chandigarh,North,2023-12-21
4877,Adya Lad,Female,38,Regular,Chennai,Tamil Nadu,South,2026-03-16
4878,Jack Wadhwa,Male,28,Regular,Kolkata,West Bengal,East,2024-12-01
4879,Edhitha Kakar,Male,38,Regular,Mumbai,Maharashtra,West,2025-04-24
4880,Chaitanya Sahota,Male,64,Regular,Jaipur,Rajasthan,North,2026-03-03
4881,Aarush Ghose,Female,46,New,Hyderabad,Telangana,South,2024-01-05
4882,Yashodhara Sha,Female,36,Regular,Kolkata,West Bengal,East,2022-05-27
4883,Indali Choudhury,Male,46,Regular,Lucknow,Uttar Pradesh,North,2025-05-13
4884,Falguni Yogi,Female,56,New,Chennai,Tamil Nadu,South,2025-10-25
4885,Laban Swaminathan,Female,59,New,Jaipur,Rajasthan,North,2025-04-12
4886,Ronith Bail,Male,21,Premium,Chandigarh,Chandigarh,North,2022-02-25
4887,Jagdish Cherian,Female,61,New,Lucknow,Uttar Pradesh,North,2024-09-29
4888,Bakhshi Jain,Male,31,Regular,Hyderabad,Telangana,South,2025-04-29
4889,Yahvi Virk,Female,40,New,Delhi,Delhi,North,2023-01-23
4890,Samesh Singhal,Male,45,Regular,Bengaluru,Karnataka,South,2026-01-16
4891,Yauvani Kapadia,Female,22,New,Amritsar,Punjab,North,2023-10-02
4892,Nidhi Mander,Female,58,New,Amritsar,Punjab,North,2025-03-13
4893,Akshay Krishnamurthy,Female,57,Regular,Chandigarh,Chandigarh,North,2025-05-05
4894,Advik Chowdhury,Female,40,New,Coimbatore,Tamil Nadu,South,2022-01-03
4895,Reyansh Vala,Female,27,Regular,Hyderabad,Telangana,South,2026-04-01
4896,Arin Grewal,Female,22,New,Jaipur,Rajasthan,North,2025-08-31
4897,Kiaan Palla,Female,49,New,Delhi,Delhi,North,2024-04-05
4898,Balveer Lala,Female,54,New,Delhi,Delhi,North,2022-11-10
4899,Viraj Chada,Male,22,New,Indore,Madhya Pradesh,West,2021-11-15
4900,Shravya Shenoy,Female,34,Premium,Surat,Gujarat,West,2024-08-04
4901,Ati Bhatti,Female,50,New,Chandigarh,Chandigarh,North,2022-03-16
4902,Anita Chaudhry,Male,60,Regular,Bhubaneswar,Odisha,East,2021-08-19
4903,Anika Prabhu,Female,37,New,Coimbatore,Tamil Nadu,South,2024-05-12
4904,Faqid Bhargava,Male,18,New,Bhubaneswar,Odisha,East,2026-07-12
4905,Hardik Dhawan,Female,42,Premium,Surat,Gujarat,West,2024-08-23
4906,Udyati Bala,Female,18,New,Hyderabad,Telangana,South,2022-04-04
4907,Matthew Ramakrishnan,Female,18,Premium,Chennai,Tamil Nadu,South,2024-06-22
4908,Samarth Goswami,Male,42,New,Lucknow,Uttar Pradesh,North,2026-06-14
4909,Warhi Misra,Male,43,Regular,Patna,Bihar,East,2022-06-04
4910,Bimala Atwal,Male,47,Regular,Hyderabad,Telangana,South,2025-07-03
4911,Orinder Saini,Male,58,Premium,Bhubaneswar,Odisha,East,2022-11-11
4912,Balendra Hans,Male,32,Regular,Coimbatore,Tamil Nadu,South,2022-01-13
4913,Hardik Raj,Female,24,Regular,Hyderabad,Telangana,South,2023-01-24
4914,Advik Dixit,Male,54,New,Delhi,Delhi,North,2022-08-12
4915,Omkaar Bhalla,Male,40,New,Lucknow,Uttar Pradesh,North,2024-04-07
4916,Bakhshi Balay,Female,50,Premium,Bengaluru,Karnataka,South,2026-03-17
4917,Mahika Sachdeva,Male,27,New,Bhubaneswar,Odisha,East,2024-07-05
4918,Jalsa Hegde,Female,43,Regular,Delhi,Delhi,North,2025-02-22
4919,Advaith Nori,Male,57,Regular,Pune,Maharashtra,West,2023-08-01
4920,Ayushman Bhasin,Female,47,New,Jaipur,Rajasthan,North,2023-11-11
4921,Laban Nath,Female,38,Premium,Guwahati,Assam,East,2022-01-05
4922,Atharv Shenoy,Male,55,Regular,Bengaluru,Karnataka,South,2026-04-25
4923,Gaurav Gupta,Male,43,Regular,Ahmedabad,Gujarat,West,2022-08-13
4924,Siya Garg,Male,44,Premium,Chandigarh,Chandigarh,North,2025-04-20
4925,Samarth Zachariah,Male,47,New,Bengaluru,Karnataka,South,2022-05-03
4926,Yashodhara Sodhi,Male,22,New,Patna,Bihar,East,2025-08-08
4927,Warhi Dhar,Female,19,Regular,Ranchi,Jharkhand,East,2025-12-17
4928,Zehaan Mutti,Female,25,New,Bengaluru,Karnataka,South,2022-06-19
4929,Nikita Choudhury,Male,32,Regular,Jaipur,Rajasthan,North,2025-11-20
4930,Oliver Biswas,Male,45,Premium,Chandigarh,Chandigarh,North,2026-07-13
4931,Suhani Kunda,Male,22,Regular,Bengaluru,Karnataka,South,2023-11-27
4932,Chatura Dhillon,Male,51,New,Guwahati,Assam,East,2023-01-25
4933,Chaaya Deep,Female,54,Premium,Mumbai,Maharashtra,West,2025-08-30
4934,Girik Ranganathan,Male,25,Regular,Lucknow,Uttar Pradesh,North,2022-06-15
4935,Pratyush Kala,Female,39,Regular,Pune,Maharashtra,West,2021-08-12
4936,Fitan Dhar,Female,54,Regular,Amritsar,Punjab,North,2026-02-04
4937,Anita Mody,Male,63,Premium,Surat,Gujarat,West,2026-04-23
4938,Urvi Gole,Male,63,Regular,Lucknow,Uttar Pradesh,North,2025-03-31
4939,Sathvik Goswami,Male,48,Regular,Jaipur,Rajasthan,North,2023-06-01
4940,Diya Chandra,Female,56,Regular,Bengaluru,Karnataka,South,2023-08-22
4941,Upma Rege,Female,29,New,Coimbatore,Tamil Nadu,South,2022-08-29
4942,Charita Bajwa,Female,21,Regular,Patna,Bihar,East,2021-12-06
4943,Anamika Pai,Male,28,Regular,Amritsar,Punjab,North,2026-05-23
4944,Indali Choudhury,Male,21,Regular,Pune,Maharashtra,West,2025-09-03
4945,Hitesh Cherian,Male,57,Regular,Coimbatore,Tamil Nadu,South,2023-06-13
4946,Ekaja Yadav,Male,58,Premium,Guwahati,Assam,East,2024-05-30
4947,Onkar Sani,Male,21,Regular,Chennai,Tamil Nadu,South,2024-06-11
4948,Bhavika Wason,Female,35,Regular,Kolkata,West Bengal,East,2024-03-28
4949,Varenya Sangha,Male,64,Regular,Ahmedabad,Gujarat,West,2025-12-17
4950,Jonathan Kala,Male,22,Regular,Coimbatore,Tamil Nadu,South,2025-06-29
4951,Aditya Tella,Male,62,Regular,Ahmedabad,Gujarat,West,2023-11-09
4952,Tanmayi Lad,Male,26,New,Chandigarh,Chandigarh,North,2024-03-01
4953,Raksha Chakrabarti,Male,35,Regular,Chandigarh,Chandigarh,North,2021-08-27
4954,Bachittar Swaminathan,Male,26,Regular,Chennai,Tamil Nadu,South,2026-06-03
4955,Frederick Sarkar,Female,26,Regular,Surat,Gujarat,West,2022-12-29
4956,Netra Wadhwa,Female,63,Regular,Chandigarh,Chandigarh,North,2023-01-15
4957,Maya Datta,Male,50,Regular,Bengaluru,Karnataka,South,2026-03-16
4958,Victor Mallick,Female,21,Regular,Lucknow,Uttar Pradesh,North,2025-09-14
4959,Anamika Sen,Female,30,New,Ahmedabad,Gujarat,West,2024-03-28
4960,Yamini Dugar,Female,63,Regular,Delhi,Delhi,North,2026-04-05
4961,Eiravati Mahal,Female,47,Regular,Kochi,Kerala,South,2022-02-14
4962,Aditya Ganguly,Male,57,New,Ranchi,Jharkhand,East,2023-09-11
4963,Ryan Swamy,Male,61,New,Chennai,Tamil Nadu,South,2021-11-12
4964,Akshay Parmer,Male,44,Regular,Chandigarh,Chandigarh,North,2024-12-19
4965,Sathvik Kamdar,Female,42,Regular,Lucknow,Uttar Pradesh,North,2026-01-19
4966,Andrew Venkataraman,Male,25,New,Chandigarh,Chandigarh,North,2021-07-18
4967,Neha Setty,Male,65,Premium,Jaipur,Rajasthan,North,2023-06-03
4968,Aayush Aggarwal,Female,43,Regular,Kolkata,West Bengal,East,2022-09-25
4969,Jairaj Krishnan,Male,30,Premium,Chennai,Tamil Nadu,South,2024-02-13
4970,Arin Chanda,Female,18,Regular,Lucknow,Uttar Pradesh,North,2022-02-17
4971,Wahab Dewan,Female,53,Regular,Jaipur,Rajasthan,North,2023-06-17
4972,Tanmayi Wali,Female,47,Premium,Ranchi,Jharkhand,East,2024-12-18
4973,Chaitanya Rama,Male,62,Regular,Lucknow,Uttar Pradesh,North,2026-04-06
4974,Charita Butala,Male,54,Regular,Pune,Maharashtra,West,2021-07-31
4975,Varsha Kuruvilla,Female,21,New,Ahmedabad,Gujarat,West,2026-04-02
4976,Chandresh Bajaj,Female,34,Regular,Guwahati,Assam,East,2023-06-24
4977,Theodore Krish,Female,45,New,Kolkata,West Bengal,East,2026-02-22
4978,Yash Sehgal,Female,56,New,Pune,Maharashtra,West,2023-09-16
4979,Frederick Nadkarni,Female,40,New,Chennai,Tamil Nadu,South,2021-12-12
4980,Aashi Narayan,Female,28,New,Jaipur,Rajasthan,North,2021-12-30
4981,Mason Badami,Male,28,Premium,Pune,Maharashtra,West,2024-01-16
4982,Advik Biswas,Female,25,New,Pune,Maharashtra,West,2022-06-25
4983,William Mall,Male,34,Regular,Jaipur,Rajasthan,North,2023-05-09
4984,Sanya Nagy,Male,65,Regular,Kochi,Kerala,South,2023-08-08
4985,Bhanumati Mahajan,Female,35,Regular,Guwahati,Assam,East,2023-05-31
4986,Riya Divan,Male,52,New,Bengaluru,Karnataka,South,2025-11-08
4987,Dalbir Devi,Male,65,Regular,Indore,Madhya Pradesh,West,2025-02-12
4988,Liam Zacharia,Male,64,Regular,Pune,Maharashtra,West,2022-11-14
4989,Lakshit Kapadia,Female,34,Regular,Kolkata,West Bengal,East,2026-02-02
4990,Aarav Dixit,Female,33,Regular,Chennai,Tamil Nadu,South,2024-02-07
4991,Lohit Bandi,Female,29,Premium,Hyderabad,Telangana,South,2026-05-05
4992,Watika Lala,Female,52,Regular,Kolkata,West Bengal,East,2024-03-10
4993,Unni Karan,Male,34,New,Chennai,Tamil Nadu,South,2024-12-24
4994,Reyansh Sabharwal,Male,22,Regular,Bengaluru,Karnataka,South,2025-06-26
4995,Hemangini Sha,Female,43,New,Jaipur,Rajasthan,North,2023-02-04
4996,Gagan Dutta,Female,41,Premium,Jaipur,Rajasthan,North,2021-08-15
4997,Garima Chhabra,Female,49,New,Surat,Gujarat,West,2024-08-20
4998,Ekaraj Goda,Female,55,New,Ranchi,Jharkhand,East,2024-04-12
4999,Hiral Badami,Male,41,Regular,Patna,Bihar,East,2025-06-20
5000,Ishwar Balay,Female,54,Regular,Kochi,Kerala,South,2022-12-21
5001,Theodore Bhakta,Female,42,Regular,Ahmedabad,Gujarat,West,2021-11-03
5002,Arjun Bhagat,Female,31,Regular,Mumbai,Maharashtra,West,2022-11-10
5003,Luke Shanker,Male,29,Premium,Bhubaneswar,Odisha,East,2021-12-17
5004,Parth Iyer,Female,19,New,Patna,Bihar,East,2021-12-20
5005,Prisha Biswas,Female,57,Premium,Amritsar,Punjab,North,2026-06-16
5006,Ayushman Lalla,Male,39,New,Guwahati,Assam,East,2023-04-16
5007,Advay Tank,Male,38,Regular,Kochi,Kerala,South,2026-04-09
5008,Ekta Kapur,Female,43,Regular,Guwahati,Assam,East,2025-03-19
5009,Devika Raj,Male,25,New,Ranchi,Jharkhand,East,2026-04-26
5010,Peter Dhawan,Female,35,Regular,Bengaluru,Karnataka,South,2025-03-01
5011,Theodore Mital,Female,63,New,Chennai,Tamil Nadu,South,2026-06-06
5012,Hredhaan Chakrabarti,Male,42,Regular,Jaipur,Rajasthan,North,2023-06-14
5013,Jasmit Tata,Male,60,Regular,Jaipur,Rajasthan,North,2023-03-15
5014,Dayamai Swamy,Male,33,Regular,Guwahati,Assam,East,2025-02-17
5015,Wahab Palla,Male,37,New,Kochi,Kerala,South,2025-10-06
5016,Fiyaz Swaminathan,Male,63,New,Patna,Bihar,East,2024-04-30
5017,Nihal Nadkarni,Female,32,New,Lucknow,Uttar Pradesh,North,2026-07-14
5018,Tara Goswami,Male,61,New,Pune,Maharashtra,West,2025-04-27
5019,Yashodhara Ramanathan,Male,49,Regular,Delhi,Delhi,North,2023-07-05
5020,Indali Ratta,Male,25,Premium,Bhubaneswar,Odisha,East,2025-10-10
5021,Anya Bose,Female,23,Regular,Jaipur,Rajasthan,North,2026-04-20
5022,Nilima Sathe,Male,31,Regular,Patna,Bihar,East,2026-04-27
5023,Chaaya Solanki,Male,45,Premium,Patna,Bihar,East,2024-02-02
5024,Nathaniel Bhasin,Female,61,Regular,Ahmedabad,Gujarat,West,2023-11-15
5025,Alexander Bansal,Male,49,Premium,Mumbai,Maharashtra,West,2024-09-24
5026,Yashvi Mitter,Male,62,Regular,Chennai,Tamil Nadu,South,2023-08-08
5027,Charvi Dhingra,Male,32,New,Ahmedabad,Gujarat,West,2024-01-15
5028,Anita Kadakia,Female,26,New,Surat,Gujarat,West,2022-03-01
5029,Oni Radhakrishnan,Female,44,Regular,Surat,Gujarat,West,2023-01-27
5030,Matthew Chadha,Female,18,New,Chennai,Tamil Nadu,South,2024-04-10
5031,Zayyan Parekh,Male,59,New,Jaipur,Rajasthan,North,2023-03-21
5032,Orinder Badal,Male,46,Regular,Jaipur,Rajasthan,North,2022-05-09
5033,Barkha Chakrabarti,Female,38,Regular,Delhi,Delhi,North,2026-05-22
5034,Waida Hayre,Male,27,Regular,Delhi,Delhi,North,2025-05-15
5035,Manan Sheth,Male,22,New,Pune,Maharashtra,West,2024-04-08
5036,Vivaan Mohanty,Female,47,Regular,Bhubaneswar,Odisha,East,2022-10-13
5037,Xiti Thakkar,Female,19,Regular,Bengaluru,Karnataka,South,2022-08-30
5038,Zansi Malhotra,Male,31,Premium,Bhubaneswar,Odisha,East,2025-07-27
5039,Arin Ravel,Male,49,Regular,Indore,Madhya Pradesh,West,2024-06-20
5040,Idika Chaudhari,Male,25,Premium,Bengaluru,Karnataka,South,2023-07-25
5041,Qabil Chand,Female,40,Regular,Kochi,Kerala,South,2025-08-14
5042,Deepa Hayre,Female,29,Regular,Coimbatore,Tamil Nadu,South,2022-05-05
5043,Fitan Grewal,Male,54,New,Amritsar,Punjab,North,2024-10-26
5044,Jagat Ratti,Female,26,Regular,Pune,Maharashtra,West,2022-10-09
5045,Aayush Khatri,Female,60,Regular,Guwahati,Assam,East,2021-10-16
5046,Yashasvi Rajan,Male,28,Regular,Chennai,Tamil Nadu,South,2024-01-08
5047,Samaksh Gade,Male,62,Regular,Kochi,Kerala,South,2021-10-19
5048,Henry Sekhon,Male,18,Regular,Coimbatore,Tamil Nadu,South,2021-11-06
5049,Faris Chakraborty,Female,62,New,Patna,Bihar,East,2024-04-16
5050,Agastya Kadakia,Male,26,Regular,Hyderabad,Telangana,South,2025-07-29
5051,Jackson Khosla,Female,23,New,Kochi,Kerala,South,2023-01-10
5052,Hardik Shukla,Female,43,Regular,Kolkata,West Bengal,East,2022-01-26
5053,Chakradev Cheema,Female,20,New,Delhi,Delhi,North,2025-05-07
5054,Nachiket Pant,Female,25,New,Kochi,Kerala,South,2025-12-17
5055,Yashica Kuruvilla,Female,20,Regular,Chennai,Tamil Nadu,South,2024-12-15
5056,Unnati Viswanathan,Female,25,Regular,Delhi,Delhi,North,2022-01-11
5057,Aditya Dara,Male,40,Regular,Kochi,Kerala,South,2023-03-07
5058,Harini Kapoor,Male,63,New,Coimbatore,Tamil Nadu,South,2021-12-02
5059,Jagdish Bajaj,Female,63,Regular,Lucknow,Uttar Pradesh,North,2023-03-23
5060,Sachi Virk,Female,43,New,Guwahati,Assam,East,2023-11-25
5061,Laksh Sidhu,Female,46,Premium,Pune,Maharashtra,West,2025-04-05
5062,Utkarsh Sidhu,Male,31,Premium,Bhubaneswar,Odisha,East,2024-07-12
5063,Hitesh Sandhu,Male,28,Regular,Chennai,Tamil Nadu,South,2022-02-04
5064,Upma Dubey,Female,34,New,Delhi,Delhi,North,2021-09-03
5065,Leena Krishnamurthy,Male,63,Regular,Hyderabad,Telangana,South,2022-03-09
5066,Rudra Sundaram,Female,43,New,Chennai,Tamil Nadu,South,2023-12-11
5067,Banjeet Sem,Male,57,Regular,Lucknow,Uttar Pradesh,North,2023-03-26
5068,Abhimanyu Gopal,Female,59,New,Bhubaneswar,Odisha,East,2025-12-05
5069,Jeevika Pandey,Male,58,Premium,Lucknow,Uttar Pradesh,North,2025-07-12
5070,Alexander Gara,Male,59,New,Pune,Maharashtra,West,2023-11-12
5071,Rishi Deshmukh,Male,35,Regular,Amritsar,Punjab,North,2024-10-16
5072,Quincy Gaba,Female,24,Regular,Surat,Gujarat,West,2022-08-08
5073,Mahika Barad,Female,60,Regular,Bengaluru,Karnataka,South,2026-05-22
5074,Lavanya Pandey,Female,25,New,Bhubaneswar,Odisha,East,2025-06-26
5075,Mitali Sodhi,Male,60,Premium,Bhubaneswar,Odisha,East,2025-10-09
5076,Ishanvi Bhatti,Female,29,Regular,Chandigarh,Chandigarh,North,2021-08-20
5077,Yatan Patla,Female,60,Regular,Mumbai,Maharashtra,West,2023-09-21
5078,Gaurav Nagy,Female,60,New,Pune,Maharashtra,West,2025-01-08
5079,Niharika Misra,Male,38,Regular,Ranchi,Jharkhand,East,2021-10-23
5080,Elijah Agrawal,Male,41,Regular,Ranchi,Jharkhand,East,2025-08-27
5081,Teerth Hora,Male,29,New,Patna,Bihar,East,2023-12-09
5082,Naksh Manda,Male,45,New,Jaipur,Rajasthan,North,2023-05-10
5083,Tristan Devan,Male,54,Regular,Kolkata,West Bengal,East,2025-10-12
5084,Yahvi Bhatti,Female,35,New,Patna,Bihar,East,2022-12-24
5085,Charvi Chhabra,Male,54,New,Amritsar,Punjab,North,2022-08-21
5086,Alexander Mutti,Male,55,Regular,Indore,Madhya Pradesh,West,2025-03-25
5087,Manan Chaudhuri,Female,40,Regular,Ranchi,Jharkhand,East,2025-10-29
5088,Krishna Soni,Female,18,New,Bengaluru,Karnataka,South,2023-05-18
5089,Bina Raval,Female,28,Regular,Bengaluru,Karnataka,South,2025-02-18
5090,Vihaan Narayan,Male,22,New,Pune,Maharashtra,West,2025-02-06
5091,Girik Aggarwal,Male,64,New,Mumbai,Maharashtra,West,2022-09-13
5092,Anya Tara,Female,22,New,Chandigarh,Chandigarh,North,2023-03-02
5093,Vritti Tiwari,Male,63,Regular,Coimbatore,Tamil Nadu,South,2023-08-22
5094,Jason Nagarajan,Female,47,New,Indore,Madhya Pradesh,West,2025-08-21
5095,Ekani Choudhry,Male,54,New,Surat,Gujarat,West,2023-11-25
5096,Saumya Tailor,Male,28,Regular,Pune,Maharashtra,West,2022-03-21
5097,Krish Kaur,Female,32,Regular,Surat,Gujarat,West,2023-03-09
5098,Yashawini Chaudhari,Male,26,New,Amritsar,Punjab,North,2024-07-01
5099,Mohammed Puri,Male,47,Regular,Surat,Gujarat,West,2023-03-30
5100,Triya Dyal,Female,59,New,Guwahati,Assam,East,2025-10-22
5101,Anirudh Dube,Male,58,Regular,Ahmedabad,Gujarat,West,2022-09-02
5102,Radhika Pingle,Female,30,Regular,Coimbatore,Tamil Nadu,South,2023-01-06
5103,Turvi Sidhu,Male,58,Regular,Amritsar,Punjab,North,2025-05-24
5104,Dhruv Sathe,Female,30,New,Ahmedabad,Gujarat,West,2022-03-30
5105,Samar Bhat,Female,29,New,Amritsar,Punjab,North,2022-01-16
5106,Jason Pathak,Male,20,New,Bengaluru,Karnataka,South,2025-09-02
5107,Vasana Wali,Male,40,Regular,Bengaluru,Karnataka,South,2023-06-17
5108,Vasana Bhat,Female,42,New,Jaipur,Rajasthan,North,2026-07-06
5109,Eesha Mohanty,Female,36,Regular,Patna,Bihar,East,2022-08-14
5110,Quincy Sathe,Male,18,Premium,Mumbai,Maharashtra,West,2026-06-07
5111,Charvi Thakur,Female,43,Premium,Kochi,Kerala,South,2023-01-07
5112,Pratyush Rajagopal,Female,49,Premium,Patna,Bihar,East,2025-10-08
5113,Gaurangi Lad,Female,55,Regular,Ahmedabad,Gujarat,West,2021-10-14
5114,Neha Divan,Male,44,Regular,Ahmedabad,Gujarat,West,2025-05-22
5115,Zaitra Mital,Female,45,New,Kochi,Kerala,South,2026-01-02
5116,Omaja Sangha,Female,20,Regular,Jaipur,Rajasthan,North,2026-07-10
5117,Sanaya Purohit,Male,40,Regular,Lucknow,Uttar Pradesh,North,2022-10-15
5118,Vanya Bir,Female,30,Regular,Bhubaneswar,Odisha,East,2024-12-14
5119,Hamsini Joshi,Female,35,Regular,Amritsar,Punjab,North,2025-11-01
5120,Vamakshi Sahni,Male,47,New,Indore,Madhya Pradesh,West,2025-03-03
5121,Jeremiah Kamdar,Male,58,New,Mumbai,Maharashtra,West,2024-12-29
5122,Yamini Soman,Female,32,Premium,Bhubaneswar,Odisha,East,2026-01-01
5123,Ayushman Lall,Male,62,New,Bhubaneswar,Odisha,East,2024-07-28
5124,Vivaan Goda,Female,64,Regular,Guwahati,Assam,East,2024-02-14
5125,Kamala Keer,Female,40,Premium,Chandigarh,Chandigarh,North,2021-10-28
5126,Atharv Vohra,Male,47,Regular,Chandigarh,Chandigarh,North,2022-11-01
5127,Urvi Iyengar,Female,37,Regular,Pune,Maharashtra,West,2026-04-03
5128,Falak Sengupta,Female,57,New,Bengaluru,Karnataka,South,2024-06-04
5129,Aditya Murthy,Female,57,New,Guwahati,Assam,East,2023-09-06
5130,Nisha Seshadri,Female,44,Premium,Ahmedabad,Gujarat,West,2022-06-30
5131,Xiti Sheth,Female,39,Regular,Pune,Maharashtra,West,2021-10-28
5132,Hemangini Kumar,Male,37,Regular,Patna,Bihar,East,2024-01-14
5133,Ayaan Khurana,Female,57,New,Kolkata,West Bengal,East,2022-05-01
5134,Manan Golla,Male,56,New,Lucknow,Uttar Pradesh,North,2025-09-10
5135,Kalpit Shah,Female,55,Premium,Hyderabad,Telangana,South,2023-12-03
5136,Darpan Goda,Male,54,Regular,Ahmedabad,Gujarat,West,2025-03-07
5137,Vasatika Chauhan,Female,19,Regular,Ranchi,Jharkhand,East,2022-05-31
5138,Ucchal Prabhakar,Male,21,New,Chennai,Tamil Nadu,South,2022-01-25
5139,Pooja Dara,Female,26,Regular,Guwahati,Assam,East,2024-10-16
5140,Pallavi Gala,Female,24,Premium,Pune,Maharashtra,West,2026-05-19
5141,Nakul Prabhu,Male,18,Regular,Chennai,Tamil Nadu,South,2021-10-27
5142,Netra Kaul,Male,62,New,Pune,Maharashtra,West,2022-02-08
5143,Hemang Sandal,Female,20,Regular,Bengaluru,Karnataka,South,2021-09-12
5144,Sarthak Gola,Female,51,Regular,Ahmedabad,Gujarat,West,2026-04-25
5145,Odika Atwal,Female,58,Regular,Bhubaneswar,Odisha,East,2022-06-21
5146,Qarin Rao,Female,48,Premium,Ahmedabad,Gujarat,West,2022-01-05
5147,Darsh Sami,Male,33,Regular,Chennai,Tamil Nadu,South,2022-11-17
5148,Shravya Shetty,Female,35,Premium,Delhi,Delhi,North,2024-04-08
5149,Tarak Buch,Female,22,Regular,Ahmedabad,Gujarat,West,2025-12-15
5150,Sanaya Baral,Male,54,New,Coimbatore,Tamil Nadu,South,2023-07-15
5151,Bachittar Manne,Male,65,New,Delhi,Delhi,North,2025-12-23
5152,Qasim Sachdev,Male,25,New,Kolkata,West Bengal,East,2024-06-14
5153,Zehaan Mammen,Female,43,Premium,Kochi,Kerala,South,2025-09-17
5154,Isaiah Sastry,Female,30,Regular,Guwahati,Assam,East,2023-06-03
5155,Sachi Sant,Female,58,Regular,Guwahati,Assam,East,2022-05-03
5156,Tristan Bali,Female,23,New,Mumbai,Maharashtra,West,2026-06-07
5157,Abha Bhat,Female,63,New,Bengaluru,Karnataka,South,2025-03-30
5158,Ekta Chopra,Female,30,Regular,Guwahati,Assam,East,2022-04-26
5159,Umang Datta,Female,42,Regular,Patna,Bihar,East,2025-01-11
5160,Wakeeta Gole,Male,32,New,Bengaluru,Karnataka,South,2023-11-06
5161,Nathaniel Dalal,Male,36,Regular,Kolkata,West Bengal,East,2024-03-29
5162,Ijaya Batta,Female,28,New,Chennai,Tamil Nadu,South,2025-08-25
5163,Daniel Dass,Male,30,New,Bengaluru,Karnataka,South,2023-01-11
5164,Sneha Rana,Female,29,Regular,Ranchi,Jharkhand,East,2025-09-09
5165,Sudiksha Ganesan,Male,59,New,Ranchi,Jharkhand,East,2024-10-07
5166,Ishani Jha,Female,32,Premium,Delhi,Delhi,North,2024-04-20
5167,Kashvi Bajaj,Female,50,New,Indore,Madhya Pradesh,West,2024-06-23
5168,Yashasvi Saran,Male,20,New,Indore,Madhya Pradesh,West,2023-10-19
5169,Omya Tandon,Female,42,New,Bhubaneswar,Odisha,East,2023-01-16
5170,Anthony Gara,Male,59,Regular,Chandigarh,Chandigarh,North,2026-07-04
5171,Harshil Garg,Female,22,Regular,Surat,Gujarat,West,2021-10-04
5172,Quincy Brahmbhatt,Male,20,Regular,Ahmedabad,Gujarat,West,2024-07-06
5173,Wazir Bali,Female,21,New,Bhubaneswar,Odisha,East,2026-01-21
5174,Umang Ghose,Female,21,New,Chennai,Tamil Nadu,South,2022-12-07
5175,Reyansh Kota,Female,45,Regular,Chennai,Tamil Nadu,South,2026-01-12
5176,Oliver Konda,Male,46,Regular,Ahmedabad,Gujarat,West,2022-07-26
5177,Mitesh Prasad,Male,30,Premium,Bhubaneswar,Odisha,East,2023-04-29
5178,Hemangini Bhargava,Male,57,New,Coimbatore,Tamil Nadu,South,2026-01-25
5179,Geetika Mander,Male,19,Regular,Bengaluru,Karnataka,South,2022-02-07
5180,Upkaar Ravel,Female,54,Premium,Hyderabad,Telangana,South,2023-03-07
5181,Sathvik Hari,Male,18,Regular,Chandigarh,Chandigarh,North,2024-06-10
5182,Reyansh Gaba,Male,30,Regular,Bengaluru,Karnataka,South,2025-04-24
5183,Meera Gade,Female,46,New,Ranchi,Jharkhand,East,2023-01-04
5184,Abhimanyu Yogi,Female,47,Premium,Delhi,Delhi,North,2024-06-30
5185,Jason Date,Female,45,Regular,Kolkata,West Bengal,East,2021-09-01
5186,Anamika Chana,Female,38,Premium,Kochi,Kerala,South,2025-09-11
5187,Sachi Nath,Male,35,Regular,Bengaluru,Karnataka,South,2022-05-06
5188,Dhriti Desai,Male,23,Regular,Bhubaneswar,Odisha,East,2025-04-17
5189,Luke Kibe,Female,49,Premium,Chennai,Tamil Nadu,South,2026-04-18
5190,Rudra Borra,Male,31,New,Chennai,Tamil Nadu,South,2026-05-16
5191,Kamya Mall,Male,26,New,Bhubaneswar,Odisha,East,2023-12-11
5192,Leena Gopal,Male,55,Regular,Ranchi,Jharkhand,East,2022-05-03
5193,Girik Jani,Female,63,Regular,Delhi,Delhi,North,2024-07-06
5194,Guneet Deo,Male,36,Premium,Chennai,Tamil Nadu,South,2026-01-17
5195,Faqid Karnik,Male,46,New,Jaipur,Rajasthan,North,2022-06-10
5196,Vincent Rattan,Female,64,Regular,Ahmedabad,Gujarat,West,2022-01-13
5197,Anusha Solanki,Female,38,Regular,Lucknow,Uttar Pradesh,North,2022-03-06
5198,Zayan Rajagopal,Male,57,New,Ranchi,Jharkhand,East,2023-02-16
5199,Atharv Sandal,Male,42,Regular,Hyderabad,Telangana,South,2022-01-18
5200,Avi Agrawal,Male,52,New,Guwahati,Assam,East,2022-02-20
5201,Amruta Murty,Female,58,New,Pune,Maharashtra,West,2024-05-23
5202,Darsh Halder,Male,29,Premium,Hyderabad,Telangana,South,2025-11-28
5203,Dev Pandya,Male,55,Regular,Hyderabad,Telangana,South,2022-05-14
5204,Isha Anne,Female,52,Regular,Ranchi,Jharkhand,East,2024-12-28
5205,Shaurya Dewan,Male,33,Premium,Patna,Bihar,East,2023-02-15
5206,Chandani Khanna,Male,46,Regular,Pune,Maharashtra,West,2022-01-14
5207,Zansi Sathe,Male,26,Regular,Chandigarh,Chandigarh,North,2024-11-13
5208,Logan Lal,Male,25,Regular,Delhi,Delhi,North,2023-12-18
5209,Kavya Krishnamurthy,Male,33,Premium,Indore,Madhya Pradesh,West,2023-11-13
5210,Girik Thaker,Female,65,New,Guwahati,Assam,East,2025-11-02
5211,Ekanta Zacharia,Female,21,Premium,Delhi,Delhi,North,2024-04-06
5212,Abhimanyu Mittal,Male,58,New,Ahmedabad,Gujarat,West,2025-06-29
5213,Waida Barman,Male,40,New,Coimbatore,Tamil Nadu,South,2025-05-24
5214,Rushil Joshi,Female,62,Regular,Amritsar,Punjab,North,2023-09-11
5215,Qushi Pandya,Female,65,Regular,Bhubaneswar,Odisha,East,2025-12-09
5216,Noah Oak,Male,29,Regular,Lucknow,Uttar Pradesh,North,2022-01-05
5217,Rachita Maharaj,Female,42,Regular,Chennai,Tamil Nadu,South,2023-11-15
5218,Yahvi Parmer,Male,53,Regular,Bhubaneswar,Odisha,East,2021-10-27
5219,Onveer Nagi,Male,19,New,Pune,Maharashtra,West,2025-03-19
5220,Krishna Ravel,Male,27,New,Patna,Bihar,East,2025-01-12
5221,Yashoda Lata,Male,42,New,Lucknow,Uttar Pradesh,North,2025-06-24
5222,Om Patil,Female,30,Regular,Patna,Bihar,East,2023-07-11
5223,Eiravati Prakash,Male,30,New,Bengaluru,Karnataka,South,2023-01-23
5224,Om Dutt,Female,46,Regular,Patna,Bihar,East,2021-12-08
5225,Abhiram Cherian,Female,50,Regular,Jaipur,Rajasthan,North,2022-05-26
5226,Nidra Ganguly,Female,47,New,Kolkata,West Bengal,East,2024-03-15
5227,Sanya Gera,Male,41,Regular,Chandigarh,Chandigarh,North,2025-04-27
5228,Zayan Gole,Female,22,Premium,Indore,Madhya Pradesh,West,2024-04-19
5229,Omkaar Gaba,Female,49,New,Bhubaneswar,Odisha,East,2024-10-07
5230,Gagan Mani,Male,43,Regular,Guwahati,Assam,East,2022-10-06
5231,Advay Arya,Male,56,Regular,Pune,Maharashtra,West,2024-05-20
5232,Meera Garde,Male,35,Regular,Ranchi,Jharkhand,East,2024-07-25
5233,Balveer Desai,Female,48,Regular,Kochi,Kerala,South,2025-09-11
5234,Adweta Oommen,Male,40,Regular,Bhubaneswar,Odisha,East,2023-08-02
5235,Jalsa Sani,Female,23,Regular,Bengaluru,Karnataka,South,2025-09-04
5236,Vansha Mane,Male,27,New,Ahmedabad,Gujarat,West,2022-07-04
5237,Vincent Borde,Female,54,Regular,Bengaluru,Karnataka,South,2024-10-09
5238,Theodore Korpal,Female,25,Regular,Chennai,Tamil Nadu,South,2021-10-14
5239,Peter Desai,Female,31,New,Jaipur,Rajasthan,North,2023-05-23
5240,Girik Chadha,Female,38,Regular,Chandigarh,Chandigarh,North,2022-05-03
5241,Lavanya Ahluwalia,Female,33,Premium,Pune,Maharashtra,West,2026-04-14
5242,Ansh Wadhwa,Female,29,Regular,Pune,Maharashtra,West,2025-01-04
5243,Baljiwan Nagi,Male,45,Regular,Bhubaneswar,Odisha,East,2022-04-03
5244,Indrajit Sahota,Female,60,Premium,Mumbai,Maharashtra,West,2023-07-15
5245,Urvi Sarin,Male,59,Regular,Guwahati,Assam,East,2025-09-10
5246,Baghyawati Kamdar,Male,31,Regular,Kolkata,West Bengal,East,2025-11-21
5247,Advaith Aurora,Male,20,Regular,Chandigarh,Chandigarh,North,2025-01-29
5248,Ubika Ghose,Male,63,Premium,Guwahati,Assam,East,2024-05-25
5249,Gautam Saxena,Male,29,Regular,Bengaluru,Karnataka,South,2022-07-15
5250,Udant Choudhry,Male,22,Regular,Bengaluru,Karnataka,South,2025-09-01
5251,Nirja Contractor,Male,63,Regular,Patna,Bihar,East,2022-07-25
5252,Barkha Chander,Male,45,Premium,Guwahati,Assam,East,2021-08-06
5253,Laksh Iyengar,Female,43,Regular,Indore,Madhya Pradesh,West,2026-05-13
5254,Ikshita Majumdar,Male,55,New,Kolkata,West Bengal,East,2025-02-11
5255,Jackson Hegde,Female,34,Premium,Amritsar,Punjab,North,2026-01-14
5256,Upma Rama,Female,37,Regular,Lucknow,Uttar Pradesh,North,2023-11-01
5257,Osha Balay,Male,42,New,Bengaluru,Karnataka,South,2024-02-26
5258,Zayan Master,Female,46,Regular,Coimbatore,Tamil Nadu,South,2023-08-24
5259,Arunima Sangha,Female,51,Regular,Pune,Maharashtra,West,2022-06-08
5260,Falak Oak,Female,36,Premium,Ranchi,Jharkhand,East,2025-07-31
5261,Anmol Chadha,Male,56,New,Ahmedabad,Gujarat,West,2022-01-13
5262,Ranbir Gera,Male,36,Regular,Pune,Maharashtra,West,2025-09-19
5263,Benjamin Ganguly,Male,63,Regular,Bengaluru,Karnataka,South,2023-01-13
5264,Sai Morar,Male,22,New,Pune,Maharashtra,West,2022-12-21
5265,Faras Taneja,Male,37,Premium,Chennai,Tamil Nadu,South,2022-11-14
5266,Hemani Sangha,Female,28,Regular,Delhi,Delhi,North,2022-05-18
5267,Yachana Ramachandran,Male,25,New,Guwahati,Assam,East,2025-06-10
5268,Advay Gandhi,Male,23,Regular,Ranchi,Jharkhand,East,2024-05-26
5269,Kala Kar,Female,27,Premium,Indore,Madhya Pradesh,West,2023-05-01
5270,Omya Barman,Female,54,New,Indore,Madhya Pradesh,West,2023-06-06
5271,Oscar Hora,Male,25,New,Chandigarh,Chandigarh,North,2022-12-10
5272,Dev Arora,Male,45,New,Delhi,Delhi,North,2024-02-12
5273,Harinakshi Karan,Male,65,New,Surat,Gujarat,West,2026-06-08
5274,Dhriti Subramaniam,Male,18,Regular,Bengaluru,Karnataka,South,2024-01-16
5275,Owen Chand,Male,52,Regular,Bhubaneswar,Odisha,East,2025-03-31
5276,Wahab Nagi,Female,30,New,Bhubaneswar,Odisha,East,2023-06-29
5277,Bachittar Kannan,Female,58,New,Delhi,Delhi,North,2025-06-09
5278,Adweta Sane,Male,35,New,Jaipur,Rajasthan,North,2023-12-03
5279,Nirja Chandra,Male,53,Premium,Coimbatore,Tamil Nadu,South,2021-10-14
5280,Yashasvi Virk,Male,44,New,Jaipur,Rajasthan,North,2023-01-02
5281,Tanvi Behl,Male,21,Premium,Coimbatore,Tamil Nadu,South,2022-11-05
5282,Fitan Seth,Female,28,Regular,Surat,Gujarat,West,2023-07-08
5283,Ojasvi Kunda,Male,32,New,Surat,Gujarat,West,2025-10-02
5284,Karan Rama,Male,50,Premium,Coimbatore,Tamil Nadu,South,2026-01-07
5285,Ekalinga Pillai,Male,48,Regular,Pune,Maharashtra,West,2025-04-24
5286,Zilmil Pradhan,Female,58,Regular,Mumbai,Maharashtra,West,2024-10-31
5287,Darpan Dixit,Female,29,Premium,Amritsar,Punjab,North,2025-08-14
5288,Imaran Apte,Male,33,New,Surat,Gujarat,West,2023-10-20
5289,Gaurika Baria,Female,24,New,Indore,Madhya Pradesh,West,2025-06-03
5290,Anmol Mannan,Male,27,Regular,Delhi,Delhi,North,2025-01-09
5291,Nisha Sangha,Male,63,New,Chennai,Tamil Nadu,South,2026-06-02
5292,Vedant Kota,Male,40,New,Bengaluru,Karnataka,South,2021-09-13
5293,Yashodhara Korpal,Male,51,New,Kochi,Kerala,South,2023-10-04
5294,Vasudha Sarraf,Male,43,New,Ahmedabad,Gujarat,West,2022-08-04
5295,Nidhi Sinha,Female,24,Regular,Surat,Gujarat,West,2024-11-12
5296,Krishna Goswami,Female,55,New,Lucknow,Uttar Pradesh,North,2025-01-15
5297,Nirja Soman,Male,59,Regular,Bengaluru,Karnataka,South,2025-03-18
5298,Finn Babu,Male,57,Regular,Bhubaneswar,Odisha,East,2026-02-03
5299,Yashoda Tripathi,Female,44,Regular,Kochi,Kerala,South,2025-05-23
5300,Yadavi Narayan,Male,40,New,Lucknow,Uttar Pradesh,North,2023-09-10
5301,Lila Sinha,Male,52,Regular,Indore,Madhya Pradesh,West,2024-12-01
5302,Samarth Modi,Female,29,New,Patna,Bihar,East,2025-04-17
5303,Yutika Thakur,Female,42,Regular,Chandigarh,Chandigarh,North,2024-12-07
5304,Arjun Murty,Female,28,Premium,Ranchi,Jharkhand,East,2025-04-26
5305,Anthony Mittal,Male,26,Regular,Guwahati,Assam,East,2025-07-13
5306,Jacob Shah,Male,37,Regular,Ranchi,Jharkhand,East,2024-05-23
5307,Faras Ratti,Female,32,Regular,Hyderabad,Telangana,South,2021-10-30
5308,Ayushman Ray,Male,46,Regular,Ranchi,Jharkhand,East,2024-12-13
5309,Darsh Boase,Male,46,Premium,Bhubaneswar,Odisha,East,2023-06-28
5310,Alexander Som,Male,57,Premium,Ranchi,Jharkhand,East,2023-07-19
5311,Yashodhara Buch,Female,22,New,Surat,Gujarat,West,2022-06-30
5312,Vritti Dar,Female,49,Regular,Indore,Madhya Pradesh,West,2024-11-25
5313,Ekantika Jani,Male,53,Premium,Amritsar,Punjab,North,2024-05-06
5314,Ubika Chana,Female,34,Premium,Ahmedabad,Gujarat,West,2025-05-26
5315,Pallavi Morar,Female,43,Regular,Guwahati,Assam,East,2023-10-28
5316,Nidhi Manne,Male,56,Regular,Kolkata,West Bengal,East,2024-08-03
5317,Wahab Chahal,Female,47,New,Kolkata,West Bengal,East,2022-04-29
5318,Eta Mittal,Female,51,Premium,Hyderabad,Telangana,South,2024-11-28
5319,Isaiah Mandal,Female,64,New,Bhubaneswar,Odisha,East,2024-12-21
5320,Shivani Bala,Female,55,Regular,Lucknow,Uttar Pradesh,North,2023-05-01
5321,Devansh Oak,Female,38,New,Jaipur,Rajasthan,North,2026-07-04
5322,Ranveer Agate,Male,60,New,Amritsar,Punjab,North,2025-08-20
5323,Anita Kata,Female,28,Regular,Mumbai,Maharashtra,West,2023-05-18
5324,Yatan Bhagat,Male,43,Premium,Delhi,Delhi,North,2024-05-05
5325,Unnati Yohannan,Male,43,New,Kochi,Kerala,South,2025-01-09
5326,Yadavi Ahluwalia,Male,19,Regular,Ahmedabad,Gujarat,West,2022-02-03
5327,Anika Kapadia,Female,40,New,Hyderabad,Telangana,South,2023-06-20
5328,Charles Chauhan,Male,53,New,Chandigarh,Chandigarh,North,2024-12-04
5329,Lucky Vaidya,Female,48,Regular,Bengaluru,Karnataka,South,2023-06-08
5330,Ryan Sen,Male,57,Regular,Guwahati,Assam,East,2022-01-01
5331,Vamakshi Bhagat,Male,53,New,Ahmedabad,Gujarat,West,2025-05-30
5332,Nitara Misra,Male,18,New,Ranchi,Jharkhand,East,2026-03-22
5333,Samar Balasubramanian,Female,18,New,Kochi,Kerala,South,2021-09-30
5334,Zarna Bhatti,Male,20,New,Delhi,Delhi,North,2024-02-07
5335,Mason Wadhwa,Female,24,Premium,Ranchi,Jharkhand,East,2023-10-22
5336,Owen Minhas,Male,40,Premium,Bhubaneswar,Odisha,East,2022-05-13
5337,Ayushman Bahl,Male,53,New,Ahmedabad,Gujarat,West,2025-09-13
5338,Qarin Sibal,Male,46,Regular,Guwahati,Assam,East,2023-10-29
5339,Faqid Saini,Female,54,Premium,Ranchi,Jharkhand,East,2024-09-10
5340,Isaiah Rajan,Female,64,New,Amritsar,Punjab,North,2024-03-27
5341,Urmi Ravi,Female,28,Regular,Delhi,Delhi,North,2025-10-30
5342,Bachittar Wali,Male,25,Premium,Mumbai,Maharashtra,West,2023-07-01
5343,Wriddhish Dar,Female,62,New,Kochi,Kerala,South,2022-03-15
5344,Oviya Hayer,Male,35,New,Delhi,Delhi,North,2023-10-26
5345,Avni Luthra,Female,26,Premium,Patna,Bihar,East,2024-11-24
5346,Qarin Kulkarni,Female,35,Regular,Lucknow,Uttar Pradesh,North,2022-08-17
5347,Abeer Bumb,Female,41,New,Ranchi,Jharkhand,East,2023-03-17
5348,Luke Misra,Male,42,New,Hyderabad,Telangana,South,2022-06-06
5349,Tanveer Reddy,Male,38,Regular,Chennai,Tamil Nadu,South,2022-05-07
5350,Nachiket Kapoor,Female,48,Regular,Guwahati,Assam,East,2024-07-09
5351,Aditya Goswami,Female,29,Regular,Hyderabad,Telangana,South,2023-10-30
5352,Siya Ravel,Male,56,Premium,Chennai,Tamil Nadu,South,2024-04-17
5353,Zaid Puri,Male,31,New,Jaipur,Rajasthan,North,2025-08-26
5354,Aadi Deo,Male,34,Regular,Ranchi,Jharkhand,East,2024-10-12
5355,Xavier Prashad,Female,42,Regular,Ahmedabad,Gujarat,West,2026-02-16
5356,Brijesh Pandey,Female,61,Regular,Guwahati,Assam,East,2023-02-16
5357,Aadhya Thaker,Male,56,New,Patna,Bihar,East,2023-04-24
5358,Jhalak Mallick,Male,24,Premium,Ahmedabad,Gujarat,West,2025-04-22
5359,Mugdha Magar,Male,38,Premium,Coimbatore,Tamil Nadu,South,2024-12-07
5360,Jagat Pandey,Male,26,Regular,Lucknow,Uttar Pradesh,North,2025-09-27
5361,Wishi Kothari,Female,31,Regular,Patna,Bihar,East,2025-11-28
5362,Mugdha Roy,Male,18,New,Chandigarh,Chandigarh,North,2024-02-15
5363,Joshua Kashyap,Male,60,Regular,Kochi,Kerala,South,2022-04-19
5364,Neha Sheth,Male,63,Regular,Bengaluru,Karnataka,South,2023-09-04
5365,Bhanumati Borah,Male,58,Regular,Pune,Maharashtra,West,2024-07-23
5366,Vedhika Ghosh,Male,45,Premium,Surat,Gujarat,West,2022-03-08
5367,Aahana Grewal,Male,57,Regular,Guwahati,Assam,East,2022-03-18
5368,Qarin Gandhi,Female,63,Regular,Guwahati,Assam,East,2024-07-24
5369,Advay Rajagopalan,Female,28,Regular,Guwahati,Assam,East,2026-05-06
5370,Sudiksha Reddy,Female,28,New,Coimbatore,Tamil Nadu,South,2023-08-15
5371,Krishna Dubey,Female,24,Regular,Bhubaneswar,Odisha,East,2022-06-03
5372,Tanveer Nagi,Female,49,New,Mumbai,Maharashtra,West,2024-06-23
5373,Mugdha Varma,Male,46,Regular,Guwahati,Assam,East,2025-04-17
5374,Shravya Grover,Female,21,Regular,Delhi,Delhi,North,2023-11-09
5375,Advik Mitra,Female,56,Regular,Jaipur,Rajasthan,North,2023-05-25
5376,Orinder Bawa,Female,47,Regular,Jaipur,Rajasthan,North,2022-02-21
5377,Yatin Chandran,Female,32,Regular,Patna,Bihar,East,2024-02-25
5378,Frado Dubey,Female,27,New,Bhubaneswar,Odisha,East,2023-03-05
5379,Advaith Balan,Female,25,Regular,Ranchi,Jharkhand,East,2026-06-29
5380,Bimala Mishra,Female,55,New,Mumbai,Maharashtra,West,2021-07-23
5381,Mohini Din,Female,30,New,Guwahati,Assam,East,2021-10-13
5382,Dalaja Karan,Male,20,Regular,Patna,Bihar,East,2025-09-26
5383,Ekavir Kalla,Female,50,New,Bhubaneswar,Odisha,East,2025-10-20
5384,Samarth Varty,Male,25,New,Chandigarh,Chandigarh,North,2023-01-15
5385,Ekanta Doshi,Male,22,Regular,Kochi,Kerala,South,2025-08-05
5386,Kevin Bali,Male,45,Regular,Chennai,Tamil Nadu,South,2026-01-16
5387,Falak Rajagopal,Female,50,Regular,Amritsar,Punjab,North,2024-06-29
5388,Chaman Apte,Male,40,Premium,Coimbatore,Tamil Nadu,South,2023-01-08
5389,Christopher Venkataraman,Female,30,Regular,Kochi,Kerala,South,2023-03-09
5390,Vincent Balasubramanian,Female,29,Premium,Jaipur,Rajasthan,North,2022-06-13
5391,Pooja Sangha,Female,29,New,Kolkata,West Bengal,East,2024-05-21
5392,Advika Rattan,Female,44,Regular,Lucknow,Uttar Pradesh,North,2024-07-30
5393,Kala Ratti,Female,64,Premium,Bhubaneswar,Odisha,East,2022-02-28
5394,Frederick Som,Male,24,Regular,Kochi,Kerala,South,2024-03-16
5395,Aarnav Sen,Female,61,Regular,Jaipur,Rajasthan,North,2024-10-30
5396,Harish Vora,Female,35,Regular,Pune,Maharashtra,West,2024-08-12
5397,Varsha Dua,Male,65,New,Surat,Gujarat,West,2023-09-09
5398,Abeer Mukherjee,Female,28,Regular,Surat,Gujarat,West,2025-04-29
5399,Vritti Kurian,Male,37,Regular,Indore,Madhya Pradesh,West,2022-10-10
5400,Eesha Kar,Female,26,Premium,Chennai,Tamil Nadu,South,2022-02-20
5401,Vasatika Mutti,Female,34,New,Ranchi,Jharkhand,East,2026-05-11
5402,Agastya Ben,Male,62,Premium,Kolkata,West Bengal,East,2025-10-15
5403,Ronith Gara,Male,52,Premium,Delhi,Delhi,North,2024-01-07
5404,David Kara,Male,54,New,Ranchi,Jharkhand,East,2021-11-25
5405,Chakradev Din,Male,61,New,Amritsar,Punjab,North,2023-08-19
5406,Rushil Varty,Male,63,Premium,Bhubaneswar,Odisha,East,2025-01-04
5407,Tripti Baria,Female,60,Premium,Amritsar,Punjab,North,2023-12-16
5408,Chaaya Mukherjee,Male,59,Regular,Patna,Bihar,East,2022-06-26
5409,Bhavini Acharya,Female,65,New,Ranchi,Jharkhand,East,2022-11-29
5410,Raagini Bal,Female,55,Regular,Guwahati,Assam,East,2025-06-08
5411,Kabir Kar,Male,53,Regular,Ranchi,Jharkhand,East,2023-10-04
5412,Abdul Singhal,Female,58,New,Ranchi,Jharkhand,East,2023-02-10
5413,Ekbal Sinha,Male,51,Regular,Guwahati,Assam,East,2023-08-09
5414,Gaurav Subramanian,Male,29,New,Amritsar,Punjab,North,2024-09-07
5415,Idika Brar,Female,65,New,Bengaluru,Karnataka,South,2025-01-04
5416,Reyansh Kumer,Male,26,Regular,Indore,Madhya Pradesh,West,2022-11-16
5417,Irya Upadhyay,Male,58,Regular,Guwahati,Assam,East,2021-09-20
5418,Farhan Chandran,Female,18,New,Mumbai,Maharashtra,West,2021-07-17
5419,Abha Madan,Female,34,Regular,Guwahati,Assam,East,2023-02-21
5420,Jasmit Kothari,Female,31,New,Kolkata,West Bengal,East,2025-02-16
5421,Mitali Batta,Male,51,New,Surat,Gujarat,West,2024-07-19
5422,Aarnav Bedi,Male,23,New,Indore,Madhya Pradesh,West,2024-10-08
5423,Advik Mukhopadhyay,Male,31,Premium,Chennai,Tamil Nadu,South,2022-12-17
5424,Jacob Zacharia,Male,23,Regular,Ranchi,Jharkhand,East,2023-02-17
5425,Yuvraj Doctor,Female,52,Regular,Coimbatore,Tamil Nadu,South,2022-12-01
5426,Shaurya Raja,Female,54,Regular,Jaipur,Rajasthan,North,2022-06-05
5427,Balveer Khare,Male,24,Premium,Delhi,Delhi,North,2023-07-04
5428,Arya Bail,Male,41,New,Surat,Gujarat,West,2024-02-08
5429,Max Ramanathan,Female,45,Regular,Bhubaneswar,Odisha,East,2024-11-01
5430,Gautam Raja,Female,23,Regular,Chennai,Tamil Nadu,South,2023-02-22
5431,Samuel Jani,Male,64,Regular,Guwahati,Assam,East,2022-12-13
5432,Omisha Deo,Female,30,New,Mumbai,Maharashtra,West,2025-02-23
5433,Upadhriti Mital,Male,65,Regular,Kochi,Kerala,South,2022-07-15
5434,Yahvi Tripathi,Male,55,New,Delhi,Delhi,North,2022-11-08
5435,Vinaya Basak,Male,52,Regular,Delhi,Delhi,North,2026-01-14
5436,Brijesh Ganguly,Female,37,Regular,Coimbatore,Tamil Nadu,South,2024-01-24
5437,George Zachariah,Female,25,New,Hyderabad,Telangana,South,2021-09-27
5438,Tristan Brar,Male,54,Regular,Kochi,Kerala,South,2025-09-25
5439,Madhavi Radhakrishnan,Female,52,New,Amritsar,Punjab,North,2021-12-29
5440,Anya Nigam,Male,20,Regular,Amritsar,Punjab,North,2022-01-14
5441,Nicholas Rastogi,Male,26,Regular,Patna,Bihar,East,2024-05-04
5442,Isaac Rau,Female,31,New,Bhubaneswar,Odisha,East,2022-09-28
5443,Nathan Din,Female,62,New,Mumbai,Maharashtra,West,2021-09-12
5444,Upma Amble,Female,43,Premium,Pune,Maharashtra,West,2021-08-17
5445,Januja Mallick,Male,31,New,Kochi,Kerala,South,2023-12-01
5446,Laksh Hegde,Female,54,New,Guwahati,Assam,East,2023-01-07
5447,Bimala Ramakrishnan,Female,33,New,Chennai,Tamil Nadu,South,2021-12-08
5448,Yagnesh Magar,Female,52,Regular,Delhi,Delhi,North,2025-04-07
5449,Lila Reddy,Male,41,Regular,Ranchi,Jharkhand,East,2023-08-23
5450,Pranit Kothari,Male,23,New,Ranchi,Jharkhand,East,2022-03-13
5451,Aarnav Patla,Female,33,New,Ranchi,Jharkhand,East,2023-03-03
5452,Lakshit Rajagopalan,Male,40,New,Indore,Madhya Pradesh,West,2022-09-12
5453,Amol Dayal,Male,42,New,Kolkata,West Bengal,East,2021-11-26
5454,Abeer Kalita,Female,61,Regular,Bhubaneswar,Odisha,East,2023-05-29
5455,Chanakya Narayanan,Male,48,Regular,Chandigarh,Chandigarh,North,2026-01-26
5456,Maya Khalsa,Female,19,New,Pune,Maharashtra,West,2026-03-06
5457,William Saraf,Female,59,Regular,Coimbatore,Tamil Nadu,South,2021-09-28
5458,Chaitanya Dayal,Male,39,Regular,Surat,Gujarat,West,2025-09-07
5459,Pushti Lata,Male,51,Premium,Hyderabad,Telangana,South,2025-03-11
5460,Advay Kalita,Female,34,Premium,Lucknow,Uttar Pradesh,North,2025-09-21
5461,Nitesh Bhargava,Male,20,Regular,Lucknow,Uttar Pradesh,North,2024-06-20
5462,Ayush Dhar,Female,38,New,Amritsar,Punjab,North,2025-07-25
5463,Adweta Nori,Female,44,New,Hyderabad,Telangana,South,2023-05-12
5464,Triveni Prabhakar,Female,25,New,Kolkata,West Bengal,East,2022-04-29
5465,Vihaan Choudhury,Male,26,New,Chandigarh,Chandigarh,North,2024-05-18
5466,Manya Barman,Male,34,Regular,Pune,Maharashtra,West,2024-05-29
5467,Caleb Deol,Female,31,Regular,Kochi,Kerala,South,2021-10-13
5468,Ikshita Tailor,Male,34,Premium,Pune,Maharashtra,West,2025-11-07
5469,Aarini Mahajan,Female,25,Regular,Patna,Bihar,East,2026-03-18
5470,Caleb Nagar,Female,31,Regular,Coimbatore,Tamil Nadu,South,2026-06-12
5471,Bhavika Narayan,Female,54,Regular,Amritsar,Punjab,North,2022-12-19
5472,Jeet Babu,Female,43,New,Lucknow,Uttar Pradesh,North,2022-08-30
5473,Lopa Pall,Male,54,New,Guwahati,Assam,East,2024-09-09
5474,Bhanumati Mandal,Female,57,Regular,Chennai,Tamil Nadu,South,2024-09-06
5475,Nidra Dugar,Female,40,New,Ahmedabad,Gujarat,West,2025-05-07
5476,Manthan Dasgupta,Female,52,Regular,Chandigarh,Chandigarh,North,2025-11-14
5477,Charles Murty,Female,25,New,Pune,Maharashtra,West,2024-01-02
5478,Advik Keer,Male,19,Regular,Ahmedabad,Gujarat,West,2025-01-12
5479,Harshil Salvi,Male,24,Regular,Indore,Madhya Pradesh,West,2026-05-21
5480,Pallavi Balasubramanian,Male,30,New,Ahmedabad,Gujarat,West,2025-09-27
5481,Saumya Dube,Male,50,Regular,Bhubaneswar,Odisha,East,2023-10-10
5482,Amol Deep,Female,46,New,Pune,Maharashtra,West,2025-04-29
5483,Jasmit Thaman,Male,64,Regular,Guwahati,Assam,East,2022-07-09
5484,Kavya Issac,Female,36,Regular,Chennai,Tamil Nadu,South,2023-05-13
5485,Ridhi Karpe,Male,34,Regular,Surat,Gujarat,West,2024-12-09
5486,Pallavi Taneja,Male,56,Premium,Chandigarh,Chandigarh,North,2024-12-07
5487,Pallavi Bhagat,Male,40,New,Amritsar,Punjab,North,2025-07-31
5488,David Prakash,Female,19,Regular,Coimbatore,Tamil Nadu,South,2023-04-09
5489,Chasmum Borde,Male,43,Regular,Coimbatore,Tamil Nadu,South,2022-03-07
5490,Damyanti Sathe,Female,28,Premium,Hyderabad,Telangana,South,2022-08-01
5491,Keya Lalla,Male,59,New,Jaipur,Rajasthan,North,2024-05-16
5492,Tanay Chatterjee,Male,57,Regular,Chennai,Tamil Nadu,South,2025-03-13
5493,Unni Bhagat,Female,47,Regular,Jaipur,Rajasthan,North,2024-12-08
5494,Jatin Buch,Female,35,New,Bengaluru,Karnataka,South,2023-02-18
5495,Radhika Mital,Male,63,Regular,Delhi,Delhi,North,2025-04-30
5496,Tanish Sanghvi,Female,24,New,Indore,Madhya Pradesh,West,2025-10-10
5497,Wahab Hayer,Female,41,Regular,Chennai,Tamil Nadu,South,2023-03-10
5498,Aishani Sharma,Male,21,Premium,Coimbatore,Tamil Nadu,South,2025-12-10
5499,Kavya Sidhu,Female,24,Regular,Indore,Madhya Pradesh,West,2023-07-08
5500,Xavier Sridhar,Female,52,Regular,Chennai,Tamil Nadu,South,2021-10-12
5501,Alka Konda,Female,27,Regular,Mumbai,Maharashtra,West,2025-10-10
5502,Quincy Gade,Female,31,New,Ahmedabad,Gujarat,West,2025-10-25
5503,Rachana Suresh,Female,23,New,Chennai,Tamil Nadu,South,2021-08-30
5504,Maanas Srinivas,Male,29,Regular,Ahmedabad,Gujarat,West,2022-09-29
5505,Shivansh Ravel,Female,62,New,Kolkata,West Bengal,East,2022-08-07
5506,Quincy Deol,Female,24,New,Chennai,Tamil Nadu,South,2022-12-25
5507,Megha Sharma,Male,20,Regular,Amritsar,Punjab,North,2023-02-23
5508,Aarna Gandhi,Female,51,New,Hyderabad,Telangana,South,2023-06-02
5509,Nathaniel Kapur,Female,31,New,Mumbai,Maharashtra,West,2023-09-25
5510,Lohit Batra,Male,27,Regular,Lucknow,Uttar Pradesh,North,2025-02-21
5511,Anthony Chandra,Male,21,New,Surat,Gujarat,West,2022-03-21
5512,Dhruv Sampath,Male,56,Premium,Bengaluru,Karnataka,South,2022-10-17
5513,Parth Varty,Female,44,Premium,Bhubaneswar,Odisha,East,2024-08-14
5514,Simon Mishra,Female,30,Regular,Bengaluru,Karnataka,South,2022-12-06
5515,Manthan Andra,Male,18,New,Indore,Madhya Pradesh,West,2024-01-04
5516,Garima Nagi,Female,56,Regular,Ranchi,Jharkhand,East,2025-07-15
5517,Amruta Oommen,Male,24,Regular,Kolkata,West Bengal,East,2025-11-05
5518,Dakshesh Savant,Male,39,Regular,Pune,Maharashtra,West,2022-03-03
5519,Saksham Kant,Female,31,New,Delhi,Delhi,North,2023-02-26
5520,Maya Mane,Male,20,Regular,Mumbai,Maharashtra,West,2022-02-27
5521,Mohammed Gour,Male,23,Regular,Pune,Maharashtra,West,2026-06-18
5522,Matthew Dave,Female,54,Regular,Chandigarh,Chandigarh,North,2025-05-28
5523,Unni Kamdar,Female,22,Regular,Amritsar,Punjab,North,2024-01-01
5524,Oeshi Toor,Male,29,Regular,Surat,Gujarat,West,2022-07-22
5525,Mitali Ratti,Female,38,Regular,Delhi,Delhi,North,2025-01-13
5526,Ayaan Savant,Male,49,New,Ranchi,Jharkhand,East,2026-03-07
5527,Charles Khanna,Male,53,Regular,Amritsar,Punjab,North,2021-07-21
5528,Gautami Munshi,Male,47,New,Lucknow,Uttar Pradesh,North,2023-06-06
5529,Krishna Mani,Male,44,Regular,Patna,Bihar,East,2022-05-20
5530,Urvashi Mishra,Male,37,New,Chandigarh,Chandigarh,North,2021-12-16
5531,Warhi Madan,Male,41,Regular,Bhubaneswar,Odisha,East,2025-03-05
5532,Urvashi Peri,Female,18,New,Bengaluru,Karnataka,South,2021-08-17
5533,Sudiksha Salvi,Male,31,Regular,Hyderabad,Telangana,South,2024-01-26
5534,Qushi Dutta,Male,64,Regular,Kolkata,West Bengal,East,2022-03-23
5535,Yash Ravel,Female,37,New,Amritsar,Punjab,North,2021-08-09
5536,Netra Lala,Male,42,New,Surat,Gujarat,West,2022-06-28
5537,Barkha Sem,Male,44,New,Chandigarh,Chandigarh,North,2026-04-08
5538,Sathvik Chawla,Male,32,Premium,Patna,Bihar,East,2022-11-15
5539,Vedhika Mall,Female,23,Regular,Kochi,Kerala,South,2024-02-25
5540,Aarini Toor,Female,64,Regular,Indore,Madhya Pradesh,West,2025-09-30
5541,Dipta Atwal,Female,40,New,Chandigarh,Chandigarh,North,2023-09-03
5542,Luke Saha,Female,25,Regular,Guwahati,Assam,East,2025-11-14
5543,Chaman Kalita,Male,24,Premium,Mumbai,Maharashtra,West,2025-05-31
5544,Aarini Raj,Male,38,Regular,Amritsar,Punjab,North,2022-03-05
5545,Naksh Walla,Female,52,Regular,Chandigarh,Chandigarh,North,2022-01-16
5546,Hemang Narayan,Female,34,New,Ahmedabad,Gujarat,West,2025-07-25
5547,Vedant Krishnamurthy,Female,50,New,Indore,Madhya Pradesh,West,2024-08-13
5548,Qabil Seshadri,Male,47,New,Pune,Maharashtra,West,2021-08-13
5549,Laksh Hans,Male,50,New,Mumbai,Maharashtra,West,2023-09-21
5550,Widisha Mital,Female,34,New,Patna,Bihar,East,2025-08-14
5551,Harita Rao,Male,46,New,Amritsar,Punjab,North,2022-05-26
5552,Devansh Varghese,Male,54,Regular,Amritsar,Punjab,North,2025-02-10
5553,Kabir Jayaraman,Female,57,Premium,Lucknow,Uttar Pradesh,North,2025-05-29
5554,Dalbir Narayan,Female,37,Regular,Bengaluru,Karnataka,South,2023-10-15
5555,Ekansh Rama,Female,54,Regular,Delhi,Delhi,North,2024-10-27
5556,Faraj Iyengar,Male,30,Regular,Kochi,Kerala,South,2024-02-23
5557,Kala Rattan,Female,52,New,Bhubaneswar,Odisha,East,2025-01-10
5558,Mahika Bakshi,Female,35,Regular,Guwahati,Assam,East,2023-01-24
5559,Yutika Sangha,Male,25,New,Mumbai,Maharashtra,West,2025-04-20
5560,Lila Hans,Female,38,Regular,Coimbatore,Tamil Nadu,South,2024-12-20
5561,Aarush Saxena,Male,27,New,Ranchi,Jharkhand,East,2025-12-15
5562,Jagdish Bedi,Male,28,Premium,Chandigarh,Chandigarh,North,2022-04-22
5563,Lohit Sahni,Male,18,New,Kochi,Kerala,South,2025-09-25
5564,Kevin Amble,Male,31,New,Patna,Bihar,East,2021-12-14
5565,Ishani Nagar,Male,19,Premium,Bengaluru,Karnataka,South,2022-01-11
5566,Arunima Narayanan,Female,33,New,Amritsar,Punjab,North,2025-03-14
5567,Ekantika Narang,Female,33,Regular,Ranchi,Jharkhand,East,2024-01-13
5568,Wakeeta Pandey,Male,18,Regular,Amritsar,Punjab,North,2025-04-18
5569,Aachal Singhal,Female,25,Regular,Delhi,Delhi,North,2022-01-13
5570,Abhimanyu Ben,Male,55,Premium,Mumbai,Maharashtra,West,2023-09-10
5571,Geetika Verma,Male,33,Premium,Lucknow,Uttar Pradesh,North,2023-06-20
5572,Kevin Manne,Male,47,New,Kochi,Kerala,South,2025-06-21
5573,Ekbal Sachdeva,Male,42,Regular,Indore,Madhya Pradesh,West,2024-12-14
5574,Ekta Chhabra,Female,37,Regular,Amritsar,Punjab,North,2023-06-14
5575,Chasmum Lad,Female,48,Regular,Amritsar,Punjab,North,2022-04-22
5576,Chaman Ahluwalia,Male,20,New,Ranchi,Jharkhand,East,2021-11-17
5577,Saksham Wadhwa,Female,61,Regular,Delhi,Delhi,North,2022-04-03
5578,Anay Vala,Female,25,Premium,Chennai,Tamil Nadu,South,2023-07-27
5579,Upma Barman,Female,23,Premium,Chandigarh,Chandigarh,North,2025-05-31
5580,Anmol Korpal,Male,38,Regular,Amritsar,Punjab,North,2025-03-10
5581,Chanchal Loyal,Female,62,New,Amritsar,Punjab,North,2023-07-30
5582,Yauvani Sabharwal,Male,54,Regular,Patna,Bihar,East,2022-04-22
5583,Gaurangi Bava,Male,30,Regular,Bhubaneswar,Odisha,East,2021-11-03
5584,Azaan Mall,Male,41,Regular,Kolkata,West Bengal,East,2024-03-28
5585,Amruta Arora,Male,35,Regular,Hyderabad,Telangana,South,2025-04-09
5586,Dominic Soni,Male,46,New,Surat,Gujarat,West,2024-06-15
5587,Krishna Mahajan,Female,36,Regular,Ranchi,Jharkhand,East,2024-07-08
5588,Amruta Choudhary,Female,46,Regular,Ranchi,Jharkhand,East,2023-03-22
5589,Anamika Vyas,Male,21,Premium,Bengaluru,Karnataka,South,2022-08-02
5590,Brijesh Shetty,Male,26,Regular,Hyderabad,Telangana,South,2021-08-08
5591,Vyanjana Mistry,Male,26,New,Amritsar,Punjab,North,2022-07-23
5592,Ekanta Tara,Female,56,Regular,Coimbatore,Tamil Nadu,South,2026-06-23
5593,Zayan Bahl,Male,43,New,Kolkata,West Bengal,East,2024-09-26
5594,Logan Sankaran,Female,50,Premium,Bengaluru,Karnataka,South,2025-12-23
5595,Anamika Din,Female,62,Regular,Lucknow,Uttar Pradesh,North,2021-07-16
5596,Viraj Chana,Female,32,Regular,Bhubaneswar,Odisha,East,2024-10-15
5597,Gaurangi Verma,Female,37,Regular,Bhubaneswar,Odisha,East,2023-04-22
5598,Upadhriti Halder,Female,47,Regular,Chennai,Tamil Nadu,South,2022-12-09
5599,Banjeet Karan,Female,23,Regular,Delhi,Delhi,North,2025-10-04
5600,Tripti Sinha,Male,53,Regular,Coimbatore,Tamil Nadu,South,2022-01-07
5601,Triveni Patil,Female,24,New,Coimbatore,Tamil Nadu,South,2022-12-18
5602,Dayamai Bhavsar,Male,58,New,Lucknow,Uttar Pradesh,North,2024-08-01
5603,Amara Virk,Female,54,New,Hyderabad,Telangana,South,2024-02-08
5604,Aarush Tella,Female,25,Regular,Jaipur,Rajasthan,North,2025-02-22
5605,Ekaja Venkatesh,Female,56,New,Delhi,Delhi,North,2024-02-23
5606,Hitesh Salvi,Male,34,Regular,Chennai,Tamil Nadu,South,2025-11-27
5607,Om Sanghvi,Male,21,Premium,Surat,Gujarat,West,2022-05-01
5608,Krisha Mammen,Male,51,Premium,Chandigarh,Chandigarh,North,2021-09-09
5609,Vasana Master,Male,19,Regular,Kochi,Kerala,South,2022-05-13
5610,Hardik Sawhney,Male,26,Regular,Chandigarh,Chandigarh,North,2026-03-06
5611,Leena Rau,Female,23,New,Mumbai,Maharashtra,West,2022-07-01
5612,Gabriel Prabhu,Female,52,Regular,Bengaluru,Karnataka,South,2022-06-12
5613,Upadhriti Zachariah,Female,65,Regular,Kolkata,West Bengal,East,2021-12-30
5614,Manan Raj,Female,32,New,Surat,Gujarat,West,2024-01-15
5615,Devika Sachdeva,Female,64,Regular,Patna,Bihar,East,2025-08-27
5616,Osha Dua,Male,27,Regular,Jaipur,Rajasthan,North,2024-08-25
5617,Maanas Kannan,Male,58,Premium,Surat,Gujarat,West,2022-09-18
5618,Shravya Thakkar,Male,24,New,Ranchi,Jharkhand,East,2024-10-21
5619,Max Garg,Male,18,Regular,Jaipur,Rajasthan,North,2026-04-08
5620,Balendra Sangha,Male,64,New,Ranchi,Jharkhand,East,2022-09-04
5621,Sara Bhakta,Male,34,New,Ranchi,Jharkhand,East,2023-02-12
5622,Unnati Sekhon,Female,23,Premium,Hyderabad,Telangana,South,2024-11-22
5623,Ekavir Saxena,Male,28,Regular,Surat,Gujarat,West,2024-06-10
5624,Dipta Jain,Male,47,Regular,Kolkata,West Bengal,East,2023-08-22
5625,Balveer Sethi,Female,18,New,Kochi,Kerala,South,2024-07-03
5626,Yoshita Bhatti,Female,40,Regular,Surat,Gujarat,West,2025-04-13
5627,Ekani Tak,Male,35,Regular,Pune,Maharashtra,West,2023-04-20
5628,Kala Uppal,Female,44,New,Amritsar,Punjab,North,2024-07-19
5629,Oliver Ravel,Female,57,Regular,Indore,Madhya Pradesh,West,2026-06-23
5630,Yashasvi Lall,Female,23,New,Ranchi,Jharkhand,East,2025-09-02
5631,Nirja Jha,Male,58,Regular,Coimbatore,Tamil Nadu,South,2024-04-15
5632,Anay Srinivas,Male,20,Regular,Hyderabad,Telangana,South,2024-02-29
5633,Wazir Rastogi,Female,50,New,Mumbai,Maharashtra,West,2023-07-13
5634,Ishwar Bala,Male,26,New,Ahmedabad,Gujarat,West,2024-12-10
5635,Gaurang Chaudhry,Female,31,New,Hyderabad,Telangana,South,2024-09-11
5636,Guneet Vaidya,Female,64,New,Kolkata,West Bengal,East,2022-04-23
5637,Vrinda Amble,Male,25,Regular,Surat,Gujarat,West,2025-05-16
5638,Balhaar Dani,Female,58,Regular,Bengaluru,Karnataka,South,2026-02-11
5639,Theodore Srivastava,Female,28,New,Ahmedabad,Gujarat,West,2021-10-09
5640,Lila Kashyap,Male,19,New,Patna,Bihar,East,2025-06-07
5641,Daksha Sha,Female,59,Regular,Ahmedabad,Gujarat,West,2022-08-28
5642,Diya Basu,Male,60,Regular,Delhi,Delhi,North,2026-02-22
5643,Triveni Vaidya,Male,51,New,Pune,Maharashtra,West,2023-08-22
5644,Rayaan Nigam,Male,18,New,Kochi,Kerala,South,2024-08-10
5645,Agastya Sur,Female,32,Regular,Pune,Maharashtra,West,2023-04-23
5646,Onkar Kamdar,Female,50,New,Guwahati,Assam,East,2023-10-01
5647,Harini Basak,Female,55,New,Bengaluru,Karnataka,South,2022-01-13
5648,Ria Bali,Male,43,Regular,Indore,Madhya Pradesh,West,2024-12-10
5649,Vanya Kapadia,Male,40,Regular,Ahmedabad,Gujarat,West,2023-04-29
5650,Adya Basu,Male,29,Regular,Delhi,Delhi,North,2024-02-13
5651,Henry Bose,Female,37,Regular,Chandigarh,Chandigarh,North,2023-02-03
5652,Vasudha Behl,Male,64,Regular,Hyderabad,Telangana,South,2023-02-03
5653,Michael Karan,Male,25,New,Chennai,Tamil Nadu,South,2024-10-17
5654,Chandran Issac,Female,57,Regular,Mumbai,Maharashtra,West,2026-06-05
5655,Ishaan Nair,Male,49,New,Mumbai,Maharashtra,West,2023-07-16
5656,Falan Barad,Female,21,New,Bengaluru,Karnataka,South,2024-09-03
5657,Shravya Sekhon,Male,21,Regular,Chandigarh,Chandigarh,North,2024-06-13
5658,Vincent Mittal,Female,53,Premium,Bengaluru,Karnataka,South,2024-03-23
5659,Ishanvi Sandhu,Male,35,Premium,Delhi,Delhi,North,2025-07-23
5660,Nisha Solanki,Male,37,Regular,Delhi,Delhi,North,2024-02-06
5661,Aryan Kata,Male,24,New,Mumbai,Maharashtra,West,2024-05-29
5662,Prisha Misra,Female,59,New,Mumbai,Maharashtra,West,2025-08-20
5663,Rachana Kamdar,Male,58,Regular,Mumbai,Maharashtra,West,2025-08-10
5664,Varsha Kamdar,Female,61,Regular,Pune,Maharashtra,West,2026-03-24
5665,Jagat Pant,Female,24,Regular,Amritsar,Punjab,North,2025-04-30
5666,Jasmit Sethi,Female,41,Regular,Ranchi,Jharkhand,East,2024-06-12
5667,Manan Sarna,Male,31,Regular,Delhi,Delhi,North,2025-01-25
5668,Sathvik Barad,Male,39,Regular,Ahmedabad,Gujarat,West,2022-09-14
5669,Garima Pillay,Male,48,New,Bengaluru,Karnataka,South,2022-03-21
5670,Nihal Karan,Female,51,Regular,Coimbatore,Tamil Nadu,South,2026-02-23
5671,Gautam Prashad,Male,47,Premium,Lucknow,Uttar Pradesh,North,2022-09-02
5672,Ekapad Palan,Female,25,New,Chandigarh,Chandigarh,North,2025-10-23
5673,Yug Sant,Female,19,Regular,Mumbai,Maharashtra,West,2024-09-02
5674,Unnati Johal,Female,27,New,Amritsar,Punjab,North,2025-07-10
5675,Urishilla Kumar,Female,34,Premium,Chennai,Tamil Nadu,South,2023-01-13
5676,Hemani Parikh,Male,52,New,Surat,Gujarat,West,2023-06-25
5677,Vidhi Loyal,Female,32,Regular,Kochi,Kerala,South,2024-04-05
5678,Panini Bhatt,Female,53,New,Lucknow,Uttar Pradesh,North,2025-03-29
5679,Agastya Edwin,Male,36,Regular,Delhi,Delhi,North,2023-09-30
5680,Yochana Chandra,Female,40,New,Amritsar,Punjab,North,2026-01-09
5681,Bhavini Chaudhary,Male,18,New,Indore,Madhya Pradesh,West,2023-07-24
5682,Anusha Srinivasan,Female,30,Regular,Hyderabad,Telangana,South,2022-09-04
5683,Aadhya Jani,Female,29,Premium,Chennai,Tamil Nadu,South,2023-06-21
5684,Bhavna Bal,Female,55,New,Bengaluru,Karnataka,South,2025-01-02
5685,Jeremiah Wason,Female,53,New,Lucknow,Uttar Pradesh,North,2025-03-20
5686,Saksham Balakrishnan,Female,43,Regular,Ranchi,Jharkhand,East,2023-07-25
5687,Ijaya Balan,Female,46,Regular,Mumbai,Maharashtra,West,2025-08-06
5688,Rachit Dada,Female,57,Premium,Kolkata,West Bengal,East,2024-05-30
5689,Ojasvi Purohit,Female,62,New,Chandigarh,Chandigarh,North,2024-04-29
5690,Krishna Sagar,Female,21,Regular,Bengaluru,Karnataka,South,2023-10-19
5691,Aarav Dewan,Female,27,New,Lucknow,Uttar Pradesh,North,2023-08-10
5692,Wridesh Mall,Male,48,New,Mumbai,Maharashtra,West,2026-07-11
5693,Krish Dave,Male,41,Regular,Chandigarh,Chandigarh,North,2022-05-28
5694,Amruta Baral,Female,28,Regular,Amritsar,Punjab,North,2022-03-16
5695,Raksha Sampath,Male,57,Regular,Bhubaneswar,Odisha,East,2021-11-24
5696,Vinaya Parmar,Male,36,New,Coimbatore,Tamil Nadu,South,2024-04-21
5697,Girindra Som,Male,32,Regular,Guwahati,Assam,East,2024-08-15
5698,Falak Doctor,Female,24,Regular,Delhi,Delhi,North,2025-11-09
5699,Netra Dara,Male,18,Premium,Indore,Madhya Pradesh,West,2024-09-18
5700,Nitesh Kakar,Male,27,New,Bhubaneswar,Odisha,East,2022-11-28
5701,Dev Shankar,Male,42,New,Jaipur,Rajasthan,North,2022-10-06
5702,Jalsa Saraf,Female,62,Regular,Ahmedabad,Gujarat,West,2023-01-21
5703,Krisha Ben,Male,32,Regular,Ranchi,Jharkhand,East,2025-12-11
5704,Yatin Suri,Female,53,New,Bhubaneswar,Odisha,East,2022-02-01
5705,Tejas Bhavsar,Male,38,Premium,Delhi,Delhi,North,2025-04-18
5706,Lakshmi Natt,Female,49,New,Delhi,Delhi,North,2024-05-17
5707,Qadim Sunder,Male,49,Premium,Ahmedabad,Gujarat,West,2023-04-26
5708,Adya Chanda,Female,48,New,Mumbai,Maharashtra,West,2024-12-18
5709,Atharv Kalita,Female,38,Regular,Coimbatore,Tamil Nadu,South,2023-01-11
5710,Aarnav Gola,Male,46,Premium,Chandigarh,Chandigarh,North,2026-03-05
5711,Hemal Bhatt,Male,26,New,Ahmedabad,Gujarat,West,2025-04-02
5712,Anika Mani,Female,54,Premium,Coimbatore,Tamil Nadu,South,2025-03-07
5713,Mohini Srivastava,Male,39,Regular,Indore,Madhya Pradesh,West,2026-03-01
5714,Aadi Mital,Male,42,Premium,Patna,Bihar,East,2022-03-29
5715,Vivaan Bhatti,Female,28,Regular,Amritsar,Punjab,North,2023-11-18
5716,Anya Radhakrishnan,Male,27,New,Kochi,Kerala,South,2022-10-19
5717,Kashvi Subramaniam,Female,65,New,Patna,Bihar,East,2025-03-11
5718,Manthan Parmar,Female,47,New,Patna,Bihar,East,2022-12-31
5719,Tanvi Vora,Male,40,New,Pune,Maharashtra,West,2021-12-31
5720,Tanay Bhatt,Male,19,New,Lucknow,Uttar Pradesh,North,2024-02-14
5721,Bimala Atwal,Male,50,New,Pune,Maharashtra,West,2022-03-16
5722,Yagnesh Sastry,Female,42,Regular,Mumbai,Maharashtra,West,2024-06-14
5723,Pavani Chandran,Male,48,Regular,Ranchi,Jharkhand,East,2024-01-06
5724,Kashvi Thakkar,Male,49,New,Chandigarh,Chandigarh,North,2024-02-08
5725,Varsha Kohli,Male,51,New,Patna,Bihar,East,2021-10-17
5726,Frado Nair,Female,36,Regular,Chandigarh,Chandigarh,North,2021-12-18
5727,Zashil Karnik,Female,63,New,Jaipur,Rajasthan,North,2021-12-30
5728,Onkar Chawla,Female,21,New,Pune,Maharashtra,West,2023-09-14
5729,Vedika Brahmbhatt,Male,39,New,Coimbatore,Tamil Nadu,South,2026-04-07
5730,Chakradev Ravi,Female,27,Premium,Ranchi,Jharkhand,East,2024-04-12
5731,Pallavi Mitra,Female,20,Regular,Pune,Maharashtra,West,2024-09-09
5732,Chatresh Ray,Female,34,Regular,Surat,Gujarat,West,2022-03-07
5733,Luke Sangha,Female,59,Regular,Bengaluru,Karnataka,South,2024-09-30
5734,Yash Bora,Male,48,Regular,Pune,Maharashtra,West,2025-08-24
5735,Praneel Hayre,Female,31,Regular,Chandigarh,Chandigarh,North,2023-05-26
5736,Chatresh Goyal,Female,62,Regular,Surat,Gujarat,West,2021-08-06
5737,Yadavi Sankaran,Male,31,Regular,Hyderabad,Telangana,South,2022-07-06
5738,Anirudh Narain,Female,56,New,Indore,Madhya Pradesh,West,2025-11-28
5739,Om Mani,Male,34,New,Lucknow,Uttar Pradesh,North,2026-02-11
5740,Bimala Dube,Male,29,Regular,Indore,Madhya Pradesh,West,2025-03-29
5741,Varsha Bansal,Female,33,Premium,Jaipur,Rajasthan,North,2021-09-02
5742,Aahana Nagarajan,Female,19,Regular,Kolkata,West Bengal,East,2022-01-19
5743,Anirudh Chandran,Male,54,Regular,Kochi,Kerala,South,2025-03-25
5744,Panini Krish,Female,56,Premium,Mumbai,Maharashtra,West,2026-06-15
5745,Kabir Deshmukh,Female,18,New,Surat,Gujarat,West,2022-07-26
5746,Baljiwan Balay,Female,44,Regular,Bhubaneswar,Odisha,East,2025-10-20
5747,Kalpit Gour,Female,50,Regular,Mumbai,Maharashtra,West,2026-06-29
5748,Kashish Purohit,Female,40,Premium,Surat,Gujarat,West,2024-11-10
5749,Girish Batra,Female,22,Premium,Bhubaneswar,Odisha,East,2022-03-27
5750,Sarthak Kunda,Female,27,Regular,Chandigarh,Chandigarh,North,2025-10-15
5751,Udant Chaudhuri,Male,43,New,Kochi,Kerala,South,2024-03-16
5752,Januja Golla,Male,29,Regular,Kochi,Kerala,South,2022-07-01
5753,Tanish Dutt,Male,59,New,Chandigarh,Chandigarh,North,2024-02-14
5754,Gautami Sabharwal,Male,24,Regular,Kochi,Kerala,South,2022-10-02
5755,Jonathan Kalita,Female,59,Premium,Lucknow,Uttar Pradesh,North,2024-12-07
5756,Chanchal Misra,Male,49,Regular,Surat,Gujarat,West,2023-01-21
5757,Abdul Ghose,Male,21,Regular,Lucknow,Uttar Pradesh,North,2024-08-01
5758,Pushti Hans,Female,25,Regular,Bhubaneswar,Odisha,East,2022-11-08
5759,Ishanvi Kota,Female,54,Regular,Patna,Bihar,East,2022-11-15
5760,Urvashi Kibe,Female,29,New,Bengaluru,Karnataka,South,2023-09-21
5761,Peter Sodhi,Male,31,Regular,Lucknow,Uttar Pradesh,North,2022-12-02
5762,Nidhi Chanda,Male,29,Premium,Chennai,Tamil Nadu,South,2025-09-09
5763,Leela Raval,Male,24,Premium,Indore,Madhya Pradesh,West,2023-03-18
5764,Dominic Loke,Female,35,New,Bhubaneswar,Odisha,East,2023-05-23
5765,Nakul Pingle,Male,45,Premium,Mumbai,Maharashtra,West,2023-12-23
5766,Omaja Saha,Female,47,Regular,Delhi,Delhi,North,2025-06-22
5767,Urvashi Pingle,Male,43,New,Chandigarh,Chandigarh,North,2023-01-14
5768,Kamala Dutta,Male,39,New,Kochi,Kerala,South,2022-08-19
5769,Anika Ramesh,Female,55,New,Delhi,Delhi,North,2022-12-24
5770,Viraj Nigam,Male,44,Premium,Chennai,Tamil Nadu,South,2023-09-16
5771,Joshua Nori,Female,35,Regular,Pune,Maharashtra,West,2022-07-30
5772,Bimala Jain,Male,25,Regular,Indore,Madhya Pradesh,West,2025-04-11
5773,Wakeeta Dora,Female,46,New,Pune,Maharashtra,West,2025-12-04
5774,Vaishnavi Bumb,Male,52,Regular,Pune,Maharashtra,West,2023-01-10
5775,Omya Hegde,Male,65,New,Coimbatore,Tamil Nadu,South,2022-04-27
5776,Ekiya Madan,Female,21,Regular,Ahmedabad,Gujarat,West,2025-04-06
5777,Nirja Narasimhan,Female,24,Regular,Hyderabad,Telangana,South,2022-08-07
5778,Yatin Bal,Male,26,New,Coimbatore,Tamil Nadu,South,2024-01-14
5779,Maya Yohannan,Female,29,Regular,Pune,Maharashtra,West,2023-08-08
5780,Warjas Brahmbhatt,Male,42,New,Chandigarh,Chandigarh,North,2022-04-09
5781,Udarsh Tella,Male,37,Regular,Hyderabad,Telangana,South,2023-08-12
5782,Yutika Hegde,Male,45,Regular,Mumbai,Maharashtra,West,2021-12-14
5783,Ayush Konda,Female,59,Regular,Surat,Gujarat,West,2025-01-04
5784,Urvi De,Female,28,New,Bhubaneswar,Odisha,East,2021-08-26
5785,Ojas Agrawal,Male,55,New,Patna,Bihar,East,2023-06-08
5786,Pallavi Subramaniam,Female,19,Premium,Ahmedabad,Gujarat,West,2026-04-02
5787,Logan Raju,Female,37,New,Mumbai,Maharashtra,West,2026-05-01
5788,Jacob Deep,Female,41,Regular,Lucknow,Uttar Pradesh,North,2025-03-13
5789,Mitali Hegde,Male,20,Premium,Mumbai,Maharashtra,West,2026-06-08
5790,Riya Ranganathan,Male,56,New,Delhi,Delhi,North,2024-06-30
5791,Maanas Gala,Male,22,New,Chandigarh,Chandigarh,North,2022-06-16
5792,Hemangini Ravi,Male,57,Regular,Patna,Bihar,East,2023-06-24
5793,Ikbal Sharma,Female,52,Premium,Jaipur,Rajasthan,North,2022-07-24
5794,Advay Kale,Male,29,Premium,Amritsar,Punjab,North,2022-03-25
5795,Yashasvi Buch,Male,33,Regular,Hyderabad,Telangana,South,2023-07-07
5796,Pratyush Sachdev,Male,28,Regular,Chennai,Tamil Nadu,South,2026-07-04
5797,Brinda Sharma,Male,20,New,Hyderabad,Telangana,South,2025-01-18
5798,Siya Bal,Female,40,Premium,Hyderabad,Telangana,South,2021-12-23
5799,Tejas Narasimhan,Male,39,Premium,Delhi,Delhi,North,2023-08-06
5800,Bachittar Cheema,Male,32,New,Patna,Bihar,East,2022-08-22
5801,Omkaar Palla,Female,62,New,Indore,Madhya Pradesh,West,2026-04-26
5802,Ishaan Rattan,Male,33,New,Coimbatore,Tamil Nadu,South,2025-06-18
5803,Anita Bandi,Female,33,New,Chennai,Tamil Nadu,South,2025-06-01
5804,Robert Kara,Female,26,Regular,Pune,Maharashtra,West,2025-05-06
5805,Tanveer Soni,Male,40,Regular,Amritsar,Punjab,North,2022-09-11
5806,Vasatika Jha,Male,35,New,Bengaluru,Karnataka,South,2026-02-15
5807,Harish Manda,Male,55,New,Kolkata,West Bengal,East,2026-04-28
5808,Gaurang Bhatia,Female,56,Premium,Lucknow,Uttar Pradesh,North,2021-10-06
5809,Wakeeta Kalita,Male,21,Regular,Ahmedabad,Gujarat,West,2026-04-24
5810,Gavin Chawla,Male,49,Regular,Chandigarh,Chandigarh,North,2021-09-21
5811,Fiyaz Bakshi,Male,48,New,Pune,Maharashtra,West,2023-07-16
5812,Neel Barad,Female,35,Premium,Ahmedabad,Gujarat,West,2021-10-09
5813,Omisha Dani,Male,42,Regular,Bengaluru,Karnataka,South,2022-04-16
5814,Elijah Baral,Female,59,New,Coimbatore,Tamil Nadu,South,2023-07-23
5815,Jairaj Iyer,Male,46,New,Amritsar,Punjab,North,2022-10-08
5816,Chasmum Lal,Male,55,New,Guwahati,Assam,East,2022-10-29
5817,Shaurya Nagar,Female,46,New,Chennai,Tamil Nadu,South,2025-12-23
5818,Darsh Sridhar,Male,48,Regular,Chandigarh,Chandigarh,North,2022-07-10
5819,Vedika Chaudhry,Female,26,Premium,Bhubaneswar,Odisha,East,2024-05-13
5820,Daniel Buch,Female,38,Regular,Ahmedabad,Gujarat,West,2022-07-25
5821,Hardik Chadha,Female,34,Regular,Coimbatore,Tamil Nadu,South,2023-02-26
5822,Samar Deshmukh,Male,62,Regular,Mumbai,Maharashtra,West,2025-06-28
5823,Dayamai Babu,Female,25,Regular,Amritsar,Punjab,North,2025-06-13
5824,Ucchal Agrawal,Male,18,Regular,Pune,Maharashtra,West,2026-07-09
5825,Bimala Chanda,Female,38,New,Coimbatore,Tamil Nadu,South,2022-05-06
5826,Chandani Nadig,Male,30,Regular,Hyderabad,Telangana,South,2022-02-17
5827,Falan Kala,Male,40,Regular,Bengaluru,Karnataka,South,2022-03-21
5828,Yashvi Pillay,Female,18,New,Hyderabad,Telangana,South,2026-05-21
5829,Priya Guha,Female,31,Regular,Kolkata,West Bengal,East,2023-12-28
5830,Fariq Barad,Male,37,Regular,Bengaluru,Karnataka,South,2024-07-24
5831,Charvi Choudhry,Female,49,Premium,Bengaluru,Karnataka,South,2026-02-16
5832,Jason Mangat,Female,47,Regular,Pune,Maharashtra,West,2024-10-28
5833,Jagat Pall,Female,26,Regular,Hyderabad,Telangana,South,2022-05-20
5834,Faqid Khanna,Male,63,Regular,Bengaluru,Karnataka,South,2022-12-15
5835,Tejas Narula,Male,55,Regular,Patna,Bihar,East,2021-12-12
5836,Qasim Rama,Female,52,Regular,Bengaluru,Karnataka,South,2021-10-16
5837,Hemangini Nazareth,Male,45,Premium,Surat,Gujarat,West,2021-11-13
5838,Parth Taneja,Male,31,Regular,Surat,Gujarat,West,2022-05-16
5839,Aarnav Dewan,Female,40,Regular,Chennai,Tamil Nadu,South,2025-03-27
5840,Vidhi Bhattacharyya,Male,28,Regular,Jaipur,Rajasthan,North,2024-09-13
5841,Anya Verma,Female,45,Regular,Ranchi,Jharkhand,East,2026-03-17
5842,Pooja Ramakrishnan,Female,58,New,Kolkata,West Bengal,East,2024-03-01
5843,Dalbir Balasubramanian,Male,65,New,Guwahati,Assam,East,2024-07-23
5844,Rachita Seth,Female,63,New,Hyderabad,Telangana,South,2023-05-20
5845,Sathvik Pau,Female,29,Premium,Pune,Maharashtra,West,2023-04-11
5846,Madhav Gour,Female,43,New,Amritsar,Punjab,North,2023-05-11
5847,Tamanna Dugal,Male,41,New,Pune,Maharashtra,West,2023-10-11
5848,Janaki Ravel,Female,65,Regular,Bhubaneswar,Odisha,East,2023-06-27
5849,Lavanya Anand,Female,28,New,Kolkata,West Bengal,East,2023-05-16
5850,Fitan Menon,Male,40,Regular,Chennai,Tamil Nadu,South,2023-12-02
5851,Indrajit Kapadia,Male,40,New,Delhi,Delhi,North,2025-10-31
5852,Yashodhara Sama,Female,46,Premium,Pune,Maharashtra,West,2021-07-24
5853,Banjeet Vala,Female,30,Premium,Coimbatore,Tamil Nadu,South,2025-11-04
5854,Abdul Aggarwal,Male,23,Premium,Bhubaneswar,Odisha,East,2023-10-06
5855,Nilima Bhargava,Male,35,Regular,Chennai,Tamil Nadu,South,2026-05-19
5856,Vedika Deshmukh,Male,56,Regular,Jaipur,Rajasthan,North,2024-11-24
5857,Urmi Reddy,Female,43,New,Delhi,Delhi,North,2024-03-20
5858,Jairaj Panchal,Male,26,New,Kochi,Kerala,South,2022-05-18
5859,Logan Karnik,Male,34,New,Surat,Gujarat,West,2025-11-20
5860,Pratyush Gill,Female,45,Regular,Kolkata,West Bengal,East,2022-04-01
5861,Agastya Wason,Male,48,Regular,Chennai,Tamil Nadu,South,2024-04-25
5862,Nachiket Vora,Male,63,Regular,Kolkata,West Bengal,East,2022-12-04
5863,Azad Agarwal,Male,21,New,Coimbatore,Tamil Nadu,South,2022-07-01
5864,Amrita Sethi,Male,33,Regular,Amritsar,Punjab,North,2022-11-25
5865,Vedant Pradhan,Male,26,Regular,Bhubaneswar,Odisha,East,2024-07-24
5866,Jack Koshy,Female,23,Regular,Hyderabad,Telangana,South,2025-12-26
5867,Dipta Hari,Male,42,Regular,Amritsar,Punjab,North,2023-04-10
5868,Madhav Gala,Female,19,New,Delhi,Delhi,North,2023-02-17
5869,Abhimanyu Sarkar,Female,60,Regular,Kochi,Kerala,South,2025-05-14
5870,Vrishti Baria,Female,35,Regular,Jaipur,Rajasthan,North,2022-12-25
5871,Wridesh Balakrishnan,Female,21,New,Mumbai,Maharashtra,West,2024-07-12
5872,Elijah Bajwa,Male,43,New,Surat,Gujarat,West,2022-03-05
5873,Bhavna Narayan,Female,18,Regular,Bhubaneswar,Odisha,East,2026-01-05
5874,Gaurangi Date,Female,32,Regular,Amritsar,Punjab,North,2022-10-01
5875,Adweta Mani,Male,35,Regular,Pune,Maharashtra,West,2025-06-21
5876,Suhani Mani,Female,45,New,Mumbai,Maharashtra,West,2023-11-19
5877,Balhaar Gill,Male,31,Premium,Chennai,Tamil Nadu,South,2025-03-14
5878,Arin Rajan,Male,18,Regular,Kochi,Kerala,South,2021-12-17
5879,Widisha Bakshi,Male,45,Regular,Patna,Bihar,East,2022-08-24
5880,Ucchal D’Alia,Male,63,Regular,Bhubaneswar,Odisha,East,2024-11-26
5881,Tristan Saxena,Female,35,New,Lucknow,Uttar Pradesh,North,2024-11-15
5882,Neha Atwal,Male,47,Regular,Kolkata,West Bengal,East,2022-10-15
5883,Ekantika Padmanabhan,Female,60,Regular,Kochi,Kerala,South,2023-02-17
5884,Damini Bail,Female,48,Premium,Indore,Madhya Pradesh,West,2026-02-10
5885,Rachit Acharya,Female,62,Regular,Mumbai,Maharashtra,West,2024-04-05
5886,Chandran Misra,Female,29,Regular,Hyderabad,Telangana,South,2025-09-15
5887,Zinal Sanghvi,Female,22,Regular,Jaipur,Rajasthan,North,2023-05-02
5888,Chanakya Rama,Female,24,Premium,Ahmedabad,Gujarat,West,2021-08-10
5889,Wridesh Kaur,Male,49,Regular,Mumbai,Maharashtra,West,2023-03-12
5890,Kamya Sawhney,Female,62,Regular,Chennai,Tamil Nadu,South,2023-10-19
5891,Mohini Nadkarni,Male,36,Regular,Bengaluru,Karnataka,South,2026-01-02
5892,Girik Kapoor,Female,35,Regular,Kochi,Kerala,South,2022-04-03
5893,Chandani Bhardwaj,Female,28,Regular,Kolkata,West Bengal,East,2023-08-18
5894,Anmol Vala,Female,45,New,Hyderabad,Telangana,South,2022-03-27
5895,Mohini Dyal,Female,54,Regular,Bhubaneswar,Odisha,East,2022-12-09
5896,Chakrika Luthra,Male,28,New,Ranchi,Jharkhand,East,2024-09-26
5897,Pranit Naidu,Female,65,Premium,Patna,Bihar,East,2023-01-16
5898,Baghyawati Gour,Male,44,New,Kochi,Kerala,South,2025-07-20
5899,Zashil Ghosh,Female,29,Premium,Jaipur,Rajasthan,North,2022-09-27
5900,Azad Mahal,Female,64,Regular,Coimbatore,Tamil Nadu,South,2022-08-07
5901,Darika Choudhry,Male,18,Regular,Kolkata,West Bengal,East,2021-12-08
5902,Yatin Rao,Female,58,Regular,Bhubaneswar,Odisha,East,2025-02-19
5903,Hamsini Murty,Female,29,New,Ranchi,Jharkhand,East,2024-07-15
5904,Leena Ghosh,Female,33,Regular,Lucknow,Uttar Pradesh,North,2023-10-30
5905,Alexander Gaba,Male,20,New,Guwahati,Assam,East,2025-09-15
5906,Sneha Bhat,Male,34,Regular,Kochi,Kerala,South,2022-12-04
5907,Timothy Dhawan,Female,49,Regular,Mumbai,Maharashtra,West,2022-09-24
5908,Bishakha Parmer,Female,32,Regular,Mumbai,Maharashtra,West,2024-08-21
5909,Fitan Nagy,Female,35,New,Indore,Madhya Pradesh,West,2022-06-11
5910,Lila Kara,Male,43,New,Kochi,Kerala,South,2024-09-26
5911,Logan Saran,Female,59,Regular,Mumbai,Maharashtra,West,2021-10-07
5912,Saanvi Dugar,Female,44,Premium,Ranchi,Jharkhand,East,2023-07-01
5913,Naksh Dewan,Female,32,Regular,Pune,Maharashtra,West,2022-01-12
5914,Chasmum Chahal,Male,41,Regular,Indore,Madhya Pradesh,West,2025-09-06
5915,Jagdish Parmer,Female,51,Regular,Kolkata,West Bengal,East,2023-07-29
5916,Nidra Raja,Male,46,New,Delhi,Delhi,North,2024-12-16
5917,Abdul Randhawa,Male,18,Premium,Pune,Maharashtra,West,2024-07-22
5918,Isha Bali,Male,62,Regular,Patna,Bihar,East,2022-08-23
5919,Vihaan Dugar,Female,19,New,Indore,Madhya Pradesh,West,2026-05-24
5920,Ishita Amble,Female,44,Regular,Bhubaneswar,Odisha,East,2024-01-14
5921,Omya Chandran,Female,20,New,Mumbai,Maharashtra,West,2022-06-17
5922,Hitesh Khatri,Female,35,Premium,Chennai,Tamil Nadu,South,2024-11-22
5923,Kashvi Kara,Male,31,New,Indore,Madhya Pradesh,West,2024-10-01
5924,Frado Bhatia,Female,59,Regular,Lucknow,Uttar Pradesh,North,2023-12-26
5925,Qarin Om,Male,43,New,Pune,Maharashtra,West,2021-07-18
5926,Madhav Gour,Male,29,Regular,Mumbai,Maharashtra,West,2023-09-09
5927,Avni Tailor,Female,48,Regular,Kochi,Kerala,South,2025-09-29
5928,Irya More,Male,50,Regular,Kolkata,West Bengal,East,2021-11-08
5929,Luke Karan,Female,39,Regular,Indore,Madhya Pradesh,West,2021-07-19
5930,Teerth Deshpande,Female,61,Premium,Coimbatore,Tamil Nadu,South,2021-07-15
5931,Lekha Sidhu,Female,31,New,Lucknow,Uttar Pradesh,North,2025-04-02
5932,Bhavani Narula,Female,61,New,Pune,Maharashtra,West,2023-11-12
5933,Bhavna Konda,Female,43,New,Coimbatore,Tamil Nadu,South,2023-06-03
5934,Chakrika Pandit,Female,19,Premium,Jaipur,Rajasthan,North,2023-10-04
5935,Faris Seth,Male,26,Regular,Guwahati,Assam,East,2022-07-07
5936,Osha Sangha,Male,34,Regular,Lucknow,Uttar Pradesh,North,2026-05-29
5937,Peter Sinha,Female,61,Regular,Mumbai,Maharashtra,West,2023-03-28
5938,Ekalinga Dass,Female,43,New,Mumbai,Maharashtra,West,2024-10-11
5939,Gabriel Nagi,Male,22,New,Chennai,Tamil Nadu,South,2021-09-01
5940,Niharika Borah,Male,48,New,Pune,Maharashtra,West,2023-12-03
5941,Nachiket Deo,Male,50,Regular,Coimbatore,Tamil Nadu,South,2025-07-10
5942,Mahika Sridhar,Male,49,New,Amritsar,Punjab,North,2022-10-07
5943,Arjun Raju,Male,44,New,Amritsar,Punjab,North,2024-08-31
5944,Prisha Jayaraman,Male,47,Premium,Bhubaneswar,Odisha,East,2024-09-06
5945,Matthew Issac,Male,52,Premium,Lucknow,Uttar Pradesh,North,2023-03-19
5946,Ishani Dugal,Female,28,New,Ahmedabad,Gujarat,West,2024-12-15
5947,Kritika Varughese,Female,28,New,Indore,Madhya Pradesh,West,2021-11-22
5948,Oeshi Kannan,Male,23,New,Chandigarh,Chandigarh,North,2025-02-20
5949,Fiyaz Mangal,Female,61,Regular,Hyderabad,Telangana,South,2026-02-04
5950,Reyansh Bains,Female,40,Regular,Delhi,Delhi,North,2025-10-07
5951,Sudiksha Nayar,Male,42,New,Surat,Gujarat,West,2021-09-26
5952,Manthan Kohli,Female,52,New,Bengaluru,Karnataka,South,2025-05-27
5953,Sarthak Dhar,Male,41,Regular,Pune,Maharashtra,West,2025-01-19
5954,Yadavi Rai,Male,35,Regular,Guwahati,Assam,East,2022-11-01
5955,Jonathan Srinivas,Female,60,New,Coimbatore,Tamil Nadu,South,2023-06-09
5956,Harshil Swaminathan,Male,62,Regular,Bengaluru,Karnataka,South,2025-04-24
5957,Watika Sachar,Male,44,New,Lucknow,Uttar Pradesh,North,2024-10-31
5958,Harita Kade,Male,42,Regular,Indore,Madhya Pradesh,West,2023-04-01
5959,Benjamin Chandra,Male,61,Regular,Ahmedabad,Gujarat,West,2026-02-18
5960,Azaan Rama,Male,24,Regular,Jaipur,Rajasthan,North,2022-01-10
5961,Priya Ramaswamy,Male,59,Regular,Ahmedabad,Gujarat,West,2025-07-22
5962,Sai Kannan,Male,30,Premium,Jaipur,Rajasthan,North,2023-01-01
5963,Devansh Dhawan,Male,48,Regular,Mumbai,Maharashtra,West,2025-11-23
5964,Diya Pai,Male,44,Regular,Amritsar,Punjab,North,2023-12-23
5965,Vrinda Pau,Female,21,Regular,Kolkata,West Bengal,East,2022-08-22
5966,Libni Singh,Male,51,Premium,Bengaluru,Karnataka,South,2024-11-24
5967,Ridhi Vaidya,Male,43,Premium,Lucknow,Uttar Pradesh,North,2026-06-04
5968,Nathaniel Gala,Male,56,New,Coimbatore,Tamil Nadu,South,2023-01-02
5969,Jhalak Dara,Male,59,Premium,Indore,Madhya Pradesh,West,2022-12-06
5970,Lakshit Murty,Female,19,Regular,Patna,Bihar,East,2021-08-23
5971,Kai Sahota,Male,51,Regular,Lucknow,Uttar Pradesh,North,2021-07-25
5972,Imaran Dhar,Male,59,New,Guwahati,Assam,East,2023-03-04
5973,Oviya Date,Male,22,Regular,Ahmedabad,Gujarat,West,2025-08-18
5974,Waida Gola,Male,45,Premium,Indore,Madhya Pradesh,West,2025-04-16
5975,Ekaja Bains,Female,25,New,Amritsar,Punjab,North,2024-07-10
5976,Aarini Luthra,Female,43,Premium,Kochi,Kerala,South,2024-08-09
5977,Karan Choudhary,Male,51,New,Bengaluru,Karnataka,South,2025-11-14
5978,Aayush Grewal,Male,57,New,Bengaluru,Karnataka,South,2023-01-16
5979,Brinda Tak,Male,58,Regular,Lucknow,Uttar Pradesh,North,2022-04-10
5980,Bhavini Pai,Male,61,Regular,Kochi,Kerala,South,2023-11-05
5981,Laksh Prakash,Female,31,Regular,Patna,Bihar,East,2026-05-26
5982,Charles Shanker,Female,58,New,Guwahati,Assam,East,2022-02-12
5983,Krish Chander,Female,51,Premium,Hyderabad,Telangana,South,2021-08-28
5984,Xavier Hans,Male,29,New,Mumbai,Maharashtra,West,2022-12-31
5985,Daksh Madan,Male,37,New,Jaipur,Rajasthan,North,2023-10-05
5986,Vinaya Ratta,Male,44,New,Hyderabad,Telangana,South,2023-02-13
5987,Advik Rana,Male,27,Regular,Amritsar,Punjab,North,2025-05-14
5988,Logan Venkatesh,Female,33,Premium,Kochi,Kerala,South,2022-07-10
5989,Isaiah Bhavsar,Female,54,Regular,Chandigarh,Chandigarh,North,2023-09-01
5990,Avi Bawa,Male,33,Regular,Surat,Gujarat,West,2026-06-24
5991,Yahvi Loyal,Male,26,New,Surat,Gujarat,West,2025-12-29
5992,Samar Jayaraman,Female,38,Regular,Bhubaneswar,Odisha,East,2022-03-03
5993,Pallavi Seth,Male,40,Regular,Hyderabad,Telangana,South,2026-07-02
5994,Arin Upadhyay,Female,34,Regular,Bhubaneswar,Odisha,East,2024-11-30
5995,Wishi Chada,Female,41,New,Amritsar,Punjab,North,2022-05-14
5996,Abhiram Nayak,Male,43,Regular,Kolkata,West Bengal,East,2025-01-08
5997,Bhavika Saran,Male,25,Regular,Guwahati,Assam,East,2024-09-26
5998,Arjun Prabhakar,Female,49,Regular,Guwahati,Assam,East,2025-12-02
5999,Charles Comar,Female,35,Regular,Coimbatore,Tamil Nadu,South,2026-02-14
6000,Advika Pingle,Male,30,New,Surat,Gujarat,West,2025-11-15
6001,Tanveer Prasad,Female,20,Regular,Chennai,Tamil Nadu,South,2025-05-10
6002,Faras Chokshi,Female,56,New,Surat,Gujarat,West,2021-10-14
6003,Mahika Choudhary,Male,26,Premium,Ahmedabad,Gujarat,West,2026-01-12
6004,Chanakya Kalita,Female,54,Regular,Guwahati,Assam,East,2023-11-30
6005,Bhavika Kumer,Male,65,New,Pune,Maharashtra,West,2026-04-18
6006,Baghyawati Bhat,Male,56,Premium,Jaipur,Rajasthan,North,2024-09-22
6007,Ijaya Ravi,Male,44,Regular,Pune,Maharashtra,West,2022-11-23
6008,Faqid Kala,Female,44,New,Bengaluru,Karnataka,South,2023-06-18
6009,Harshil Maharaj,Female,54,Regular,Mumbai,Maharashtra,West,2025-09-15
6010,Vansha Mukherjee,Male,40,New,Pune,Maharashtra,West,2024-02-10
6011,Yashasvi Bedi,Male,55,Regular,Indore,Madhya Pradesh,West,2023-10-29
6012,Harshil Rau,Female,53,Regular,Chennai,Tamil Nadu,South,2022-07-10
6013,Lakshmi Manda,Female,63,Premium,Surat,Gujarat,West,2024-02-13
6014,Shravya Lala,Male,41,Regular,Surat,Gujarat,West,2023-10-10
6015,Mohammed Shere,Female,25,Regular,Mumbai,Maharashtra,West,2021-09-18
6016,Nidhi Vyas,Male,21,Regular,Hyderabad,Telangana,South,2025-06-27
6017,Veda Chauhan,Male,24,New,Guwahati,Assam,East,2025-01-02
6018,Jasmit Varty,Male,56,Regular,Bhubaneswar,Odisha,East,2023-09-19
6019,Zansi Sami,Male,43,Regular,Chandigarh,Chandigarh,North,2026-03-06
6020,Lekha Sarna,Male,22,New,Delhi,Delhi,North,2022-02-06
6021,Rushil Dutta,Male,59,Regular,Patna,Bihar,East,2023-04-26
6022,Benjamin Nagi,Male,57,Premium,Surat,Gujarat,West,2023-08-10
6023,Sarthak Prasad,Male,20,Premium,Jaipur,Rajasthan,North,2025-11-11
6024,Ekalinga Pall,Male,31,New,Guwahati,Assam,East,2022-06-26
6025,Mason Pingle,Male,31,New,Kolkata,West Bengal,East,2023-08-24
6026,Yug Upadhyay,Male,58,New,Ahmedabad,Gujarat,West,2022-10-09
6027,Lipika Ratta,Male,55,Premium,Pune,Maharashtra,West,2022-05-08
6028,Upadhriti Subramaniam,Female,37,New,Ahmedabad,Gujarat,West,2024-10-31
6029,Ekalinga Narayanan,Female,18,Regular,Chennai,Tamil Nadu,South,2023-03-19
6030,Pavani Sangha,Male,21,New,Guwahati,Assam,East,2024-03-26
6031,Aayush Jain,Female,32,Regular,Chennai,Tamil Nadu,South,2024-04-11
6032,Samarth Dugar,Female,45,Regular,Amritsar,Punjab,North,2021-07-26
6033,Praneel Srinivas,Male,57,Regular,Indore,Madhya Pradesh,West,2026-01-16
6034,Tristan Kumer,Female,26,New,Guwahati,Assam,East,2025-04-22
6035,Darsh Gala,Female,52,Regular,Jaipur,Rajasthan,North,2023-02-13
6036,Charita Sandhu,Male,48,New,Bengaluru,Karnataka,South,2023-02-19
6037,Aayush Sibal,Male,46,Regular,Bhubaneswar,Odisha,East,2022-01-25
6038,Urmi Dass,Male,51,Premium,Surat,Gujarat,West,2025-08-17
6039,Tanmayi Kapur,Female,48,New,Indore,Madhya Pradesh,West,2025-12-19
6040,Veda Soman,Male,37,Premium,Hyderabad,Telangana,South,2024-04-25
6041,Jai Thaker,Female,34,Regular,Hyderabad,Telangana,South,2023-11-19
6042,Kabir Srivastava,Female,32,New,Chandigarh,Chandigarh,North,2022-12-31
6043,Rushil Agarwal,Female,60,Regular,Chandigarh,Chandigarh,North,2024-10-19
6044,Abhiram Savant,Male,18,New,Ranchi,Jharkhand,East,2025-06-09
6045,Elijah Bava,Female,49,Regular,Lucknow,Uttar Pradesh,North,2026-01-27
6046,Lohit Hari,Male,49,Regular,Chennai,Tamil Nadu,South,2025-09-03
6047,Vrinda Kalita,Male,44,New,Kolkata,West Bengal,East,2023-01-05
6048,Ikshita Sule,Male,20,Regular,Amritsar,Punjab,North,2025-12-24
6049,Upasna Chandra,Male,55,Regular,Hyderabad,Telangana,South,2025-10-12
6050,Jai Soman,Female,30,Premium,Coimbatore,Tamil Nadu,South,2025-04-28
6051,Radha Palla,Male,30,Regular,Kochi,Kerala,South,2022-01-28
6052,Tamanna Ray,Female,37,Premium,Bhubaneswar,Odisha,East,2025-05-25
6053,Wahab Hayer,Female,53,Regular,Ranchi,Jharkhand,East,2023-01-06
6054,Amol Badal,Female,45,Regular,Jaipur,Rajasthan,North,2022-12-22
6055,Max Edwin,Female,26,Regular,Lucknow,Uttar Pradesh,North,2024-08-11
6056,Lakshit Raghavan,Male,18,Regular,Hyderabad,Telangana,South,2026-03-21
6057,Rohan Shanker,Female,22,Regular,Surat,Gujarat,West,2024-12-12
6058,Joshua Chakrabarti,Male,62,Regular,Lucknow,Uttar Pradesh,North,2024-08-28
6059,Yagnesh Arya,Female,62,Regular,Kolkata,West Bengal,East,2024-06-07
6060,Bhavani Sridhar,Female,23,Regular,Chennai,Tamil Nadu,South,2023-10-30
6061,Chandresh Comar,Female,30,Regular,Patna,Bihar,East,2024-11-23
6062,Fitan Narasimhan,Male,53,New,Kolkata,West Bengal,East,2023-03-18
6063,Caleb Biswas,Male,40,Regular,Guwahati,Assam,East,2021-09-20
6064,Oni Andra,Male,64,Regular,Guwahati,Assam,East,2023-07-10
6065,Krish Rattan,Female,34,New,Jaipur,Rajasthan,North,2021-09-09
6066,Advika Sidhu,Female,60,Regular,Guwahati,Assam,East,2023-04-12
6067,Samar Kannan,Male,43,Regular,Bhubaneswar,Odisha,East,2026-02-01
6068,Ishita Swamy,Female,18,New,Lucknow,Uttar Pradesh,North,2023-02-17
6069,Hritik Mander,Male,55,New,Jaipur,Rajasthan,North,2026-01-04
6070,Gavin Krishnan,Female,38,New,Bengaluru,Karnataka,South,2024-05-22
6071,Lila Mander,Female,19,Premium,Kolkata,West Bengal,East,2023-06-17
6072,Nachiket Bajaj,Male,29,New,Coimbatore,Tamil Nadu,South,2024-12-06
6073,Warda Dewan,Male,61,New,Amritsar,Punjab,North,2025-12-02
6074,Pallavi Patla,Female,43,Regular,Coimbatore,Tamil Nadu,South,2025-08-16
6075,Dayita Ramaswamy,Male,50,New,Bengaluru,Karnataka,South,2022-04-08
6076,Ojas Tara,Female,61,New,Guwahati,Assam,East,2024-03-25
6077,Aarnav Baral,Female,52,New,Kolkata,West Bengal,East,2024-11-19
6078,Ansh Raman,Female,38,Regular,Chandigarh,Chandigarh,North,2025-08-04
6079,Daksha Purohit,Female,23,Regular,Coimbatore,Tamil Nadu,South,2024-11-09
6080,Gabriel Bajwa,Female,63,Regular,Ahmedabad,Gujarat,West,2025-06-27
6081,Ati Joshi,Male,39,Regular,Chennai,Tamil Nadu,South,2024-05-02
6082,Ishwar Rattan,Male,21,Premium,Pune,Maharashtra,West,2025-08-28
6083,Dakshesh Hora,Female,37,Regular,Coimbatore,Tamil Nadu,South,2026-04-23
6084,Osha Kalla,Male,45,New,Kolkata,West Bengal,East,2026-06-24
6085,Agastya Chakraborty,Female,20,New,Mumbai,Maharashtra,West,2023-06-11
6086,Baljiwan Ben,Male,56,Regular,Bengaluru,Karnataka,South,2026-01-27
6087,Dominic Sawhney,Female,32,Regular,Amritsar,Punjab,North,2024-03-02
6088,Dayita Wali,Male,61,New,Delhi,Delhi,North,2024-02-21
6089,Vihaan Nayak,Female,24,Regular,Kochi,Kerala,South,2026-05-17
6090,Dhruv Nayak,Female,53,New,Jaipur,Rajasthan,North,2025-01-12
6091,Chandresh Karpe,Male,39,Regular,Guwahati,Assam,East,2024-04-03
6092,Thomas Sawhney,Male,29,Regular,Kochi,Kerala,South,2021-10-13
6093,Xavier Sahni,Female,20,New,Delhi,Delhi,North,2023-08-16
6094,Yauvani Butala,Male,27,Regular,Ranchi,Jharkhand,East,2023-07-04
6095,Pushti Venkatesh,Male,56,New,Jaipur,Rajasthan,North,2022-03-28
6096,Tara Kunda,Female,48,Regular,Mumbai,Maharashtra,West,2021-11-14
6097,Idika Kannan,Female,36,New,Patna,Bihar,East,2025-05-20
6098,Balhaar Palla,Male,58,Premium,Mumbai,Maharashtra,West,2021-11-26
6099,Yash Anand,Female,22,New,Bengaluru,Karnataka,South,2024-12-09
6100,Widisha Jain,Male,57,Premium,Ranchi,Jharkhand,East,2025-11-05
6101,Liam Chandra,Female,44,Regular,Bhubaneswar,Odisha,East,2024-07-23
6102,Darika Dey,Female,26,Regular,Surat,Gujarat,West,2024-04-28
6103,Urvi Reddy,Male,38,New,Pune,Maharashtra,West,2024-11-15
6104,Ayush Chawla,Female,32,Premium,Mumbai,Maharashtra,West,2025-03-16
6105,Prisha Srinivas,Female,22,New,Chandigarh,Chandigarh,North,2023-07-25
6106,Yashodhara Tandon,Male,41,New,Kolkata,West Bengal,East,2024-12-26
6107,Tarak Rege,Female,18,Regular,Indore,Madhya Pradesh,West,2023-12-06
6108,Ishita Bakshi,Female,21,New,Kochi,Kerala,South,2026-03-04
6109,Neel Sharaf,Female,33,New,Kolkata,West Bengal,East,2021-12-22
6110,Nathan Gour,Female,33,Premium,Lucknow,Uttar Pradesh,North,2026-02-27
6111,Sachi Varma,Female,20,Premium,Mumbai,Maharashtra,West,2023-08-30
6112,Robert Sem,Male,59,Regular,Coimbatore,Tamil Nadu,South,2025-09-09
6113,Megha Nair,Male,57,Premium,Ahmedabad,Gujarat,West,2024-10-02
6114,Ubika Manne,Male,55,Regular,Delhi,Delhi,North,2022-05-19
6115,Eesha Wason,Male,28,New,Amritsar,Punjab,North,2024-06-10
6116,Harita Sood,Male,27,Regular,Chandigarh,Chandigarh,North,2022-01-24
6117,Radha Naidu,Male,56,Regular,Bhubaneswar,Odisha,East,2023-12-09
6118,Lajita Minhas,Male,62,Premium,Patna,Bihar,East,2026-05-30
6119,Kala Wali,Female,54,New,Kochi,Kerala,South,2021-08-29
6120,Elijah Mannan,Female,32,Regular,Indore,Madhya Pradesh,West,2021-08-29
6121,Ikbal Ram,Male,43,New,Amritsar,Punjab,North,2022-02-28
6122,Ekaraj Dewan,Female,20,New,Delhi,Delhi,North,2023-03-09
6123,Meghana Panchal,Female,49,New,Kochi,Kerala,South,2024-06-27
6124,Faris Comar,Female,35,Premium,Patna,Bihar,East,2025-07-18
6125,Priya Baral,Female,36,Regular,Bengaluru,Karnataka,South,2025-09-29
6126,Caleb Agrawal,Female,32,Regular,Patna,Bihar,East,2021-10-25
6127,Adweta Madan,Male,58,Regular,Delhi,Delhi,North,2025-02-16
6128,Sanya Swamy,Female,40,New,Amritsar,Punjab,North,2024-07-04
6129,Chandran Kaul,Male,36,New,Guwahati,Assam,East,2023-04-14
6130,Rohan Badami,Female,43,New,Patna,Bihar,East,2024-09-30
6131,Harini Arya,Female,27,Regular,Chennai,Tamil Nadu,South,2022-02-25
6132,Balendra Tak,Female,21,Regular,Lucknow,Uttar Pradesh,North,2021-11-08
6133,Neelima Padmanabhan,Female,18,Regular,Ranchi,Jharkhand,East,2022-11-29
6134,Neel Karan,Male,44,New,Kochi,Kerala,South,2022-04-13
6135,Shivansh Dani,Female,19,New,Hyderabad,Telangana,South,2025-10-16
6136,Leena Ganguly,Female,46,New,Mumbai,Maharashtra,West,2024-09-15
6137,Wishi Hayre,Female,19,Regular,Kochi,Kerala,South,2025-12-20
6138,Advika Gera,Female,22,Premium,Chennai,Tamil Nadu,South,2021-08-20
6139,Liam Lad,Female,19,Regular,Guwahati,Assam,East,2026-01-22
6140,Januja Khare,Male,61,Regular,Jaipur,Rajasthan,North,2025-01-17
6141,Aryan Narain,Female,32,Regular,Delhi,Delhi,North,2023-11-19
6142,Aradhana Mody,Female,24,Regular,Lucknow,Uttar Pradesh,North,2024-01-05
6143,Nikita Tandon,Male,40,New,Ranchi,Jharkhand,East,2023-06-29
6144,Waida Joshi,Male,41,Premium,Indore,Madhya Pradesh,West,2022-10-25
6145,Zehaan Pradhan,Female,37,Regular,Chennai,Tamil Nadu,South,2023-05-07
6146,Dominic Mand,Male,55,New,Chandigarh,Chandigarh,North,2022-08-18
6147,Omya Pandya,Female,54,Regular,Patna,Bihar,East,2023-06-10
6148,Amrita Toor,Female,34,Regular,Kolkata,West Bengal,East,2026-03-05
6149,Veer Pandit,Male,61,Regular,Bhubaneswar,Odisha,East,2022-07-12
6150,Nathaniel Saha,Male,38,Premium,Ranchi,Jharkhand,East,2024-10-23
6151,Radha Ramanathan,Male,59,Regular,Mumbai,Maharashtra,West,2025-09-12
6152,Wridesh Dube,Female,63,Regular,Surat,Gujarat,West,2025-09-08
6153,Urvashi Patla,Male,45,New,Indore,Madhya Pradesh,West,2021-09-06
6154,Yashoda Mannan,Male,53,New,Ranchi,Jharkhand,East,2024-02-28
6155,Tejas Krishnamurthy,Female,63,New,Chennai,Tamil Nadu,South,2022-10-03
6156,Geetika Wason,Female,43,New,Ahmedabad,Gujarat,West,2023-01-15
6157,Dalaja Nagar,Female,21,Regular,Jaipur,Rajasthan,North,2021-09-10
6158,Azad Gill,Female,48,Regular,Chennai,Tamil Nadu,South,2025-07-15
6159,Ubika Gandhi,Female,33,New,Amritsar,Punjab,North,2024-03-12
6160,Charan Shankar,Male,28,Regular,Delhi,Delhi,North,2025-03-14
6161,Rohan Bath,Female,45,New,Amritsar,Punjab,North,2022-07-10
6162,Utkarsh Suri,Male,30,New,Pune,Maharashtra,West,2025-01-08
6163,Anamika Pai,Female,31,New,Coimbatore,Tamil Nadu,South,2026-01-27
6164,Wyatt Balakrishnan,Female,36,Regular,Chennai,Tamil Nadu,South,2024-11-14
6165,Gautami Panchal,Male,53,New,Kolkata,West Bengal,East,2021-11-07
6166,Kevin Agrawal,Male,28,Regular,Hyderabad,Telangana,South,2022-01-31
6167,Arin Goyal,Female,57,Regular,Surat,Gujarat,West,2023-01-13
6168,Devika Kadakia,Male,46,Premium,Hyderabad,Telangana,South,2026-05-02
6169,Liam Shetty,Male,32,New,Pune,Maharashtra,West,2023-04-03
6170,Udarsh Swamy,Male,26,New,Bhubaneswar,Odisha,East,2024-07-09
6171,Raghav Brar,Male,54,New,Chennai,Tamil Nadu,South,2024-08-21
6172,Isaac Dhar,Male,22,Regular,Jaipur,Rajasthan,North,2025-07-11
6173,Ayush Maharaj,Male,32,New,Indore,Madhya Pradesh,West,2022-09-24
6174,Nandini Parmar,Female,36,Regular,Coimbatore,Tamil Nadu,South,2026-07-04
6175,Aishani Dixit,Female,49,Regular,Chennai,Tamil Nadu,South,2022-06-17
6176,Qadim Padmanabhan,Male,56,Regular,Amritsar,Punjab,North,2024-04-17
6177,Januja Tandon,Female,38,Regular,Lucknow,Uttar Pradesh,North,2022-02-02
6178,Inaya Pall,Female,62,New,Jaipur,Rajasthan,North,2022-08-27
6179,Aashi Sankar,Female,21,New,Bhubaneswar,Odisha,East,2022-12-31
6180,Vincent Naik,Female,54,New,Ahmedabad,Gujarat,West,2026-06-03
6181,Daksha Padmanabhan,Male,25,Regular,Chandigarh,Chandigarh,North,2022-01-02
6182,Thomas Setty,Female,36,New,Delhi,Delhi,North,2025-09-06
6183,Krishna Som,Male,29,New,Chennai,Tamil Nadu,South,2025-01-11
6184,Ojasvi Shah,Male,49,Premium,Pune,Maharashtra,West,2022-06-20
6185,Zashil Rajan,Female,31,New,Surat,Gujarat,West,2022-07-15
6186,Gabriel Nadkarni,Female,64,Regular,Bengaluru,Karnataka,South,2022-01-05
6187,Pallavi Ganesan,Female,37,Regular,Lucknow,Uttar Pradesh,North,2025-09-09
6188,Harrison Ghose,Female,18,New,Mumbai,Maharashtra,West,2025-05-05
6189,Yoshita Kurian,Female,21,New,Coimbatore,Tamil Nadu,South,2025-04-21
6190,Manya Dutta,Male,39,New,Kochi,Kerala,South,2024-03-01
6191,Panini Kaur,Female,26,Regular,Bhubaneswar,Odisha,East,2021-08-09
6192,Wridesh Bahri,Male,58,Regular,Kolkata,West Bengal,East,2021-12-15
6193,Gayathri Borah,Male,26,Regular,Ahmedabad,Gujarat,West,2025-06-27
6194,Daniel Mukhopadhyay,Male,61,Premium,Ahmedabad,Gujarat,West,2023-09-19
6195,Luke Dass,Female,50,Regular,Surat,Gujarat,West,2023-03-20
6196,Ridhi Kari,Female,44,New,Kochi,Kerala,South,2026-02-09
6197,Oscar Kale,Male,45,New,Hyderabad,Telangana,South,2024-12-02
6198,Balvan Morar,Male,33,Regular,Bengaluru,Karnataka,South,2022-12-09
6199,Bishakha Doshi,Female,58,New,Pune,Maharashtra,West,2024-01-18
6200,Xavier Rattan,Female,64,New,Ahmedabad,Gujarat,West,2021-10-27
6201,Maanav Gill,Female,35,Regular,Jaipur,Rajasthan,North,2023-01-10
6202,Hredhaan Koshy,Female,59,Regular,Guwahati,Assam,East,2025-06-18
6203,Janaki Prabhakar,Male,55,Premium,Bengaluru,Karnataka,South,2022-10-24
6204,Qasim Bhatt,Female,56,Regular,Indore,Madhya Pradesh,West,2023-09-29
6205,Brinda Bajwa,Female,20,New,Jaipur,Rajasthan,North,2022-02-01
6206,Rishi Chada,Male,36,Premium,Patna,Bihar,East,2025-04-12
6207,Chandani Kothari,Female,45,New,Chennai,Tamil Nadu,South,2024-02-22
6208,Umang Chad,Male,26,New,Bhubaneswar,Odisha,East,2023-09-19
6209,Veda Sule,Female,42,Regular,Coimbatore,Tamil Nadu,South,2025-12-20
6210,Ekani Babu,Male,28,New,Chandigarh,Chandigarh,North,2022-02-16
6211,Unni Date,Female,57,Regular,Delhi,Delhi,North,2023-07-30
6212,Devansh Seth,Female,32,New,Guwahati,Assam,East,2023-06-27
6213,Yashodhara Choudhury,Male,62,Regular,Kolkata,West Bengal,East,2022-08-09
6214,Fiyaz Bera,Female,45,Regular,Chandigarh,Chandigarh,North,2025-09-30
6215,Veer Dugal,Male,55,Regular,Chennai,Tamil Nadu,South,2025-03-11
6216,Mekhala Borra,Female,29,Regular,Ranchi,Jharkhand,East,2022-04-27
6217,Tejas Sharma,Female,63,New,Hyderabad,Telangana,South,2025-06-21
6218,Ishaan Bala,Female,22,Regular,Indore,Madhya Pradesh,West,2023-09-18
6219,Vinaya Agarwal,Male,46,Regular,Chennai,Tamil Nadu,South,2023-05-01
6220,Hiral Buch,Female,60,New,Mumbai,Maharashtra,West,2023-09-30
6221,Daksh Kumar,Female,51,Regular,Kolkata,West Bengal,East,2023-05-27
6222,Advaith Goel,Male,64,Regular,Lucknow,Uttar Pradesh,North,2022-11-27
6223,Yagnesh Talwar,Female,43,New,Hyderabad,Telangana,South,2021-07-25
6224,Tanay Mukherjee,Female,43,Regular,Ranchi,Jharkhand,East,2024-04-23
6225,Onkar Mutti,Female,61,New,Jaipur,Rajasthan,North,2024-09-22
6226,Mekhala Batta,Female,54,Regular,Indore,Madhya Pradesh,West,2024-01-19
6227,Anita Anand,Male,18,New,Pune,Maharashtra,West,2022-09-22
6228,Anjali Reddy,Male,43,Premium,Pune,Maharashtra,West,2024-07-23
6229,Ijaya Mishra,Male,54,Regular,Delhi,Delhi,North,2024-12-17
6230,Wriddhish Samra,Male,42,Regular,Kochi,Kerala,South,2024-08-30
6231,Chaitanya Borra,Male,24,Regular,Pune,Maharashtra,West,2024-03-30
6232,Sanya Gera,Female,38,Premium,Ahmedabad,Gujarat,West,2025-12-24
6233,Harish Kohli,Female,35,Regular,Indore,Madhya Pradesh,West,2021-11-22
6234,Darpan Chaudhry,Female,38,New,Ranchi,Jharkhand,East,2022-10-04
6235,Manthan Agate,Female,40,Regular,Patna,Bihar,East,2024-04-06
6236,Janaki Keer,Female,48,Regular,Chandigarh,Chandigarh,North,2022-01-11
6237,Faraj Ram,Male,18,Regular,Ahmedabad,Gujarat,West,2022-05-28
6238,Tristan Sagar,Female,39,Regular,Lucknow,Uttar Pradesh,North,2024-02-25
6239,Gabriel Srinivas,Male,36,Premium,Indore,Madhya Pradesh,West,2025-09-28
6240,Advik Shukla,Male,44,Premium,Jaipur,Rajasthan,North,2026-06-28
6241,Vedika Sangha,Female,38,Premium,Ahmedabad,Gujarat,West,2025-04-13
6242,Brijesh Bajaj,Male,34,New,Chandigarh,Chandigarh,North,2023-12-12
6243,Aarini Chaudhry,Male,50,Regular,Patna,Bihar,East,2023-04-22
6244,Aditya Shan,Male,27,Regular,Ahmedabad,Gujarat,West,2025-06-10
6245,Amruta Patla,Female,52,Regular,Chennai,Tamil Nadu,South,2022-02-08
6246,Ekani Chawla,Male,38,Regular,Mumbai,Maharashtra,West,2025-11-22
6247,Abeer Wadhwa,Male,46,New,Mumbai,Maharashtra,West,2022-06-09
6248,Faris Lanka,Female,30,Regular,Chandigarh,Chandigarh,North,2023-05-24
6249,Janaki Lad,Female,35,Regular,Amritsar,Punjab,North,2025-07-12
6250,Urmi Dhar,Female,21,New,Chennai,Tamil Nadu,South,2026-03-18
6251,Hamsini Ramachandran,Female,64,Regular,Bengaluru,Karnataka,South,2024-08-14
6252,Sudiksha Sangha,Male,19,New,Amritsar,Punjab,North,2025-08-26
6253,Reva Sehgal,Male,35,New,Kolkata,West Bengal,East,2024-01-11
6254,Yachana Tella,Female,58,New,Amritsar,Punjab,North,2025-03-17
6255,Pavani Khosla,Female,56,Regular,Amritsar,Punjab,North,2023-08-12
6256,Hredhaan Desai,Female,26,Regular,Indore,Madhya Pradesh,West,2024-06-17
6257,Ridhi Kanda,Male,53,Regular,Patna,Bihar,East,2025-03-31
6258,Januja Talwar,Male,41,Regular,Kolkata,West Bengal,East,2026-03-28
6259,Rohan Vohra,Female,51,Regular,Indore,Madhya Pradesh,West,2022-07-29
6260,Chakradhar Gandhi,Female,20,New,Jaipur,Rajasthan,North,2023-12-04
6261,Bhavya Rai,Female,42,New,Pune,Maharashtra,West,2025-03-08
6262,Chameli Raman,Male,54,Premium,Ahmedabad,Gujarat,West,2026-05-06
6263,Warda Samra,Male,54,New,Ranchi,Jharkhand,East,2025-12-19
6264,Aadi Minhas,Female,55,Premium,Kolkata,West Bengal,East,2022-07-24
6265,Ekbal Shankar,Female,18,Regular,Chandigarh,Chandigarh,North,2026-04-18
6266,Chanchal Ghosh,Female,35,Regular,Coimbatore,Tamil Nadu,South,2023-08-14
6267,Kavya Grewal,Male,23,Premium,Bengaluru,Karnataka,South,2024-09-01
6268,Isaiah Ranganathan,Male,39,New,Guwahati,Assam,East,2023-01-05
6269,Sarthak Sagar,Male,47,New,Guwahati,Assam,East,2026-06-28
6270,Zashil Rama,Male,20,Regular,Hyderabad,Telangana,South,2022-11-05
6271,Yashvi Subramanian,Female,60,Regular,Bengaluru,Karnataka,South,2023-02-07
6272,Krishna Kashyap,Female,52,Premium,Surat,Gujarat,West,2026-03-04
6273,Thomas Sur,Female,57,New,Surat,Gujarat,West,2021-07-20
6274,Neelima Karan,Female,22,Regular,Kolkata,West Bengal,East,2024-12-13
6275,Hemangini Golla,Male,30,Regular,Ahmedabad,Gujarat,West,2024-12-26
6276,Ishaan Ganesh,Male,56,Regular,Amritsar,Punjab,North,2025-04-09
6277,Leela Narayan,Female,62,New,Guwahati,Assam,East,2023-12-13
6278,Devansh Bassi,Female,28,Regular,Kolkata,West Bengal,East,2024-07-12
6279,Krishna Dhillon,Male,45,Regular,Chennai,Tamil Nadu,South,2026-01-28
6280,Siya Garde,Female,63,New,Jaipur,Rajasthan,North,2024-06-06
6281,Avni Srinivasan,Female,44,Regular,Bhubaneswar,Odisha,East,2022-03-06
6282,Anmol Chahal,Male,24,Regular,Ahmedabad,Gujarat,West,2022-02-26
6283,Nandini Bera,Male,42,Regular,Pune,Maharashtra,West,2024-03-21
6284,Gaurika Sem,Male,60,Regular,Pune,Maharashtra,West,2025-10-11
6285,Vansha Mane,Male,51,New,Jaipur,Rajasthan,North,2024-03-01
6286,Dakshesh Mutti,Male,36,Regular,Lucknow,Uttar Pradesh,North,2024-06-11
6287,Hredhaan Swaminathan,Female,39,Premium,Kochi,Kerala,South,2022-05-05
6288,Nimrat Nayak,Male,44,Regular,Ranchi,Jharkhand,East,2022-02-26
6289,Zansi Chandran,Male,47,Premium,Chennai,Tamil Nadu,South,2026-06-23
6290,Aditya Sant,Female,25,Regular,Chennai,Tamil Nadu,South,2024-04-20
6291,Dhriti Ray,Male,27,New,Indore,Madhya Pradesh,West,2021-12-02
6292,Nikita Iyengar,Female,61,Regular,Chennai,Tamil Nadu,South,2025-11-05
6293,Triya Peri,Female,38,Premium,Delhi,Delhi,North,2025-09-06
6294,Pranav Sachdeva,Female,21,New,Guwahati,Assam,East,2025-09-13
6295,Nirja Kamdar,Female,55,Premium,Ranchi,Jharkhand,East,2022-01-19
6296,Gaurang Kakar,Male,58,Premium,Patna,Bihar,East,2023-12-23
6297,Manya Wali,Female,38,Regular,Surat,Gujarat,West,2024-03-01
6298,Champak Comar,Male,52,New,Bhubaneswar,Odisha,East,2026-06-05
6299,Xalak Bose,Male,47,Regular,Lucknow,Uttar Pradesh,North,2025-05-10
6300,Ijaya Gulati,Male,38,New,Jaipur,Rajasthan,North,2023-09-01
6301,Ishwar Ramachandran,Male,53,Regular,Indore,Madhya Pradesh,West,2025-07-07
6302,Oviya Dara,Female,28,Regular,Patna,Bihar,East,2022-08-24
6303,Faraj Singhal,Male,50,Regular,Indore,Madhya Pradesh,West,2025-07-19
6304,Amrita Bansal,Female,44,Regular,Guwahati,Assam,East,2024-08-09
6305,Dayita Bhalla,Male,27,Regular,Coimbatore,Tamil Nadu,South,2025-04-23
6306,Ishanvi Merchant,Female,23,Regular,Lucknow,Uttar Pradesh,North,2022-10-01
6307,Yahvi Kar,Female,61,Regular,Chennai,Tamil Nadu,South,2023-05-24
6308,Wahab Dasgupta,Male,58,Regular,Chandigarh,Chandigarh,North,2023-03-31
6309,Tejas Dube,Male,53,Regular,Jaipur,Rajasthan,North,2022-04-20
6310,Hema Cherian,Female,59,Regular,Chandigarh,Chandigarh,North,2022-04-06
6311,Ekaraj Gour,Male,19,Regular,Amritsar,Punjab,North,2023-09-23
6312,Aachal Tak,Female,42,Regular,Mumbai,Maharashtra,West,2023-02-24
6313,Hitesh Gopal,Male,47,Regular,Delhi,Delhi,North,2025-11-16
6314,Baljiwan Dara,Female,27,New,Chennai,Tamil Nadu,South,2025-01-26
6315,Viraj Lal,Male,32,New,Kochi,Kerala,South,2025-01-06
6316,Sarthak Krishnamurthy,Female,60,Premium,Guwahati,Assam,East,2023-04-30
6317,Dipta Ramachandran,Female,20,Regular,Guwahati,Assam,East,2023-02-16
6318,Xavier Anand,Male,44,Regular,Hyderabad,Telangana,South,2022-08-16
6319,Mugdha Verma,Female,50,Regular,Ahmedabad,Gujarat,West,2026-01-04
6320,Chakradhar Sangha,Male,30,New,Indore,Madhya Pradesh,West,2024-11-04
6321,Janani Yohannan,Female,18,Regular,Patna,Bihar,East,2025-01-06
6322,Azad Goda,Male,65,Regular,Surat,Gujarat,West,2023-11-11
6323,Veda Guha,Male,24,Regular,Chandigarh,Chandigarh,North,2025-01-18
6324,Omya Rattan,Female,58,Regular,Patna,Bihar,East,2023-03-07
6325,Samuel Kale,Female,61,New,Jaipur,Rajasthan,North,2024-01-29
6326,Rehaan Sanghvi,Male,59,New,Jaipur,Rajasthan,North,2026-05-09
6327,Laban Dara,Female,57,Premium,Amritsar,Punjab,North,2023-10-20
6328,Chaaya Apte,Female,63,Regular,Coimbatore,Tamil Nadu,South,2023-12-06
6329,Dalaja Deo,Male,37,Regular,Patna,Bihar,East,2025-01-25
6330,Anamika Chandra,Male,24,New,Guwahati,Assam,East,2024-10-15
6331,Darsh Sabharwal,Male,37,New,Jaipur,Rajasthan,North,2024-12-23
6332,Qasim Keer,Male,27,Regular,Mumbai,Maharashtra,West,2024-11-26
6333,Akshay Chandra,Male,30,Regular,Hyderabad,Telangana,South,2023-09-15
6334,Dayita Mannan,Female,25,Regular,Indore,Madhya Pradesh,West,2025-12-29
6335,Anika Dugal,Male,65,New,Ranchi,Jharkhand,East,2022-11-17
6336,Nakul Mammen,Female,46,Regular,Amritsar,Punjab,North,2024-11-18
6337,Abhimanyu Morar,Male,27,New,Indore,Madhya Pradesh,West,2022-10-04
6338,Gavin Dalal,Female,40,New,Hyderabad,Telangana,South,2023-09-25
6339,Dhruv Nayar,Female,34,Regular,Indore,Madhya Pradesh,West,2024-11-16
6340,Abhiram Mane,Female,19,New,Surat,Gujarat,West,2023-08-14
6341,Indali Hans,Female,37,New,Kochi,Kerala,South,2022-01-19
6342,Reyansh Sibal,Female,31,Regular,Delhi,Delhi,North,2024-08-22
6343,Krish Mital,Female,48,Regular,Coimbatore,Tamil Nadu,South,2021-09-24
6344,Daksh Trivedi,Male,25,Regular,Kochi,Kerala,South,2025-09-24
6345,Lekha Borra,Female,41,Regular,Guwahati,Assam,East,2026-01-31
6346,Avi Iyengar,Male,60,New,Pune,Maharashtra,West,2024-11-15
6347,Amara Golla,Male,50,New,Pune,Maharashtra,West,2023-02-16
6348,Balendra Ghosh,Male,63,Premium,Indore,Madhya Pradesh,West,2025-04-14
6349,Lakshmi Sant,Male,39,Regular,Chandigarh,Chandigarh,North,2022-09-29
6350,Oscar Ganesh,Male,32,Regular,Patna,Bihar,East,2024-06-14
6351,Vincent Yogi,Female,23,New,Chennai,Tamil Nadu,South,2024-05-21
6352,Girik Bhattacharyya,Male,53,Regular,Ahmedabad,Gujarat,West,2023-06-16
6353,Amol Kashyap,Male,55,New,Patna,Bihar,East,2024-08-30
6354,Jonathan Mand,Male,47,Regular,Surat,Gujarat,West,2025-06-15
6355,Chaitaly Agate,Female,42,Premium,Hyderabad,Telangana,South,2024-10-21
6356,Yauvani Guha,Female,29,Premium,Ahmedabad,Gujarat,West,2023-06-06
6357,Saksham Mital,Female,52,Regular,Jaipur,Rajasthan,North,2022-11-20
6358,Wazir Kurian,Female,35,Regular,Kolkata,West Bengal,East,2024-11-28
6359,Harsh Vyas,Male,46,Premium,Lucknow,Uttar Pradesh,North,2022-07-31
6360,Baljiwan Tripathi,Male,28,Regular,Jaipur,Rajasthan,North,2023-06-11
6361,Bhavna Gill,Male,43,New,Bengaluru,Karnataka,South,2023-09-17
6362,Leela Deol,Male,32,Regular,Jaipur,Rajasthan,North,2022-12-16
6363,Ansh Sengupta,Female,42,New,Patna,Bihar,East,2024-04-23
6364,Anthony Palan,Female,53,Regular,Amritsar,Punjab,North,2022-11-18
6365,Anita Srinivasan,Female,36,Regular,Kochi,Kerala,South,2022-05-08
6366,Yuvraj Sane,Male,52,Regular,Chandigarh,Chandigarh,North,2025-10-03
6367,Bhanumati Narain,Male,30,Regular,Ahmedabad,Gujarat,West,2025-07-27
6368,Upma Ravel,Female,58,New,Chandigarh,Chandigarh,North,2022-08-01
6369,Tanvi Dash,Female,63,Regular,Kolkata,West Bengal,East,2023-03-06
6370,Aayush Barad,Male,44,Regular,Bengaluru,Karnataka,South,2025-07-20
6371,Anusha Deshpande,Female,25,Regular,Surat,Gujarat,West,2025-05-07
6372,Simon Maharaj,Female,45,New,Surat,Gujarat,West,2024-04-15
6373,Krishna Varty,Male,38,Premium,Delhi,Delhi,North,2026-06-20
6374,Shivani Yohannan,Female,29,Premium,Pune,Maharashtra,West,2026-05-09
6375,Tanmayi Babu,Male,26,New,Chandigarh,Chandigarh,North,2024-08-04
6376,Tanvi Bains,Male,22,New,Hyderabad,Telangana,South,2023-07-31
6377,Charan Chada,Female,53,Regular,Kochi,Kerala,South,2025-11-24
6378,Fitan Buch,Female,40,Regular,Kochi,Kerala,South,2025-10-08
6379,Abha Sem,Female,46,Premium,Delhi,Delhi,North,2021-09-01
6380,Varsha Parmer,Male,58,Premium,Jaipur,Rajasthan,North,2022-01-18
6381,Aadi Nigam,Female,25,Regular,Patna,Bihar,East,2023-08-19
6382,Anmol Char,Male,57,Regular,Patna,Bihar,East,2021-12-01
6383,Advika Golla,Male,40,New,Chennai,Tamil Nadu,South,2023-06-17
6384,Jhalak Saran,Female,43,New,Lucknow,Uttar Pradesh,North,2022-07-23
6385,Anirudh Mall,Female,26,Regular,Ranchi,Jharkhand,East,2024-05-31
6386,Gautami Rege,Male,53,Regular,Mumbai,Maharashtra,West,2023-02-27
6387,Vedhika Oza,Female,26,Regular,Pune,Maharashtra,West,2023-07-31
6388,Aishani Gokhale,Male,54,Regular,Pune,Maharashtra,West,2023-02-02
6389,Ekbal Sinha,Female,40,New,Ranchi,Jharkhand,East,2025-07-07
6390,Garima Sehgal,Female,61,Regular,Chennai,Tamil Nadu,South,2025-09-11
6391,Kalpit Narayanan,Female,23,New,Surat,Gujarat,West,2022-02-27
6392,Ekiya Swaminathan,Male,19,Regular,Guwahati,Assam,East,2021-10-24
6393,Krisha Mitra,Female,18,Regular,Coimbatore,Tamil Nadu,South,2023-09-04
6394,Nisha Krish,Female,22,Regular,Hyderabad,Telangana,South,2024-02-09
6395,Yash Ray,Female,61,Premium,Hyderabad,Telangana,South,2024-02-15
6396,Lekha Hayre,Female,48,New,Guwahati,Assam,East,2025-11-01
6397,Timothy Bahl,Male,54,Regular,Chennai,Tamil Nadu,South,2023-02-25
6398,Anthony Buch,Female,33,New,Jaipur,Rajasthan,North,2025-02-19
6399,Reva Purohit,Female,41,Regular,Bengaluru,Karnataka,South,2025-10-15
6400,Sathvik Agarwal,Male,41,Premium,Ranchi,Jharkhand,East,2024-07-17
6401,Manan Suri,Male,27,Regular,Ahmedabad,Gujarat,West,2025-05-01
6402,Vaishnavi Bava,Male,34,Premium,Kolkata,West Bengal,East,2023-11-01
6403,Falak Sachdeva,Female,55,New,Indore,Madhya Pradesh,West,2025-12-29
6404,Pahal Kale,Male,26,Premium,Bhubaneswar,Odisha,East,2022-04-08
6405,Siddharth Kuruvilla,Male,55,New,Jaipur,Rajasthan,North,2022-10-21
6406,Yash Kaul,Male,46,Premium,Patna,Bihar,East,2023-07-21
6407,Matthew Hayre,Female,24,New,Surat,Gujarat,West,2022-01-22
6408,Oviya Chakrabarti,Female,50,New,Bengaluru,Karnataka,South,2022-08-25
6409,Saumya Kannan,Male,64,Regular,Delhi,Delhi,North,2023-12-03
6410,Charvi Mammen,Male,37,Premium,Pune,Maharashtra,West,2025-09-23
6411,Triya Sangha,Male,38,New,Coimbatore,Tamil Nadu,South,2025-11-13
6412,Laban Rama,Female,32,Regular,Delhi,Delhi,North,2022-05-27
6413,Sai Yohannan,Female,28,Premium,Surat,Gujarat,West,2022-10-05
6414,Yashodhara Suresh,Female,53,Regular,Delhi,Delhi,North,2023-02-07
6415,Warhi Prasad,Female,24,New,Amritsar,Punjab,North,2025-08-09
6416,Wriddhish Mangal,Female,58,Regular,Amritsar,Punjab,North,2024-08-08
6417,Lakshit Pandya,Female,26,Regular,Ranchi,Jharkhand,East,2025-09-25
6418,Tripti Kulkarni,Male,44,Premium,Ranchi,Jharkhand,East,2025-10-12
6419,Wriddhish Soni,Female,55,Regular,Chandigarh,Chandigarh,North,2025-12-05
6420,Vaishnavi Manda,Male,41,Regular,Chennai,Tamil Nadu,South,2023-06-26
6421,Arin Srinivasan,Male,18,Premium,Bhubaneswar,Odisha,East,2021-08-29
6422,Faris Morar,Male,29,Regular,Mumbai,Maharashtra,West,2023-08-23
6423,Ryan Misra,Male,50,New,Bengaluru,Karnataka,South,2024-07-09
6424,Urishilla Johal,Female,62,New,Ahmedabad,Gujarat,West,2021-12-23
6425,Daniel Bhardwaj,Male,28,Regular,Jaipur,Rajasthan,North,2024-10-17
6426,Arunima Bandi,Male,36,New,Kolkata,West Bengal,East,2025-06-25
6427,Mitali Parikh,Female,44,Premium,Bengaluru,Karnataka,South,2025-07-08
6428,Wyatt Mannan,Male,38,Regular,Mumbai,Maharashtra,West,2025-03-02
6429,Yash Vohra,Female,65,New,Jaipur,Rajasthan,North,2025-02-23
6430,Pahal Pau,Male,43,Regular,Bengaluru,Karnataka,South,2026-06-15
6431,Sai De,Male,65,Regular,Pune,Maharashtra,West,2022-10-07
6432,Azad Arya,Male,26,Premium,Chennai,Tamil Nadu,South,2026-03-31
6433,Abha Shukla,Male,38,Premium,Kolkata,West Bengal,East,2025-11-05
6434,Ekaraj Bhasin,Male,29,Regular,Coimbatore,Tamil Nadu,South,2021-09-05
6435,Janaki Sama,Female,42,Regular,Bengaluru,Karnataka,South,2025-03-19
6436,Dipta Buch,Male,60,Regular,Bengaluru,Karnataka,South,2021-12-04
6437,Eesha Thakkar,Male,31,Regular,Delhi,Delhi,North,2021-12-20
6438,Aradhana Ratti,Female,31,New,Guwahati,Assam,East,2022-08-11
6439,Damini Singhal,Male,30,New,Coimbatore,Tamil Nadu,South,2023-09-02
6440,Yashvi Rege,Female,29,Regular,Chennai,Tamil Nadu,South,2023-10-12
6441,Avni Shenoy,Male,28,New,Mumbai,Maharashtra,West,2024-02-03
6442,Mugdha Rajagopal,Female,39,New,Coimbatore,Tamil Nadu,South,2025-03-15
6443,Amol Pradhan,Female,26,Regular,Ahmedabad,Gujarat,West,2024-04-10
6444,Netra Oza,Male,50,New,Hyderabad,Telangana,South,2025-02-04
6445,Anay Vyas,Female,57,Regular,Ahmedabad,Gujarat,West,2026-06-05
6446,Anya Gala,Male,29,Regular,Surat,Gujarat,West,2024-09-29
6447,Aarush Gole,Female,45,Premium,Guwahati,Assam,East,2025-01-16
6448,Watika Sami,Male,65,Regular,Hyderabad,Telangana,South,2024-05-29
6449,Diya Mall,Female,33,New,Amritsar,Punjab,North,2026-01-29
6450,Pahal Ghosh,Female,58,Regular,Surat,Gujarat,West,2025-09-23
6451,Zehaan Bhakta,Female,29,Regular,Hyderabad,Telangana,South,2026-02-10
6452,Gaurang Wali,Female,43,Premium,Pune,Maharashtra,West,2023-04-23
6453,Darika Sundaram,Male,42,Regular,Jaipur,Rajasthan,North,2023-06-24
6454,Tanay Chana,Female,54,New,Ahmedabad,Gujarat,West,2023-01-27
6455,Oliver Lal,Female,42,Premium,Jaipur,Rajasthan,North,2022-10-20
6456,Kabir Agate,Male,58,New,Hyderabad,Telangana,South,2023-10-24
6457,Baghyawati Chauhan,Female,44,Regular,Amritsar,Punjab,North,2022-06-23
6458,Upkaar Thaman,Female,48,Regular,Kolkata,West Bengal,East,2021-08-14
6459,Ishanvi Butala,Male,43,New,Bhubaneswar,Odisha,East,2023-12-10
6460,Odika Mukherjee,Female,46,New,Bhubaneswar,Odisha,East,2024-03-22
6461,Varenya Mittal,Female,64,New,Ranchi,Jharkhand,East,2026-03-02
6462,Samar Peri,Female,31,Regular,Bhubaneswar,Odisha,East,2022-01-05
6463,Abhiram Dhaliwal,Female,65,Premium,Pune,Maharashtra,West,2021-12-01
6464,Rohan Loke,Female,30,New,Chennai,Tamil Nadu,South,2023-04-25
6465,Eesha Warrior,Male,37,Regular,Surat,Gujarat,West,2026-01-15
6466,Shivansh Vyas,Female,23,New,Jaipur,Rajasthan,North,2025-08-11
6467,Oliver Dani,Female,30,Regular,Kochi,Kerala,South,2025-06-01
6468,Hemal Bhardwaj,Female,31,New,Hyderabad,Telangana,South,2023-12-25
6469,Faqid Garde,Female,50,Premium,Ranchi,Jharkhand,East,2025-07-31
6470,Ganga Patel,Male,44,Regular,Pune,Maharashtra,West,2026-05-24
6471,Krisha Sharma,Male,36,Regular,Lucknow,Uttar Pradesh,North,2025-07-29
6472,Tanveer Yogi,Male,57,Regular,Indore,Madhya Pradesh,West,2023-04-06
6473,Thomas Mukhopadhyay,Male,40,Regular,Lucknow,Uttar Pradesh,North,2022-07-25
6474,Benjamin Bhakta,Male,24,Premium,Coimbatore,Tamil Nadu,South,2024-03-13
6475,Aarna Rajan,Male,62,Regular,Indore,Madhya Pradesh,West,2026-07-02
6476,Oscar Muni,Male,33,Premium,Mumbai,Maharashtra,West,2022-06-25
6477,Kala Sheth,Male,48,Regular,Lucknow,Uttar Pradesh,North,2026-02-10
6478,Charles Chaudry,Male,48,New,Kochi,Kerala,South,2025-04-05
6479,Mohammed Sodhi,Male,35,Regular,Bengaluru,Karnataka,South,2022-05-27
6480,Gautam Chahal,Male,53,New,Surat,Gujarat,West,2026-01-22
6481,Gaurang Hegde,Female,54,Regular,Kochi,Kerala,South,2023-01-06
6482,Ishani Patil,Male,25,Regular,Bengaluru,Karnataka,South,2022-10-13
6483,Dev Nagi,Male,55,Regular,Ranchi,Jharkhand,East,2022-07-07
6484,Daniel Mohanty,Female,29,New,Ranchi,Jharkhand,East,2022-08-27
6485,Ridhi Walia,Male,65,New,Patna,Bihar,East,2023-01-08
6486,Champak Reddy,Female,40,Regular,Kochi,Kerala,South,2021-12-22
6487,Dhriti Nagarajan,Male,56,Premium,Pune,Maharashtra,West,2023-05-04
6488,Wazir Mody,Male,65,Regular,Lucknow,Uttar Pradesh,North,2023-10-27
6489,Jagdish Gour,Male,43,Regular,Kolkata,West Bengal,East,2023-03-01
6490,Lohit Ray,Male,60,Regular,Guwahati,Assam,East,2024-07-10
6491,Harita Dua,Female,62,Regular,Chandigarh,Chandigarh,North,2026-03-26
6492,Fitan Chauhan,Female,23,New,Ahmedabad,Gujarat,West,2021-10-23
6493,Lavanya Rai,Male,44,Regular,Surat,Gujarat,West,2021-08-25
6494,Anay Bhargava,Female,32,New,Chennai,Tamil Nadu,South,2024-12-26
6495,Nathaniel Krishna,Male,42,Premium,Delhi,Delhi,North,2026-01-05
6496,Nidhi Wason,Female,54,New,Chandigarh,Chandigarh,North,2022-03-16
6497,Max Chacko,Female,63,Regular,Delhi,Delhi,North,2022-03-30
6498,Ishani Ratti,Female,64,New,Coimbatore,Tamil Nadu,South,2024-09-13
6499,Lakshmi Dhingra,Male,32,New,Delhi,Delhi,North,2022-05-22
6500,Anika Taneja,Female,31,Regular,Hyderabad,Telangana,South,2021-09-08
6501,Aarush Apte,Female,60,New,Surat,Gujarat,West,2024-05-26
6502,Liam Pandey,Male,36,New,Hyderabad,Telangana,South,2023-04-06
6503,Tamanna Bawa,Female,23,Regular,Amritsar,Punjab,North,2023-12-31
6504,Madhav Balasubramanian,Female,49,New,Delhi,Delhi,North,2025-01-20
6505,Amara Nori,Male,34,New,Bengaluru,Karnataka,South,2021-10-08
6506,Aachal Halder,Female,18,Regular,Delhi,Delhi,North,2024-08-12
6507,Maanav Palla,Male,19,Regular,Guwahati,Assam,East,2024-04-26
6508,Quincy Basu,Male,20,Premium,Jaipur,Rajasthan,North,2021-12-23
6509,Manan Varty,Female,44,Premium,Coimbatore,Tamil Nadu,South,2023-03-12
6510,Caleb Mani,Male,65,Regular,Lucknow,Uttar Pradesh,North,2023-07-14
6511,Qabil Lala,Male,33,New,Amritsar,Punjab,North,2024-04-19
6512,Charita Sood,Male,30,Regular,Bhubaneswar,Odisha,East,2021-08-07
6513,Harita Barman,Female,37,Regular,Guwahati,Assam,East,2022-11-08
6514,Aarini Chacko,Male,31,Regular,Bhubaneswar,Odisha,East,2025-02-15
6515,Rajata Ramanathan,Male,45,Regular,Bhubaneswar,Odisha,East,2024-09-16
6516,Samarth Banik,Male,49,New,Lucknow,Uttar Pradesh,North,2026-05-09
6517,Forum Pandya,Female,21,Regular,Chandigarh,Chandigarh,North,2022-01-02
6518,Thomas Varma,Female,24,Regular,Jaipur,Rajasthan,North,2023-09-11
6519,Lakshmi Palan,Male,31,Premium,Lucknow,Uttar Pradesh,North,2024-05-01
6520,Ethan Jha,Female,19,New,Bengaluru,Karnataka,South,2023-08-31
6521,Omaja Dave,Female,60,New,Hyderabad,Telangana,South,2023-06-26
6522,Arin Chakrabarti,Male,36,New,Chandigarh,Chandigarh,North,2025-12-17
6523,Lavanya Andra,Male,52,Regular,Delhi,Delhi,North,2026-07-01
6524,Aradhana Sekhon,Female,26,New,Ahmedabad,Gujarat,West,2026-02-23
6525,Alexander Kala,Male,45,New,Mumbai,Maharashtra,West,2026-01-18
6526,Forum Dara,Female,49,Premium,Indore,Madhya Pradesh,West,2024-01-30
6527,Ekantika Korpal,Female,30,New,Ahmedabad,Gujarat,West,2025-05-03
6528,Darika Borah,Male,20,Regular,Chandigarh,Chandigarh,North,2024-05-03
6529,Aashi Sharaf,Male,60,Regular,Ahmedabad,Gujarat,West,2024-06-25
6530,Janaki Kaul,Female,28,Regular,Mumbai,Maharashtra,West,2025-07-31
6531,Wriddhish Parmer,Male,40,Regular,Chennai,Tamil Nadu,South,2023-01-28
6532,Urvi Kale,Male,63,Premium,Kolkata,West Bengal,East,2025-12-13
6533,Timothy Date,Female,31,Premium,Bengaluru,Karnataka,South,2024-09-25
6534,Wakeeta Anand,Female,56,New,Kolkata,West Bengal,East,2024-10-28
6535,Yashvi Varughese,Female,22,New,Pune,Maharashtra,West,2025-07-29
6536,Garima Rai,Female,40,New,Indore,Madhya Pradesh,West,2023-07-23
6537,Ojas Pillai,Female,29,Regular,Bhubaneswar,Odisha,East,2024-12-24
6538,Nathan Vora,Male,18,Premium,Ahmedabad,Gujarat,West,2025-05-29
6539,Indrajit Vyas,Female,49,Regular,Hyderabad,Telangana,South,2026-01-25
6540,Kashvi Kadakia,Female,51,Regular,Lucknow,Uttar Pradesh,North,2022-08-17
6541,Prisha Wason,Female,56,New,Ranchi,Jharkhand,East,2021-09-29
6542,Vedhika Rout,Male,21,Regular,Guwahati,Assam,East,2025-03-05
6543,Mohini Mallick,Male,55,Premium,Jaipur,Rajasthan,North,2024-09-24
6544,Varsha Luthra,Female,40,New,Ranchi,Jharkhand,East,2023-02-26
6545,Vaishnavi Natt,Female,41,Regular,Pune,Maharashtra,West,2025-03-17
6546,Ishanvi Iyer,Male,46,New,Bhubaneswar,Odisha,East,2022-04-08
6547,Ekantika Padmanabhan,Male,42,Regular,Lucknow,Uttar Pradesh,North,2021-12-10
6548,Nathan Thakur,Female,43,Regular,Pune,Maharashtra,West,2024-12-15
6549,Anvi Yogi,Female,42,New,Kolkata,West Bengal,East,2025-01-13
6550,Gagan Bhatt,Male,60,Regular,Lucknow,Uttar Pradesh,North,2025-01-29
6551,Libni Dugar,Female,59,New,Delhi,Delhi,North,2025-01-24
6552,Jai Dalal,Male,18,Regular,Kolkata,West Bengal,East,2023-09-05
6553,Panini Kurian,Female,29,Regular,Indore,Madhya Pradesh,West,2025-06-27
6554,Niharika Parekh,Female,24,New,Kolkata,West Bengal,East,2023-03-18
6555,Ishita Sarin,Female,44,Regular,Delhi,Delhi,North,2025-06-22
6556,Neha Sastry,Male,49,Regular,Jaipur,Rajasthan,North,2023-02-02
6557,Wazir Anand,Male,18,Regular,Coimbatore,Tamil Nadu,South,2024-03-08
6558,Samuel Panchal,Male,30,New,Surat,Gujarat,West,2026-02-07
6559,Darsh Choudhary,Female,60,Regular,Delhi,Delhi,North,2025-03-21
6560,Baljiwan Chada,Male,27,Premium,Chennai,Tamil Nadu,South,2023-07-08
6561,Vaishnavi Dubey,Male,53,New,Chennai,Tamil Nadu,South,2025-04-30
6562,Maanav Date,Male,52,New,Hyderabad,Telangana,South,2022-05-26
6563,Dalaja Ganesh,Female,27,New,Ranchi,Jharkhand,East,2024-02-27
6564,Chanakya Venkatesh,Female,20,Regular,Hyderabad,Telangana,South,2023-12-08
6565,Chandran Butala,Male,20,New,Jaipur,Rajasthan,North,2025-05-15
6566,Anvi Anand,Male,32,Regular,Ranchi,Jharkhand,East,2025-07-23
6567,Charita Ahluwalia,Male,33,Regular,Kolkata,West Bengal,East,2025-07-03
6568,Theodore Sarna,Female,30,Regular,Kolkata,West Bengal,East,2021-11-23
6569,Mohini Ratta,Male,28,Regular,Ranchi,Jharkhand,East,2025-04-11
6570,Hemang Pal,Female,36,Regular,Bengaluru,Karnataka,South,2026-06-21
6571,Omaja Babu,Female,53,Regular,Jaipur,Rajasthan,North,2023-03-03
6572,Maya Baria,Female,51,New,Amritsar,Punjab,North,2023-04-06
6573,Vedhika Loke,Male,52,New,Bengaluru,Karnataka,South,2024-08-11
6574,Lakshit Tandon,Male,37,Premium,Delhi,Delhi,North,2026-03-12
6575,Samuel Rana,Female,63,New,Amritsar,Punjab,North,2022-03-20
6576,Dev Chhabra,Female,22,Regular,Bhubaneswar,Odisha,East,2026-03-01
6577,Ikshita Rege,Male,59,Premium,Bhubaneswar,Odisha,East,2024-07-13
6578,Yachana Patla,Female,53,New,Patna,Bihar,East,2023-10-05
6579,Frederick Parikh,Female,64,Regular,Surat,Gujarat,West,2025-03-24
6580,Yatan Bahri,Male,29,Regular,Coimbatore,Tamil Nadu,South,2026-05-21
6581,Harini Nagarajan,Male,19,Premium,Amritsar,Punjab,North,2024-11-26
6582,Nathan Raju,Female,49,Premium,Pune,Maharashtra,West,2024-04-13
6583,Teerth Prabhakar,Female,53,Regular,Chandigarh,Chandigarh,North,2022-06-13
6584,Bhavya Rana,Male,32,New,Chandigarh,Chandigarh,North,2023-07-11
6585,Vasana Oza,Male,64,Regular,Ahmedabad,Gujarat,West,2021-07-19
6586,Yamini Bhattacharyya,Male,38,Regular,Indore,Madhya Pradesh,West,2021-12-12
6587,Kamala Biswas,Female,40,Regular,Guwahati,Assam,East,2023-10-26
6588,Chandani Char,Female,62,New,Ahmedabad,Gujarat,West,2022-04-20
6589,Harinakshi Jha,Female,29,New,Amritsar,Punjab,North,2025-07-03
6590,Anya Gokhale,Female,54,Regular,Lucknow,Uttar Pradesh,North,2024-11-24
6591,Zansi Nayar,Female,27,Regular,Jaipur,Rajasthan,North,2024-02-20
6592,Anita Sarraf,Female,22,New,Mumbai,Maharashtra,West,2024-11-07
6593,Ladli Nagar,Female,44,Regular,Lucknow,Uttar Pradesh,North,2023-10-05
6594,Vasana Bahl,Male,46,Premium,Pune,Maharashtra,West,2024-06-12
6595,Adya Kade,Female,20,Regular,Patna,Bihar,East,2023-05-06
6596,Tristan Sankaran,Female,27,New,Lucknow,Uttar Pradesh,North,2024-09-23
6597,Harsh Nayar,Male,32,New,Surat,Gujarat,West,2024-03-22
6598,Lohit Agate,Male,37,New,Indore,Madhya Pradesh,West,2025-11-01
6599,Chatura Sur,Female,32,Premium,Chandigarh,Chandigarh,North,2025-09-08
6600,Chanchal Chowdhury,Female,30,Regular,Amritsar,Punjab,North,2023-07-24
6601,Ubika Shukla,Male,58,Regular,Surat,Gujarat,West,2023-04-07
6602,Champak Choudhary,Female,37,Regular,Ahmedabad,Gujarat,West,2022-02-28
6603,Zayyan Shere,Male,38,Regular,Surat,Gujarat,West,2022-02-24
6604,Bhavna Lall,Female,61,Regular,Amritsar,Punjab,North,2023-10-24
6605,Adweta Yadav,Male,34,Regular,Chennai,Tamil Nadu,South,2022-09-27
6606,Indira Pau,Female,50,New,Chennai,Tamil Nadu,South,2023-12-15
6607,Nandini Kumar,Female,23,New,Delhi,Delhi,North,2023-11-17
6608,Anamika Sura,Female,25,Regular,Pune,Maharashtra,West,2022-01-20
6609,Falguni Prasad,Male,43,Premium,Patna,Bihar,East,2023-01-30
6610,Max Khanna,Female,38,New,Jaipur,Rajasthan,North,2023-11-16
6611,Kashish Palla,Male,42,Premium,Ahmedabad,Gujarat,West,2025-11-03
6612,Vedika Mitra,Female,18,Regular,Kochi,Kerala,South,2024-04-19
6613,Yachana Chaudhari,Male,41,New,Hyderabad,Telangana,South,2025-09-13
6614,Chaitanya Dugal,Male,31,New,Mumbai,Maharashtra,West,2024-10-21
6615,Jacob Hari,Female,61,New,Chennai,Tamil Nadu,South,2025-06-22
6616,Tanay Mittal,Male,32,Regular,Patna,Bihar,East,2023-08-04
6617,Andrew Shroff,Male,51,New,Jaipur,Rajasthan,North,2023-10-04
6618,Sai Char,Male,35,Regular,Pune,Maharashtra,West,2022-01-16
6619,Vrinda Korpal,Female,43,Regular,Chandigarh,Chandigarh,North,2022-10-22
6620,Ikshita Nagarajan,Male,46,Regular,Coimbatore,Tamil Nadu,South,2026-05-29
6621,Zarna Kalita,Female,36,New,Bengaluru,Karnataka,South,2024-05-24
6622,Kashish Rau,Male,26,Regular,Coimbatore,Tamil Nadu,South,2024-01-13
6623,Atharv Halder,Male,44,Regular,Jaipur,Rajasthan,North,2021-09-20
6624,Harrison Bahl,Male,25,Regular,Indore,Madhya Pradesh,West,2024-07-30
6625,Azaan Baral,Male,43,Regular,Bhubaneswar,Odisha,East,2021-12-04
6626,Balendra Rajagopal,Male,48,New,Indore,Madhya Pradesh,West,2025-04-29
6627,Bahadurjit Suresh,Male,26,Regular,Lucknow,Uttar Pradesh,North,2023-11-02
6628,Dhriti Murthy,Male,25,Regular,Kolkata,West Bengal,East,2024-04-02
6629,Nachiket Choudhary,Male,50,Regular,Coimbatore,Tamil Nadu,South,2024-12-08
6630,Warjas Samra,Female,18,Regular,Jaipur,Rajasthan,North,2025-04-13
6631,Ira Hora,Male,44,Regular,Chennai,Tamil Nadu,South,2023-10-06
6632,Wriddhish Pillai,Male,24,New,Amritsar,Punjab,North,2025-06-28
6633,Nikita Bath,Male,41,Regular,Chennai,Tamil Nadu,South,2025-12-07
6634,Kabir Deol,Female,23,Regular,Kochi,Kerala,South,2023-12-25
6635,Anamika Chada,Male,59,Regular,Delhi,Delhi,North,2024-03-16
6636,Hemani Chhabra,Female,45,New,Chandigarh,Chandigarh,North,2026-05-16
6637,Falan Magar,Male,29,Premium,Lucknow,Uttar Pradesh,North,2025-04-21
6638,Dayita Gala,Female,62,Regular,Ranchi,Jharkhand,East,2022-06-26
6639,Utkarsh Sankaran,Female,40,New,Mumbai,Maharashtra,West,2023-12-31
6640,Dipta Srinivasan,Female,55,Regular,Kolkata,West Bengal,East,2023-07-25
6641,Riya Bhatnagar,Male,36,Regular,Chennai,Tamil Nadu,South,2025-02-05
6642,Zinal Bains,Male,65,Regular,Bhubaneswar,Odisha,East,2026-04-16
6643,Charan Shan,Female,59,Regular,Bengaluru,Karnataka,South,2022-07-08
6644,Januja Sarkar,Male,36,Premium,Surat,Gujarat,West,2024-11-26
6645,Madhavi Bakshi,Female,46,New,Ranchi,Jharkhand,East,2025-10-03
6646,Pratyush Sagar,Female,18,Regular,Bhubaneswar,Odisha,East,2024-02-08
6647,Aishani Bir,Female,40,Premium,Amritsar,Punjab,North,2022-09-21
6648,Pushti Chawla,Male,23,Premium,Coimbatore,Tamil Nadu,South,2022-03-30
6649,Kabir Hayre,Female,44,Regular,Surat,Gujarat,West,2021-12-23
6650,Faqid Lalla,Male,40,Premium,Ahmedabad,Gujarat,West,2025-07-09
6651,Ekantika Dutt,Female,22,New,Kochi,Kerala,South,2024-09-01
6652,Hritik Suresh,Male,53,Premium,Bengaluru,Karnataka,South,2025-07-24
6653,Gauri Mohan,Female,53,New,Jaipur,Rajasthan,North,2025-06-26
6654,Siya Lalla,Male,64,New,Lucknow,Uttar Pradesh,North,2023-07-05
6655,Krishna Pradhan,Male,33,New,Chandigarh,Chandigarh,North,2024-09-06
6656,Kavya Nadig,Female,48,Regular,Delhi,Delhi,North,2025-01-14
6657,Imaran Verma,Female,58,New,Mumbai,Maharashtra,West,2022-12-08
6658,Frederick Kala,Male,39,New,Surat,Gujarat,West,2022-01-09
6659,Raghav Vaidya,Male,30,New,Chennai,Tamil Nadu,South,2023-06-12
6660,Maanas Bhardwaj,Female,55,New,Mumbai,Maharashtra,West,2026-05-15
6661,Tarak Saxena,Male,42,Regular,Bengaluru,Karnataka,South,2022-07-26
6662,Yochana Mitra,Female,44,Regular,Guwahati,Assam,East,2025-09-22
6663,Watika Buch,Male,23,New,Kochi,Kerala,South,2025-06-09
6664,Noah Bala,Female,30,Regular,Bhubaneswar,Odisha,East,2022-11-02
6665,Yagnesh Issac,Male,65,Premium,Delhi,Delhi,North,2026-04-08
6666,Darpan Chatterjee,Female,33,Regular,Kochi,Kerala,South,2022-10-01
6667,Omkaar Johal,Male,31,New,Chennai,Tamil Nadu,South,2022-02-03
6668,Rohan Agarwal,Female,40,Regular,Hyderabad,Telangana,South,2026-02-04
6669,Bishakha Sidhu,Male,26,New,Surat,Gujarat,West,2024-01-29
6670,Advaith Sama,Female,24,New,Indore,Madhya Pradesh,West,2026-01-28
6671,Radhika Chopra,Male,61,New,Indore,Madhya Pradesh,West,2024-11-04
6672,Udyati Purohit,Female,54,Regular,Surat,Gujarat,West,2026-05-24
6673,Aarnav Subramanian,Male,51,New,Jaipur,Rajasthan,North,2022-04-04
6674,Dominic Saha,Male,24,New,Bengaluru,Karnataka,South,2023-08-23
6675,Wishi Din,Female,40,New,Kolkata,West Bengal,East,2022-06-18
6676,Chandran Mistry,Female,36,Premium,Kochi,Kerala,South,2021-09-29
6677,Tristan Basu,Female,32,Regular,Kochi,Kerala,South,2022-01-19
6678,Lila Mishra,Male,49,New,Kolkata,West Bengal,East,2022-09-01
6679,Aahana Sanghvi,Female,40,Regular,Hyderabad,Telangana,South,2024-10-22
6680,Fiyaz Rattan,Female,41,Regular,Chennai,Tamil Nadu,South,2023-11-15
6681,Anmol Ram,Female,57,Regular,Ahmedabad,Gujarat,West,2021-09-20
6682,Bachittar Sur,Female,51,New,Surat,Gujarat,West,2025-06-17
6683,Chanchal De,Female,55,Premium,Indore,Madhya Pradesh,West,2024-10-05
6684,Shravya Bera,Male,35,New,Pune,Maharashtra,West,2023-03-21
6685,Kashvi Chaudhry,Male,19,Regular,Patna,Bihar,East,2022-02-25
6686,Mahika Shetty,Male,38,New,Ranchi,Jharkhand,East,2022-06-23
6687,Aradhana Gill,Male,54,Regular,Lucknow,Uttar Pradesh,North,2026-04-23
6688,Yatin Bhavsar,Female,52,Regular,Ahmedabad,Gujarat,West,2022-02-15
6689,Lakshit Om,Male,61,Regular,Kolkata,West Bengal,East,2024-07-12
6690,Aarush Dey,Male,46,New,Lucknow,Uttar Pradesh,North,2026-04-20
6691,Aryan Uppal,Male,56,Regular,Surat,Gujarat,West,2022-05-29
6692,Yoshita Anne,Male,57,New,Hyderabad,Telangana,South,2023-10-25
6693,Rushil Pillai,Male,34,Regular,Indore,Madhya Pradesh,West,2022-03-30
6694,Rehaan Butala,Male,26,Regular,Bhubaneswar,Odisha,East,2024-04-06
6695,Saumya Khatri,Female,60,Regular,Jaipur,Rajasthan,North,2021-07-22
6696,Frado Srinivasan,Male,27,Regular,Kolkata,West Bengal,East,2025-12-18
6697,Krishna Kalla,Female,47,Regular,Hyderabad,Telangana,South,2023-02-04
6698,Jason Bal,Female,49,Regular,Jaipur,Rajasthan,North,2025-05-24
6699,Daksha Batta,Female,25,Regular,Pune,Maharashtra,West,2025-12-01
6700,Matthew Konda,Female,19,New,Kolkata,West Bengal,East,2026-01-27
6701,Jhalak Varghese,Male,23,Regular,Chennai,Tamil Nadu,South,2022-06-26
6702,Advik Kannan,Male,33,Regular,Ranchi,Jharkhand,East,2026-04-18
6703,Harish Tailor,Male,62,Regular,Kochi,Kerala,South,2023-03-26
6704,Vedika Bala,Female,38,New,Amritsar,Punjab,North,2026-03-08
6705,Nirja Tella,Female,43,Regular,Lucknow,Uttar Pradesh,North,2022-07-01
6706,Chavvi Borah,Female,30,Regular,Mumbai,Maharashtra,West,2023-10-18
6707,Aayush Narayan,Male,51,Premium,Pune,Maharashtra,West,2022-03-08
6708,Zehaan Zachariah,Male,25,Regular,Pune,Maharashtra,West,2022-01-01
6709,Sathvik Khare,Male,19,Regular,Chandigarh,Chandigarh,North,2025-08-01
6710,Jack Setty,Female,50,Premium,Amritsar,Punjab,North,2023-10-11
6711,Tanvi Shetty,Female,34,New,Bhubaneswar,Odisha,East,2025-05-10
6712,Darsh Andra,Male,45,New,Chennai,Tamil Nadu,South,2025-11-12
6713,Dayita Nair,Female,19,Regular,Indore,Madhya Pradesh,West,2023-06-23
6714,Viraj Buch,Female,49,Regular,Coimbatore,Tamil Nadu,South,2026-03-31
6715,Warjas Basu,Female,18,Premium,Chandigarh,Chandigarh,North,2024-09-24
6716,Aishani Salvi,Female,45,Regular,Patna,Bihar,East,2022-09-03
6717,Gauri Tata,Female,44,New,Bengaluru,Karnataka,South,2025-04-12
6718,Harini Dada,Male,25,Regular,Guwahati,Assam,East,2026-01-07
6719,Avni Walla,Female,57,New,Chennai,Tamil Nadu,South,2025-06-08
6720,Reva Kalla,Male,41,New,Kolkata,West Bengal,East,2025-10-31
6721,Hemangini Ram,Male,24,Regular,Delhi,Delhi,North,2025-10-03
6722,Bimala Gaba,Female,25,New,Patna,Bihar,East,2021-08-19
6723,Jagvi Mistry,Male,52,Regular,Ahmedabad,Gujarat,West,2023-12-15
6724,Jacob Cheema,Male,36,Regular,Chandigarh,Chandigarh,North,2025-07-20
6725,Urvashi Ramanathan,Male,36,Regular,Kolkata,West Bengal,East,2022-01-27
6726,Janaki Mann,Male,22,New,Jaipur,Rajasthan,North,2023-01-26
6727,Omya Om,Female,50,New,Ranchi,Jharkhand,East,2024-11-26
6728,Max Ganesan,Male,39,New,Kolkata,West Bengal,East,2023-11-04
6729,Chaman Tripathi,Male,35,Premium,Coimbatore,Tamil Nadu,South,2023-06-22
6730,Samar Anne,Female,47,Regular,Kochi,Kerala,South,2023-03-24
6731,Lajita Wadhwa,Male,30,Regular,Patna,Bihar,East,2024-07-31
6732,Advay Saraf,Male,24,New,Amritsar,Punjab,North,2025-10-30
6733,Nikita Bir,Female,42,Premium,Indore,Madhya Pradesh,West,2023-06-07
6734,Nimrat Soni,Male,49,New,Ranchi,Jharkhand,East,2022-08-18
6735,Ridhi Shan,Female,20,New,Indore,Madhya Pradesh,West,2021-09-14
6736,Upadhriti Baria,Male,27,Regular,Amritsar,Punjab,North,2023-09-25
6737,Niharika Dhawan,Female,56,Premium,Mumbai,Maharashtra,West,2025-04-27
6738,Upadhriti Gour,Male,45,New,Kochi,Kerala,South,2023-06-02
6739,Ekaraj Chada,Female,51,New,Delhi,Delhi,North,2025-12-07
6740,William Parmar,Female,25,Premium,Surat,Gujarat,West,2021-10-23
6741,Orinder Grover,Female,42,New,Amritsar,Punjab,North,2022-02-25
6742,Niharika Zacharia,Male,60,New,Ahmedabad,Gujarat,West,2024-11-03
6743,Bhavna Jaggi,Female,22,Regular,Chennai,Tamil Nadu,South,2026-05-16
6744,Wyatt Ben,Female,19,Premium,Mumbai,Maharashtra,West,2022-05-10
6745,Victor Krishnan,Male,41,Regular,Guwahati,Assam,East,2025-06-23
6746,Nandini Bala,Female,59,Premium,Hyderabad,Telangana,South,2022-12-08
6747,Aarna Karan,Female,45,Regular,Amritsar,Punjab,North,2025-09-16
6748,Mohini Padmanabhan,Male,52,New,Ranchi,Jharkhand,East,2024-12-08
6749,Harita Sarma,Female,33,Premium,Bhubaneswar,Odisha,East,2024-10-22
6750,Ekantika Dey,Male,36,Regular,Coimbatore,Tamil Nadu,South,2024-03-23
6751,Laban Tiwari,Female,60,New,Kochi,Kerala,South,2024-07-12
6752,Chanakya Bali,Female,62,Regular,Bengaluru,Karnataka,South,2023-04-03
6753,Zehaan Wali,Male,22,New,Ahmedabad,Gujarat,West,2025-06-19
6754,Bhavna Wali,Female,45,New,Guwahati,Assam,East,2025-12-19
6755,Yatan Chhabra,Female,56,New,Indore,Madhya Pradesh,West,2023-12-06
6756,Aahana Ganesan,Male,18,Regular,Bengaluru,Karnataka,South,2022-02-12
6757,Luke Wagle,Female,31,Regular,Coimbatore,Tamil Nadu,South,2023-05-07
6758,Yug Sawhney,Male,48,Regular,Kochi,Kerala,South,2025-07-19
6759,Kevin Patla,Male,34,Premium,Surat,Gujarat,West,2023-08-03
6760,Varsha Samra,Female,65,New,Kolkata,West Bengal,East,2023-03-15
6761,Mekhala Bala,Female,26,New,Chandigarh,Chandigarh,North,2024-04-16
6762,Veer De,Female,24,New,Patna,Bihar,East,2024-12-06
6763,Falan Srivastava,Female,30,New,Bengaluru,Karnataka,South,2022-05-19
6764,Eshana Rattan,Female,26,New,Amritsar,Punjab,North,2021-09-15
6765,Karan Zacharia,Male,53,Regular,Lucknow,Uttar Pradesh,North,2026-05-12
6766,Nathaniel Venkataraman,Female,48,Premium,Kochi,Kerala,South,2025-08-04
6767,Zayan Dugar,Male,50,Premium,Mumbai,Maharashtra,West,2024-01-09
6768,Nilima Ghose,Female,26,New,Bhubaneswar,Odisha,East,2025-07-25
6769,Urvi Ramanathan,Female,30,Premium,Indore,Madhya Pradesh,West,2024-06-01
6770,Prisha Anand,Male,18,New,Amritsar,Punjab,North,2023-01-31
6771,Yashawini Ahuja,Male,22,New,Mumbai,Maharashtra,West,2022-09-16
6772,Ekiya Brar,Female,27,Premium,Chandigarh,Chandigarh,North,2023-11-22
6773,Vinaya Muni,Female,49,Regular,Hyderabad,Telangana,South,2025-01-16
6774,Mason Bail,Female,65,New,Bengaluru,Karnataka,South,2023-03-25
6775,Aarush Butala,Female,24,Regular,Surat,Gujarat,West,2022-04-09
6776,Jalsa Mishra,Female,24,New,Mumbai,Maharashtra,West,2025-02-25
6777,Ekalinga Rao,Female,40,Regular,Ahmedabad,Gujarat,West,2023-05-15
6778,Laksh Bir,Female,44,Regular,Surat,Gujarat,West,2022-11-30
6779,Nidra Sagar,Female,51,Premium,Kolkata,West Bengal,East,2021-10-24
6780,Ekaja Badami,Female,35,New,Chennai,Tamil Nadu,South,2022-03-12
6781,Onveer Ravi,Female,27,Regular,Delhi,Delhi,North,2025-06-08
6782,Zayyan Majumdar,Male,61,Regular,Hyderabad,Telangana,South,2024-12-10
6783,Victor Rao,Male,47,Regular,Ahmedabad,Gujarat,West,2022-05-23
6784,Brinda Gulati,Male,23,New,Chennai,Tamil Nadu,South,2021-10-24
6785,Yashica Tak,Male,57,Regular,Jaipur,Rajasthan,North,2022-07-18
6786,Tarak Rao,Male,41,Premium,Lucknow,Uttar Pradesh,North,2022-03-30
6787,Pooja Bawa,Male,44,Premium,Ranchi,Jharkhand,East,2024-03-18
6788,Gautami Sehgal,Female,49,Regular,Delhi,Delhi,North,2025-07-07
6789,Veer Desai,Female,20,Premium,Delhi,Delhi,North,2026-06-05
6790,Amrita Wali,Male,43,Regular,Delhi,Delhi,North,2023-07-18
6791,Triveni Amble,Male,19,Regular,Kochi,Kerala,South,2023-04-01
6792,Hredhaan Sankaran,Female,40,New,Chandigarh,Chandigarh,North,2022-01-05
6793,Kevin Bala,Female,39,Regular,Hyderabad,Telangana,South,2024-01-07
6794,Ethan De,Male,32,New,Indore,Madhya Pradesh,West,2024-08-16
6795,Ira Date,Male,40,Regular,Patna,Bihar,East,2021-10-07
6796,Shivani Aggarwal,Male,24,New,Mumbai,Maharashtra,West,2022-09-23
6797,Vansha Oak,Female,48,Premium,Guwahati,Assam,East,2025-09-10
6798,Hemal Wason,Female,33,New,Jaipur,Rajasthan,North,2024-01-24
6799,Ekantika Dash,Female,61,New,Surat,Gujarat,West,2026-05-12
6800,Sachi Chacko,Male,31,Regular,Chennai,Tamil Nadu,South,2021-12-03
6801,Anirudh Shukla,Male,60,New,Lucknow,Uttar Pradesh,North,2022-12-12
6802,Chasmum Choudhry,Female,27,New,Surat,Gujarat,West,2023-03-17
6803,Qadim Mistry,Female,52,New,Hyderabad,Telangana,South,2026-07-06
6804,Wazir Sabharwal,Male,64,Regular,Patna,Bihar,East,2024-05-05
6805,Hiral Buch,Female,18,Regular,Pune,Maharashtra,West,2022-04-30
6806,Ekaraj Gokhale,Male,19,Regular,Delhi,Delhi,North,2024-02-14
6807,Shivani Keer,Male,37,Regular,Mumbai,Maharashtra,West,2023-01-14
6808,Triya Srinivasan,Female,23,Regular,Mumbai,Maharashtra,West,2025-05-03
6809,Chameli Halder,Female,35,New,Amritsar,Punjab,North,2022-05-24
6810,Hema Modi,Female,25,New,Chennai,Tamil Nadu,South,2024-09-17
6811,Zilmil Tandon,Male,59,Regular,Pune,Maharashtra,West,2024-08-25
6812,Janaki Soni,Female,44,New,Chennai,Tamil Nadu,South,2022-05-12
6813,Damyanti Kapoor,Male,18,New,Kochi,Kerala,South,2022-02-01
6814,Naksh Batta,Male,64,Regular,Delhi,Delhi,North,2026-01-03
6815,Anamika Walla,Male,51,Regular,Amritsar,Punjab,North,2025-05-08
6816,Jeremiah Memon,Female,51,New,Bengaluru,Karnataka,South,2024-10-09
6817,Chandresh Balasubramanian,Female,52,New,Delhi,Delhi,North,2023-11-22
6818,Aditya Bhatti,Male,39,Premium,Chandigarh,Chandigarh,North,2025-02-21
6819,Vasudha Kari,Female,52,Premium,Kolkata,West Bengal,East,2023-08-19
6820,Bhavna Ganesh,Male,57,Regular,Coimbatore,Tamil Nadu,South,2023-12-05
6821,Jeremiah Pau,Female,63,Regular,Bengaluru,Karnataka,South,2023-07-25
6822,Bachittar Kant,Female,45,Regular,Kochi,Kerala,South,2022-11-05
6823,Chatresh Chad,Female,43,Premium,Chandigarh,Chandigarh,North,2023-08-07
6824,Daniel Chaudhry,Male,50,Premium,Coimbatore,Tamil Nadu,South,2025-02-15
6825,Unnati Khurana,Male,61,New,Chandigarh,Chandigarh,North,2024-12-06
6826,Triveni Gour,Male,40,Regular,Indore,Madhya Pradesh,West,2022-01-29
6827,Deepa Bhatti,Female,47,New,Ranchi,Jharkhand,East,2025-08-20
6828,Oviya Arya,Male,22,New,Jaipur,Rajasthan,North,2022-10-30
6829,Amaira Dass,Female,61,Regular,Delhi,Delhi,North,2025-12-06
6830,Teerth Narayan,Male,57,Regular,Chennai,Tamil Nadu,South,2026-02-16
6831,Saumya Mohan,Male,56,Premium,Surat,Gujarat,West,2024-08-03
6832,Ekantika Sahni,Female,26,New,Indore,Madhya Pradesh,West,2022-05-09
6833,Vansha Butala,Male,65,Regular,Amritsar,Punjab,North,2024-12-16
6834,Anmol Ganguly,Female,56,Premium,Bhubaneswar,Odisha,East,2026-06-14
6835,Charvi Shroff,Female,64,Premium,Kochi,Kerala,South,2022-05-14
6836,Neha Nair,Male,43,New,Kolkata,West Bengal,East,2025-03-07
6837,Luke Babu,Female,62,Regular,Surat,Gujarat,West,2021-08-03
6838,Rachana Mital,Female,48,Regular,Amritsar,Punjab,North,2024-05-29
6839,Ekansh Muni,Male,44,New,Pune,Maharashtra,West,2025-10-01
6840,Yahvi Suresh,Female,19,Premium,Kochi,Kerala,South,2023-01-16
6841,Eesha Lad,Male,47,Premium,Lucknow,Uttar Pradesh,North,2022-10-13
6842,Bhanumati Goda,Male,29,New,Pune,Maharashtra,West,2024-10-30
6843,Nandini Tailor,Female,46,New,Surat,Gujarat,West,2024-09-28
6844,Rachita Savant,Male,46,New,Amritsar,Punjab,North,2024-07-12
6845,Umang Hegde,Female,38,Premium,Mumbai,Maharashtra,West,2026-04-16
6846,Mugdha Bahl,Male,47,New,Chennai,Tamil Nadu,South,2023-01-24
6847,Qadim Palan,Male,38,Regular,Guwahati,Assam,East,2022-12-03
6848,Tristan Natt,Female,39,Regular,Chandigarh,Chandigarh,North,2022-05-29
6849,Yasti Chaudhari,Female,27,Regular,Surat,Gujarat,West,2023-10-27
6850,Anmol Srivastava,Female,42,New,Ahmedabad,Gujarat,West,2025-12-30
6851,Yuvraj Joshi,Male,53,New,Kolkata,West Bengal,East,2022-09-12
6852,Pallavi Mukherjee,Male,38,Premium,Guwahati,Assam,East,2021-10-15
6853,Michael Memon,Female,25,Premium,Delhi,Delhi,North,2022-01-16
6854,Anthony Yohannan,Female,39,Regular,Mumbai,Maharashtra,West,2025-04-30
6855,Nakul Bhakta,Male,54,New,Indore,Madhya Pradesh,West,2023-05-29
6856,Chaitanya Naik,Female,43,New,Chandigarh,Chandigarh,North,2022-09-29
6857,Chanakya Dass,Female,23,Regular,Kolkata,West Bengal,East,2026-02-12
6858,Eta Char,Female,20,New,Jaipur,Rajasthan,North,2022-10-12
6859,Gaurav Pau,Male,18,Premium,Jaipur,Rajasthan,North,2025-08-19
6860,Wishi Bhagat,Female,56,Regular,Hyderabad,Telangana,South,2026-04-10
6861,Charles Mahajan,Female,53,New,Coimbatore,Tamil Nadu,South,2025-07-22
6862,Harita Ramaswamy,Female,21,Premium,Ahmedabad,Gujarat,West,2022-04-18
6863,Naksh Prabhu,Male,55,Premium,Bengaluru,Karnataka,South,2023-01-24
6864,Karan Nagi,Male,24,New,Bengaluru,Karnataka,South,2025-08-08
6865,Vedika Varughese,Male,22,Regular,Hyderabad,Telangana,South,2022-09-12
6866,Zaid Pai,Female,35,New,Mumbai,Maharashtra,West,2021-11-29
6867,Udant Mukherjee,Male,43,Regular,Coimbatore,Tamil Nadu,South,2026-01-20
6868,Ekapad Singhal,Male,28,New,Bhubaneswar,Odisha,East,2024-08-04
6869,Dipta Parmar,Female,56,Regular,Chennai,Tamil Nadu,South,2022-02-01
6870,Manya Sankaran,Male,42,Premium,Bengaluru,Karnataka,South,2024-01-07
6871,Yutika Deep,Male,49,Regular,Bengaluru,Karnataka,South,2025-07-11
6872,Yatan Badal,Male,34,New,Bengaluru,Karnataka,South,2026-06-10
6873,Jai Roy,Female,26,Regular,Kochi,Kerala,South,2025-09-26
6874,Janya Sankaran,Female,41,New,Guwahati,Assam,East,2022-03-17
6875,Aditya Acharya,Female,19,Premium,Kochi,Kerala,South,2022-09-21
6876,Dhriti Barman,Male,59,Regular,Ranchi,Jharkhand,East,2023-10-30
6877,Dipta Rajan,Female,60,New,Patna,Bihar,East,2022-12-25
6878,Osha Sehgal,Female,34,New,Ranchi,Jharkhand,East,2024-01-16
6879,Damini Gupta,Female,31,Regular,Lucknow,Uttar Pradesh,North,2023-11-03
6880,Arjun Tiwari,Female,41,New,Patna,Bihar,East,2024-12-19
6881,Ikbal Basu,Female,64,Regular,Hyderabad,Telangana,South,2021-09-29
6882,Omisha Char,Female,59,New,Jaipur,Rajasthan,North,2021-12-05
6883,Manthan Sunder,Female,40,New,Indore,Madhya Pradesh,West,2025-10-14
6884,Sarthak Barad,Male,36,Regular,Hyderabad,Telangana,South,2025-09-10
6885,Ishwar Raju,Female,58,Premium,Hyderabad,Telangana,South,2022-12-10
6886,Nikita Trivedi,Female,31,Premium,Kochi,Kerala,South,2026-03-25
6887,Gaurang Wable,Female,51,New,Surat,Gujarat,West,2023-11-26
6888,Osha Bath,Male,19,Regular,Bhubaneswar,Odisha,East,2025-08-16
6889,Lakshmi Natt,Female,51,New,Surat,Gujarat,West,2026-07-03
6890,Lajita Srinivas,Female,33,Regular,Mumbai,Maharashtra,West,2026-07-03
6891,Advik Srinivas,Male,60,Regular,Kochi,Kerala,South,2022-06-01
6892,Naksh Agarwal,Male,64,Premium,Patna,Bihar,East,2026-04-14
6893,Bina Sem,Female,52,Premium,Indore,Madhya Pradesh,West,2025-02-26
6894,Tara Kade,Male,64,Regular,Jaipur,Rajasthan,North,2022-04-22
6895,Andrew Shukla,Male,41,Regular,Patna,Bihar,East,2023-04-18
6896,Tristan Bawa,Male,52,Premium,Amritsar,Punjab,North,2024-02-12
6897,Zinal Prabhu,Female,28,Regular,Ranchi,Jharkhand,East,2025-05-19
6898,Hiral Mander,Female,30,New,Delhi,Delhi,North,2022-01-19
6899,Nisha Shenoy,Male,54,New,Bhubaneswar,Odisha,East,2024-07-29
6900,Lila Srivastava,Female,32,Regular,Lucknow,Uttar Pradesh,North,2025-12-30
6901,Radhika Raghavan,Female,35,New,Pune,Maharashtra,West,2022-11-08
6902,Shivani Pradhan,Male,53,New,Kolkata,West Bengal,East,2024-03-03
6903,Vyanjana Chaudhuri,Female,26,New,Delhi,Delhi,North,2021-11-16
6904,Irya Sankar,Female,25,Regular,Guwahati,Assam,East,2021-12-15
6905,Neelima Johal,Male,62,New,Kolkata,West Bengal,East,2021-10-06
6906,Gaurav Thakur,Female,19,New,Jaipur,Rajasthan,North,2026-07-10
6907,Shaurya Din,Male,37,New,Coimbatore,Tamil Nadu,South,2021-10-12
6908,Krish Palla,Male,22,Regular,Hyderabad,Telangana,South,2021-08-13
6909,Priya Narula,Female,61,Premium,Kochi,Kerala,South,2024-03-07
6910,Wriddhish Singh,Female,57,Regular,Chennai,Tamil Nadu,South,2025-04-30
6911,Wyatt Badami,Male,64,Regular,Bhubaneswar,Odisha,East,2025-01-20
6912,Kritika Tandon,Male,33,Premium,Delhi,Delhi,North,2024-12-02
6913,Hritik Dyal,Male,35,New,Guwahati,Assam,East,2024-12-22
6914,Kamya Mandal,Female,29,New,Kochi,Kerala,South,2025-09-26
6915,Advik Chauhan,Male,53,New,Ahmedabad,Gujarat,West,2024-04-10
6916,Lakshit Prasad,Male,60,New,Surat,Gujarat,West,2022-04-03
6917,Geetika Nagi,Male,51,Regular,Kolkata,West Bengal,East,2026-04-25
6918,Hema Merchant,Male,51,Premium,Ranchi,Jharkhand,East,2021-08-27
6919,Yashica Bansal,Female,40,Regular,Coimbatore,Tamil Nadu,South,2024-06-26
6920,Warhi Ratti,Male,34,Regular,Patna,Bihar,East,2024-11-12
6921,Zinal Uppal,Male,55,Premium,Mumbai,Maharashtra,West,2024-09-10
6922,Krishna Chatterjee,Male,23,New,Hyderabad,Telangana,South,2023-12-05
6923,Samaksh Manda,Female,40,New,Ahmedabad,Gujarat,West,2023-06-30
6924,Daniel Bala,Female,62,Regular,Bhubaneswar,Odisha,East,2022-10-12
6925,Bishakha Kapoor,Male,48,Regular,Lucknow,Uttar Pradesh,North,2021-09-07
6926,Upkaar Badami,Male,44,New,Coimbatore,Tamil Nadu,South,2023-02-06
6927,Hitesh Sarma,Male,46,Regular,Pune,Maharashtra,West,2023-12-30
6928,Dipta Madan,Male,26,Regular,Ranchi,Jharkhand,East,2026-06-30
6929,Michael Vala,Female,41,Regular,Jaipur,Rajasthan,North,2023-08-09
6930,Jagrati Chaudhry,Female,34,Regular,Pune,Maharashtra,West,2024-08-19
6931,Naksh Dhillon,Female,19,New,Chandigarh,Chandigarh,North,2024-02-23
6932,Falak Raval,Male,50,New,Guwahati,Assam,East,2023-03-22
6933,Joshua Krish,Male,18,Regular,Surat,Gujarat,West,2021-10-24
6934,Bhavini Barad,Male,23,New,Lucknow,Uttar Pradesh,North,2021-09-21
6935,Siya Chaudry,Male,33,Premium,Pune,Maharashtra,West,2023-05-26
6936,Jyoti Venkataraman,Female,65,Regular,Kolkata,West Bengal,East,2022-06-16
6937,Adweta Chaudry,Female,39,New,Mumbai,Maharashtra,West,2024-05-10
6938,Yashica Arora,Male,26,Regular,Jaipur,Rajasthan,North,2026-02-25
6939,Neha Sankar,Male,61,Regular,Surat,Gujarat,West,2023-03-22
6940,Pranit Kalla,Male,35,New,Chandigarh,Chandigarh,North,2021-10-02
6941,Chaaya Majumdar,Male,37,Regular,Coimbatore,Tamil Nadu,South,2024-06-07
6942,Lakshmi Hari,Female,59,Premium,Kolkata,West Bengal,East,2023-12-19
6943,Logan Som,Male,41,Regular,Bengaluru,Karnataka,South,2023-08-14
6944,Baghyawati Mitter,Female,41,New,Kochi,Kerala,South,2023-06-29
6945,Maanav Dutta,Male,64,Regular,Chandigarh,Chandigarh,North,2023-01-19
6946,Manthan Krishnamurthy,Male,34,Regular,Bengaluru,Karnataka,South,2025-07-14
6947,Rayaan Bobal,Female,41,New,Kochi,Kerala,South,2024-03-21
6948,Wahab Shere,Female,29,New,Surat,Gujarat,West,2022-10-04
6949,Benjamin Kara,Female,36,Premium,Delhi,Delhi,North,2021-12-02
6950,Azad Dua,Female,30,New,Jaipur,Rajasthan,North,2026-04-02
6951,Jairaj Lall,Male,59,Regular,Amritsar,Punjab,North,2023-06-09
6952,Nilima Ahuja,Female,57,Regular,Bhubaneswar,Odisha,East,2025-06-23
6953,Aishani Sha,Male,20,Regular,Bhubaneswar,Odisha,East,2023-06-15
6954,Yachana Dash,Female,48,New,Coimbatore,Tamil Nadu,South,2026-03-11
6955,Divya Radhakrishnan,Female,19,Regular,Delhi,Delhi,North,2025-09-09
6956,Daksha Sunder,Male,61,Regular,Pune,Maharashtra,West,2026-04-27
6957,Bimala Bhatnagar,Male,42,Regular,Indore,Madhya Pradesh,West,2023-08-01
6958,Adweta Brar,Female,31,Regular,Kolkata,West Bengal,East,2026-05-20
6959,Ekaraj Varty,Male,45,Regular,Coimbatore,Tamil Nadu,South,2022-12-10
6960,Devika Andra,Male,65,Premium,Coimbatore,Tamil Nadu,South,2022-01-20
6961,Frederick Kata,Female,32,Regular,Amritsar,Punjab,North,2026-04-13
6962,Sai Agate,Male,55,Regular,Chennai,Tamil Nadu,South,2022-04-27
6963,Balvan Thakkar,Male,38,Premium,Kochi,Kerala,South,2023-01-31
6964,Anvi Batta,Female,45,Regular,Pune,Maharashtra,West,2023-05-05
6965,Sudiksha Chaudhry,Male,40,New,Mumbai,Maharashtra,West,2025-07-27
6966,Simon Biswas,Female,49,New,Coimbatore,Tamil Nadu,South,2023-01-06
6967,Adweta Pandya,Female,40,Regular,Lucknow,Uttar Pradesh,North,2021-08-23
6968,Anita Murty,Male,21,Regular,Jaipur,Rajasthan,North,2025-05-08
6969,Tanvi Narang,Female,21,Regular,Patna,Bihar,East,2023-11-27
6970,Amruta Bhagat,Male,26,Regular,Chandigarh,Chandigarh,North,2024-11-04
6971,Avi Kapadia,Male,53,New,Indore,Madhya Pradesh,West,2023-10-24
6972,Alka Kuruvilla,Male,31,Regular,Indore,Madhya Pradesh,West,2022-08-11
6973,Aarush Karpe,Male,28,New,Patna,Bihar,East,2024-08-17
6974,Veer Ramaswamy,Female,46,Regular,Guwahati,Assam,East,2022-10-09
6975,Gaurav Grewal,Male,59,Regular,Mumbai,Maharashtra,West,2025-04-11
6976,Charita Bobal,Male,56,Regular,Jaipur,Rajasthan,North,2025-08-13
6977,Anay Kapur,Female,61,Regular,Hyderabad,Telangana,South,2021-07-22
6978,Indali Kaur,Female,58,Regular,Ahmedabad,Gujarat,West,2022-05-17
6979,Ijaya Suresh,Male,33,Regular,Amritsar,Punjab,North,2026-03-28
6980,Wyatt Chahal,Male,20,New,Indore,Madhya Pradesh,West,2026-03-01
6981,Finn Bala,Male,46,New,Chandigarh,Chandigarh,North,2024-12-18
6982,Gaurangi Merchant,Male,38,Regular,Bengaluru,Karnataka,South,2026-07-09
6983,Noah Nagy,Male,35,Premium,Chandigarh,Chandigarh,North,2023-07-28
6984,Lipika Mani,Male,52,Regular,Mumbai,Maharashtra,West,2022-08-31
6985,Ridhi Mannan,Male,18,Regular,Bhubaneswar,Odisha,East,2021-08-22
6986,Ucchal Mital,Male,41,New,Chandigarh,Chandigarh,North,2026-04-16
6987,Zilmil Magar,Male,53,Regular,Chennai,Tamil Nadu,South,2025-12-02
6988,Unni Arora,Female,51,Regular,Bengaluru,Karnataka,South,2024-01-30
6989,Nidra Chhabra,Male,44,New,Lucknow,Uttar Pradesh,North,2026-01-10
6990,Tamanna Sidhu,Male,59,New,Chandigarh,Chandigarh,North,2021-08-30
6991,Sai Sunder,Female,56,Premium,Pune,Maharashtra,West,2021-07-22
6992,Vasana Munshi,Female,59,New,Lucknow,Uttar Pradesh,North,2026-04-15
6993,Rudra Jaggi,Female,29,New,Surat,Gujarat,West,2024-05-28
6994,Sachi Wable,Male,40,New,Delhi,Delhi,North,2025-08-13
6995,Riya Chhabra,Female,62,Premium,Bengaluru,Karnataka,South,2022-01-19
6996,Charles Bansal,Female,18,Regular,Delhi,Delhi,North,2024-05-28
6997,Onkar Chander,Female,33,Regular,Mumbai,Maharashtra,West,2022-12-04
6998,Gabriel Parikh,Female,19,Premium,Guwahati,Assam,East,2022-11-16
6999,Sara Mammen,Male,31,New,Kolkata,West Bengal,East,2023-03-17
7000,Zilmil Mitter,Female,23,Regular,Mumbai,Maharashtra,West,2022-09-03
7001,Hema Prasad,Male,57,New,Amritsar,Punjab,North,2024-11-08
7002,Ikbal Srinivasan,Female,34,New,Patna,Bihar,East,2026-03-28
7003,Siddharth Kaur,Female,27,Regular,Ranchi,Jharkhand,East,2025-06-02
7004,Christopher Mukhopadhyay,Female,42,Regular,Ahmedabad,Gujarat,West,2023-05-04
7005,Leena Raval,Male,47,Regular,Amritsar,Punjab,North,2024-08-15
7006,Libni Choudhury,Male,33,Regular,Surat,Gujarat,West,2026-06-09
7007,Tanmayi Keer,Male,62,Regular,Surat,Gujarat,West,2026-04-28
7008,Tarak Mitter,Female,33,New,Pune,Maharashtra,West,2022-01-20
7009,Anjali Toor,Male,26,New,Ranchi,Jharkhand,East,2025-05-09
7010,Rohan Palla,Female,52,New,Surat,Gujarat,West,2024-01-05
7011,Forum Kohli,Female,41,New,Bengaluru,Karnataka,South,2025-10-07
7012,Varenya Rama,Female,24,Regular,Pune,Maharashtra,West,2025-09-18
7013,Advika Brar,Female,65,New,Coimbatore,Tamil Nadu,South,2024-04-21
7014,Anusha Iyer,Male,64,New,Kolkata,West Bengal,East,2026-06-29
7015,Madhavi Sarraf,Female,60,Regular,Chennai,Tamil Nadu,South,2025-06-29
7016,Abeer Pau,Female,37,Premium,Mumbai,Maharashtra,West,2026-03-23
7017,Vanya Karnik,Male,49,New,Surat,Gujarat,West,2023-05-10
7018,Jeremiah Dani,Male,18,New,Pune,Maharashtra,West,2025-08-29
7019,Lipika Deshpande,Male,47,Regular,Kolkata,West Bengal,East,2025-12-10
7020,Raghav Prabhakar,Female,29,Regular,Mumbai,Maharashtra,West,2023-03-26
7021,Chasmum Rattan,Male,36,Regular,Jaipur,Rajasthan,North,2025-04-15
7022,Alexander Chaudry,Female,52,Regular,Bengaluru,Karnataka,South,2022-07-31
7023,Jalsa Sunder,Female,34,Premium,Pune,Maharashtra,West,2026-03-25
7024,Wazir Krishna,Female,42,Regular,Mumbai,Maharashtra,West,2021-07-23
7025,Hardik Zachariah,Female,55,Regular,Ranchi,Jharkhand,East,2024-11-04
7026,Matthew Pathak,Male,42,Regular,Mumbai,Maharashtra,West,2026-06-19
7027,Forum Bajwa,Male,35,New,Bengaluru,Karnataka,South,2023-02-23
7028,Lopa Bera,Male,43,Premium,Kochi,Kerala,South,2024-08-22
7029,Indrajit Bhakta,Female,54,Regular,Bengaluru,Karnataka,South,2021-07-27
7030,Panini Borah,Male,60,New,Chennai,Tamil Nadu,South,2021-12-13
7031,Reyansh Kuruvilla,Male,42,Regular,Kochi,Kerala,South,2023-08-12
7032,Liam Chahal,Male,35,New,Guwahati,Assam,East,2025-06-23
7033,Champak Vala,Female,21,Regular,Delhi,Delhi,North,2025-10-24
7034,Chavvi Prashad,Male,23,Regular,Pune,Maharashtra,West,2022-03-27
7035,Nidhi Sridhar,Male,50,Regular,Pune,Maharashtra,West,2025-09-12
7036,Ethan Bhat,Female,25,Regular,Hyderabad,Telangana,South,2022-03-05
7037,Jeet Tak,Male,52,New,Bengaluru,Karnataka,South,2022-11-08
7038,Yash Sachar,Female,59,Regular,Lucknow,Uttar Pradesh,North,2024-12-01
7039,Edhitha Saini,Female,61,Regular,Lucknow,Uttar Pradesh,North,2025-10-26
7040,Jonathan Bora,Female,54,Regular,Indore,Madhya Pradesh,West,2021-11-20
7041,Logan Bail,Female,57,Regular,Ahmedabad,Gujarat,West,2025-05-25
7042,Mitali Mani,Male,26,Regular,Jaipur,Rajasthan,North,2023-08-04
7043,Dev Kapoor,Male,25,Regular,Lucknow,Uttar Pradesh,North,2022-02-22
7044,Ranveer Sachdev,Female,39,New,Guwahati,Assam,East,2025-09-05
7045,Rajata Khare,Male,53,Premium,Ahmedabad,Gujarat,West,2022-11-05
7046,Edhitha Bhatti,Female,22,Regular,Delhi,Delhi,North,2023-08-27
7047,Radha Mahal,Female,44,Regular,Pune,Maharashtra,West,2023-08-10
7048,Manan Kar,Female,30,New,Bengaluru,Karnataka,South,2021-08-11
7049,Vedant Gola,Female,41,New,Chandigarh,Chandigarh,North,2025-06-11
7050,Manthan Ratti,Male,65,Regular,Ranchi,Jharkhand,East,2026-06-04
7051,Parth Rai,Female,56,Premium,Mumbai,Maharashtra,West,2025-07-24
7052,Triya Lad,Female,31,Regular,Guwahati,Assam,East,2025-12-23
7053,Noah Grewal,Male,23,Premium,Indore,Madhya Pradesh,West,2024-07-24
7054,Aarini Kuruvilla,Male,43,Regular,Coimbatore,Tamil Nadu,South,2023-02-06
7055,Yuvraj Sanghvi,Male,31,Regular,Bengaluru,Karnataka,South,2023-01-16
7056,Yashica Chowdhury,Male,45,New,Lucknow,Uttar Pradesh,North,2025-05-15
7057,Falan More,Male,61,Regular,Ahmedabad,Gujarat,West,2025-11-24
7058,Timothy Batra,Female,32,New,Bengaluru,Karnataka,South,2025-06-14
7059,Zinal Bakshi,Male,33,Premium,Kochi,Kerala,South,2023-09-01
7060,Varenya Chada,Female,35,Premium,Lucknow,Uttar Pradesh,North,2023-02-20
7061,Ijaya Bhalla,Female,62,Premium,Delhi,Delhi,North,2025-09-28
7062,Ojas Subramaniam,Female,61,Regular,Chandigarh,Chandigarh,North,2025-05-23
7063,Onveer Parekh,Female,65,Regular,Coimbatore,Tamil Nadu,South,2024-03-10
7064,Amol Lata,Female,50,Regular,Patna,Bihar,East,2024-06-03
7065,Upadhriti Ganguly,Female,33,New,Hyderabad,Telangana,South,2026-04-23
7066,Mekhala Rana,Female,35,Regular,Chandigarh,Chandigarh,North,2022-02-12
7067,Madhav Gupta,Male,27,New,Coimbatore,Tamil Nadu,South,2025-02-28
7068,Elijah Wason,Male,46,Regular,Patna,Bihar,East,2023-02-26
7069,Ekaja Padmanabhan,Male,38,New,Kolkata,West Bengal,East,2025-07-08
7070,Upadhriti Karan,Female,44,New,Jaipur,Rajasthan,North,2024-10-28
7071,Jagrati Suresh,Male,63,Regular,Bengaluru,Karnataka,South,2025-02-22
7072,Hiral Bir,Male,25,Regular,Kochi,Kerala,South,2025-10-19
7073,Aachal Seth,Female,40,Regular,Pune,Maharashtra,West,2024-05-11
7074,Ethan Bhatt,Male,64,New,Kolkata,West Bengal,East,2022-11-19
7075,Mahika Shah,Male,24,Regular,Patna,Bihar,East,2023-12-08
7076,Manbir Pant,Male,21,New,Ranchi,Jharkhand,East,2021-08-05
7077,Raagini Chawla,Female,56,Regular,Bengaluru,Karnataka,South,2023-07-02
7078,Bishakha Dyal,Female,57,Regular,Indore,Madhya Pradesh,West,2022-01-19
7079,Akshay Basak,Female,62,Regular,Amritsar,Punjab,North,2022-07-25
7080,Azad Trivedi,Female,26,Regular,Patna,Bihar,East,2023-05-06
7081,Zayyan Dewan,Male,62,New,Kolkata,West Bengal,East,2025-01-12
7082,Onveer Choudhry,Female,58,Regular,Lucknow,Uttar Pradesh,North,2024-02-04
7083,Samaksh Chacko,Male,44,Regular,Hyderabad,Telangana,South,2021-09-24
7084,Victor Sane,Male,22,Regular,Indore,Madhya Pradesh,West,2022-05-24
7085,Ikshita Dixit,Female,30,Regular,Chennai,Tamil Nadu,South,2026-06-12
7086,Kiaan Ahuja,Male,48,New,Surat,Gujarat,West,2022-06-15
7087,Arin Merchant,Female,60,Regular,Bengaluru,Karnataka,South,2021-11-09
7088,Zehaan Boase,Male,63,Regular,Hyderabad,Telangana,South,2022-03-23
7089,Vrishti Sani,Male,59,New,Hyderabad,Telangana,South,2023-09-21
7090,Meghana Narain,Female,24,New,Chennai,Tamil Nadu,South,2025-05-07
7091,Ira Narula,Female,61,New,Bengaluru,Karnataka,South,2021-11-12
7092,Andrew Patla,Male,45,Premium,Chennai,Tamil Nadu,South,2021-12-28
7093,Yochana Contractor,Male,24,Regular,Patna,Bihar,East,2025-12-17
7094,Kabir Dave,Female,35,New,Jaipur,Rajasthan,North,2024-08-17
7095,Sarthak Batta,Female,27,Regular,Hyderabad,Telangana,South,2023-09-07
7096,Advaith Seth,Female,33,Regular,Chandigarh,Chandigarh,North,2021-08-07
7097,Ekanta Barad,Female,46,Regular,Kolkata,West Bengal,East,2022-03-17
7098,Aarnav Gupta,Male,25,New,Ahmedabad,Gujarat,West,2022-04-21
7099,Anvi Hora,Female,44,New,Mumbai,Maharashtra,West,2024-11-19
7100,Samarth Contractor,Female,24,Premium,Kolkata,West Bengal,East,2026-07-08
7101,Ayushman Choudhury,Female,30,New,Ranchi,Jharkhand,East,2026-06-10
7102,Timothy Dasgupta,Female,20,New,Chandigarh,Chandigarh,North,2025-11-22
7103,Lekha Sinha,Male,37,Premium,Patna,Bihar,East,2023-08-25
7104,Aditya Kothari,Male,50,Regular,Kolkata,West Bengal,East,2025-03-04
7105,Aachal Prakash,Male,60,New,Kochi,Kerala,South,2022-07-26
7106,Devansh Bahl,Male,38,New,Delhi,Delhi,North,2022-12-05
7107,Mahika Lalla,Female,29,New,Ahmedabad,Gujarat,West,2023-06-26
7108,Azaan Mani,Male,33,New,Bengaluru,Karnataka,South,2024-06-09
7109,Ayaan Chaudhry,Female,45,Premium,Surat,Gujarat,West,2022-12-27
7110,Vrishti Ray,Male,28,Regular,Indore,Madhya Pradesh,West,2023-03-08
7111,Onkar Varty,Male,52,Regular,Bhubaneswar,Odisha,East,2023-01-12
7112,Chakrika Char,Female,23,Premium,Mumbai,Maharashtra,West,2021-07-21
7113,Eesha Badami,Male,56,Regular,Amritsar,Punjab,North,2022-02-17
7114,Ojasvi Chaudhary,Male,37,New,Amritsar,Punjab,North,2024-10-22
7115,Jason Narayan,Male,36,Regular,Hyderabad,Telangana,South,2025-03-11
7116,Kashish Dutta,Female,61,Premium,Lucknow,Uttar Pradesh,North,2025-09-20
7117,Kiaan Bava,Male,35,Regular,Coimbatore,Tamil Nadu,South,2025-01-10
7118,Tamanna Saxena,Male,37,New,Pune,Maharashtra,West,2023-02-27
7119,Inaya Madan,Female,31,Regular,Chennai,Tamil Nadu,South,2024-09-18
7120,Watika Ravel,Male,65,Regular,Ahmedabad,Gujarat,West,2025-03-28
7121,Rushil Patla,Female,64,Premium,Surat,Gujarat,West,2022-05-29
7122,Gagan D’Alia,Female,41,New,Amritsar,Punjab,North,2021-10-08
7123,Ekta Nagarajan,Female,33,Regular,Bhubaneswar,Odisha,East,2026-02-10
7124,Pratyush Sheth,Male,53,Premium,Kochi,Kerala,South,2024-01-26
7125,Neelima Baria,Male,46,Regular,Patna,Bihar,East,2023-10-06
7126,Anya Wali,Female,19,Regular,Bhubaneswar,Odisha,East,2022-08-22
7127,Anmol Kumar,Female,56,New,Bhubaneswar,Odisha,East,2024-06-22
7128,Yashica Amble,Male,33,New,Ranchi,Jharkhand,East,2026-01-29
7129,Jacob Sankaran,Female,36,New,Indore,Madhya Pradesh,West,2025-01-26
7130,Karan Gokhale,Female,56,Premium,Bhubaneswar,Odisha,East,2021-11-15
7131,Jhalak Narasimhan,Female,39,New,Lucknow,Uttar Pradesh,North,2024-07-31
7132,Janya Golla,Female,25,Regular,Jaipur,Rajasthan,North,2026-05-03
7133,Niharika Savant,Male,55,Regular,Bengaluru,Karnataka,South,2021-10-05
7134,Gaurang Chhabra,Male,53,New,Patna,Bihar,East,2023-02-21
7135,Udant Badami,Female,36,Regular,Pune,Maharashtra,West,2024-12-09
7136,Unni Sabharwal,Female,45,Regular,Surat,Gujarat,West,2025-01-29
7137,Zashil Nair,Female,47,Premium,Indore,Madhya Pradesh,West,2026-05-25
7138,Gagan Ramachandran,Male,47,Regular,Lucknow,Uttar Pradesh,North,2025-05-16
7139,Ucchal Barad,Male,23,Regular,Lucknow,Uttar Pradesh,North,2021-07-16
7140,Ijaya Ganesh,Female,23,New,Guwahati,Assam,East,2025-07-11
7141,Saksham Raghavan,Male,51,Premium,Delhi,Delhi,North,2022-06-11
7142,Darsh Amble,Male,39,New,Ranchi,Jharkhand,East,2025-01-30
7143,Anita Shanker,Female,44,Regular,Surat,Gujarat,West,2026-02-11
7144,Kalpit Tripathi,Male,59,New,Ahmedabad,Gujarat,West,2023-09-13
7145,Abhimanyu Tandon,Female,19,Premium,Kolkata,West Bengal,East,2024-09-18
7146,Jackson Koshy,Female,60,Regular,Lucknow,Uttar Pradesh,North,2022-12-09
7147,Jonathan Shukla,Male,31,Regular,Patna,Bihar,East,2025-03-10
7148,Meera Bava,Female,57,New,Bhubaneswar,Odisha,East,2022-01-23
7149,Siddharth Verma,Female,19,Regular,Indore,Madhya Pradesh,West,2026-02-05
7150,Madhav Varghese,Male,59,Regular,Patna,Bihar,East,2024-12-02
7151,Yauvani Cheema,Female,63,Regular,Ranchi,Jharkhand,East,2023-05-13
7152,Wahab Sibal,Female,37,New,Kochi,Kerala,South,2024-04-07
7153,Charan Anand,Female,29,Premium,Chandigarh,Chandigarh,North,2023-07-08
7154,Warjas Taneja,Female,62,Premium,Mumbai,Maharashtra,West,2024-10-05
7155,Aradhana Munshi,Female,25,New,Hyderabad,Telangana,South,2024-06-22
7156,Dayita Malhotra,Male,39,Regular,Kolkata,West Bengal,East,2023-11-07
7157,Siya Rau,Female,63,Regular,Chandigarh,Chandigarh,North,2022-02-01
7158,Pooja Deshmukh,Male,42,Regular,Surat,Gujarat,West,2024-06-11
7159,Bhavani Kata,Male,58,New,Guwahati,Assam,East,2023-06-19
7160,Isha Chopra,Female,54,Regular,Pune,Maharashtra,West,2023-01-09
7161,Aashi Krish,Male,60,Regular,Kochi,Kerala,South,2024-12-25
7162,Zaitra Narayan,Female,50,Regular,Pune,Maharashtra,West,2023-03-29
7163,Turvi Sanghvi,Male,64,Regular,Bhubaneswar,Odisha,East,2026-04-24
7164,Shravya Tripathi,Male,27,Regular,Delhi,Delhi,North,2023-05-10
7165,Forum Saha,Female,56,Regular,Indore,Madhya Pradesh,West,2025-04-26
7166,Kritika Sood,Male,18,New,Kolkata,West Bengal,East,2024-11-12
7167,Damini Barad,Female,27,Premium,Guwahati,Assam,East,2024-03-02
7168,Dakshesh Savant,Female,51,Regular,Surat,Gujarat,West,2023-12-25
7169,Unnati Shroff,Male,31,New,Surat,Gujarat,West,2024-10-18
7170,Reyansh Mutti,Female,27,New,Ahmedabad,Gujarat,West,2026-04-28
7171,Vyanjana Trivedi,Female,31,Regular,Chandigarh,Chandigarh,North,2024-10-28
7172,Naksh Dixit,Female,31,Premium,Patna,Bihar,East,2024-03-17
7173,Barkha Arya,Female,65,Regular,Ranchi,Jharkhand,East,2022-06-28
7174,Nilima Oak,Male,52,Regular,Chennai,Tamil Nadu,South,2022-09-19
7175,Caleb Grover,Male,32,New,Chandigarh,Chandigarh,North,2022-03-09
7176,Maya Murty,Female,23,Regular,Ranchi,Jharkhand,East,2022-08-28
7177,Wazir Murthy,Female,32,Premium,Mumbai,Maharashtra,West,2022-07-07
7178,Jagat Mane,Female,35,Regular,Lucknow,Uttar Pradesh,North,2025-01-03
7179,Adweta Bera,Female,45,New,Ranchi,Jharkhand,East,2024-08-26
7180,Yatan Loyal,Male,42,Regular,Kochi,Kerala,South,2022-06-24
7181,Brinda Samra,Female,52,New,Kochi,Kerala,South,2023-12-12
7182,Bahadurjit Kibe,Female,49,Regular,Kolkata,West Bengal,East,2025-07-01
7183,Jhalak Padmanabhan,Female,57,Regular,Ranchi,Jharkhand,East,2025-02-01
7184,Manthan Bansal,Male,36,Regular,Patna,Bihar,East,2025-01-04
7185,Upma Krishnamurthy,Female,30,New,Bhubaneswar,Odisha,East,2021-09-27
7186,Dayamai Lanka,Female,19,Premium,Surat,Gujarat,West,2021-11-26
7187,Anusha Singhal,Female,47,Regular,Kochi,Kerala,South,2026-03-22
7188,Nathaniel Chokshi,Female,36,Regular,Indore,Madhya Pradesh,West,2025-07-14
7189,Girik Divan,Male,19,Regular,Jaipur,Rajasthan,North,2024-04-16
7190,Omya Nair,Female,40,Regular,Surat,Gujarat,West,2023-12-04
7191,Harshil Dube,Female,40,Regular,Jaipur,Rajasthan,North,2021-09-07
7192,Warjas Bala,Male,22,Regular,Hyderabad,Telangana,South,2022-05-19
7193,Bhanumati Saini,Male,59,Regular,Ranchi,Jharkhand,East,2023-05-12
7194,Yuvraj Agrawal,Male,20,New,Bengaluru,Karnataka,South,2024-04-28
7195,Kala Naik,Female,65,Regular,Amritsar,Punjab,North,2026-03-22
7196,Gaurangi Behl,Female,43,Regular,Lucknow,Uttar Pradesh,North,2025-08-05
7197,Simon Natarajan,Male,33,New,Guwahati,Assam,East,2022-03-02
7198,Wishi Sur,Female,33,Regular,Patna,Bihar,East,2023-09-06
7199,Tarak Kata,Female,33,Premium,Ranchi,Jharkhand,East,2025-05-18
7200,Nimrat Handa,Male,61,Premium,Bhubaneswar,Odisha,East,2024-10-07
7201,Adya Roy,Female,20,Regular,Kochi,Kerala,South,2024-06-02
7202,Yash Ratta,Female,47,New,Delhi,Delhi,North,2021-09-17
7203,Panini Badal,Male,22,Regular,Amritsar,Punjab,North,2024-05-13
7204,Mason Bhatia,Female,55,New,Chandigarh,Chandigarh,North,2022-06-15
7205,Geetika Bajaj,Male,23,Premium,Ranchi,Jharkhand,East,2024-05-10
7206,Baljiwan Sankaran,Male,23,New,Ahmedabad,Gujarat,West,2023-07-16
7207,Arjun Bhavsar,Male,65,New,Jaipur,Rajasthan,North,2024-10-02
7208,Orinder Barad,Female,45,Regular,Ahmedabad,Gujarat,West,2026-04-26
7209,Zayyan More,Female,48,Regular,Jaipur,Rajasthan,North,2021-10-24
7210,Rajata Soni,Male,50,Regular,Surat,Gujarat,West,2024-08-05
7211,Lavanya Gopal,Female,60,Regular,Indore,Madhya Pradesh,West,2026-01-03
7212,Wazir Kashyap,Female,64,New,Jaipur,Rajasthan,North,2025-03-06
7213,Nakul Purohit,Female,53,New,Surat,Gujarat,West,2024-06-23
7214,Isaiah Agate,Male,65,Regular,Coimbatore,Tamil Nadu,South,2025-06-14
7215,Aryan Srinivasan,Female,43,New,Bhubaneswar,Odisha,East,2025-10-15
7216,Omisha Basak,Female,19,Regular,Guwahati,Assam,East,2021-12-17
7217,Maanav Vaidya,Male,62,Regular,Jaipur,Rajasthan,North,2025-11-12
7218,Sai Mammen,Male,64,Regular,Chennai,Tamil Nadu,South,2022-09-14
7219,Diya Mangal,Male,49,Premium,Coimbatore,Tamil Nadu,South,2022-06-12
7220,Vritti Wason,Male,38,Premium,Ahmedabad,Gujarat,West,2024-08-21
7221,Maanav Bhatia,Male,57,Premium,Ranchi,Jharkhand,East,2025-12-25
7222,Nathan Vasa,Male,22,New,Pune,Maharashtra,West,2023-07-16
7223,Fariq Ganesh,Female,22,New,Kolkata,West Bengal,East,2025-09-09
7224,Bishakha Kuruvilla,Female,42,New,Bengaluru,Karnataka,South,2023-08-23
7225,Jasmit Thakur,Female,37,Premium,Jaipur,Rajasthan,North,2023-08-13
7226,Anika Swaminathan,Male,53,Premium,Pune,Maharashtra,West,2024-06-07
7227,Anirudh Sandhu,Female,64,Premium,Jaipur,Rajasthan,North,2023-07-31
7228,Ria Dugal,Female,47,New,Bhubaneswar,Odisha,East,2025-12-19
7229,Hema Goel,Male,18,Premium,Patna,Bihar,East,2025-01-04
7230,Sneha Shroff,Female,36,Regular,Hyderabad,Telangana,South,2023-05-06
7231,Warda Yadav,Male,64,New,Delhi,Delhi,North,2025-01-04
7232,Aarush Mahajan,Female,59,Regular,Coimbatore,Tamil Nadu,South,2022-11-03
7233,Upadhriti Shanker,Male,52,New,Hyderabad,Telangana,South,2023-08-15
7234,Radha Chadha,Female,49,Regular,Surat,Gujarat,West,2025-05-31
7235,Michael Mohan,Male,31,New,Ahmedabad,Gujarat,West,2022-03-31
7236,Laban Vala,Female,22,Regular,Chandigarh,Chandigarh,North,2022-04-24
7237,Nandini Bobal,Male,40,Regular,Bengaluru,Karnataka,South,2025-07-09
7238,Aarini Dar,Female,44,Premium,Bhubaneswar,Odisha,East,2025-01-27
7239,Harita Hayre,Male,40,Regular,Guwahati,Assam,East,2023-09-22
7240,Zaitra Samra,Female,58,Regular,Coimbatore,Tamil Nadu,South,2025-11-12
7241,Mitali Varma,Female,53,Regular,Bengaluru,Karnataka,South,2021-09-13
7242,Falan Ratti,Male,54,Premium,Patna,Bihar,East,2021-08-03
7243,Jhalak Bhatt,Male,53,New,Kolkata,West Bengal,East,2023-06-05
7244,Jatin Ghosh,Female,51,Regular,Ahmedabad,Gujarat,West,2022-04-04
7245,Kiaan Patel,Female,40,New,Lucknow,Uttar Pradesh,North,2025-05-05
7246,Anamika Chacko,Male,24,New,Chennai,Tamil Nadu,South,2022-09-23
7247,Frado Chada,Male,53,Regular,Hyderabad,Telangana,South,2025-09-23
7248,Anmol Vig,Male,52,Premium,Delhi,Delhi,North,2026-06-04
7249,Urishilla Agarwal,Female,30,New,Jaipur,Rajasthan,North,2023-09-26
7250,Vedika Chauhan,Male,37,Regular,Bhubaneswar,Odisha,East,2024-12-30
7251,Varsha Sibal,Female,54,Premium,Bengaluru,Karnataka,South,2023-05-16
7252,Urishilla Mangal,Male,55,Premium,Pune,Maharashtra,West,2024-10-12
7253,Umang Samra,Male,50,New,Chandigarh,Chandigarh,North,2021-10-29
7254,Saanvi Raghavan,Female,30,Premium,Bhubaneswar,Odisha,East,2026-05-31
7255,Chaaya Sachar,Male,36,New,Kolkata,West Bengal,East,2023-10-20
7256,Falak Bhavsar,Male,33,Regular,Mumbai,Maharashtra,West,2021-12-14
7257,Charan Singh,Female,41,New,Jaipur,Rajasthan,North,2021-12-29
7258,Watika Pathak,Male,38,New,Bengaluru,Karnataka,South,2021-10-16
7259,Advik Pradhan,Male,21,Regular,Bengaluru,Karnataka,South,2021-09-04
7260,Bhavya Solanki,Male,46,Regular,Patna,Bihar,East,2021-10-10
7261,Parth Bali,Male,60,New,Indore,Madhya Pradesh,West,2022-05-09
7262,Upma Patla,Female,41,New,Delhi,Delhi,North,2021-12-11
7263,Amruta Sharma,Female,47,Regular,Patna,Bihar,East,2026-01-22
7264,Victor Sami,Male,65,New,Surat,Gujarat,West,2024-11-28
7265,Dayamai Kumar,Female,25,Regular,Patna,Bihar,East,2023-02-21
7266,Hiral Dora,Male,27,New,Coimbatore,Tamil Nadu,South,2025-09-10
7267,Noah Bhalla,Female,39,New,Indore,Madhya Pradesh,West,2023-06-15
7268,Bhavani Chowdhury,Female,37,Regular,Bengaluru,Karnataka,South,2022-12-10
7269,Ridhi Manne,Male,19,Regular,Amritsar,Punjab,North,2023-04-14
7270,Girik Guha,Female,59,Regular,Mumbai,Maharashtra,West,2021-09-24
7271,Sachi Sampath,Male,19,New,Indore,Madhya Pradesh,West,2022-09-23
7272,Sara Raghavan,Male,28,Premium,Amritsar,Punjab,North,2025-07-08
7273,Aayush Wagle,Male,43,Regular,Bhubaneswar,Odisha,East,2024-03-15
7274,Gaurang Shankar,Male,27,New,Kochi,Kerala,South,2023-02-20
7275,Janani Verma,Female,58,Regular,Lucknow,Uttar Pradesh,North,2023-01-16
7276,Zaitra Upadhyay,Female,57,Premium,Pune,Maharashtra,West,2023-01-10
7277,Bakhshi Varma,Male,51,New,Pune,Maharashtra,West,2021-12-06
7278,Yahvi Rattan,Female,54,New,Hyderabad,Telangana,South,2021-10-29
7279,Ishani Sawhney,Male,40,Regular,Delhi,Delhi,North,2022-05-23
7280,Avi Sarkar,Female,49,Regular,Chennai,Tamil Nadu,South,2022-10-24
7281,Kashvi Kohli,Female,21,Regular,Chennai,Tamil Nadu,South,2022-08-01
7282,Ikbal Chatterjee,Male,19,New,Chennai,Tamil Nadu,South,2023-02-14
7283,Dakshesh Vasa,Female,53,New,Lucknow,Uttar Pradesh,North,2026-01-16
7284,Zashil Roy,Female,65,Regular,Guwahati,Assam,East,2023-05-25
7285,Tristan Gandhi,Male,53,New,Hyderabad,Telangana,South,2024-12-03
7286,Nisha Dalal,Male,57,Regular,Mumbai,Maharashtra,West,2021-12-01
7287,Charles Setty,Female,39,Regular,Kolkata,West Bengal,East,2024-01-14
7288,Anvi Wali,Female,61,New,Bengaluru,Karnataka,South,2025-02-25
7289,Nachiket Divan,Female,19,Premium,Chandigarh,Chandigarh,North,2021-07-30
7290,Alka Dubey,Female,53,Regular,Mumbai,Maharashtra,West,2024-10-26
7291,Krish Anand,Male,34,Regular,Chandigarh,Chandigarh,North,2023-04-08
7292,Chaman Gade,Female,37,New,Lucknow,Uttar Pradesh,North,2023-03-18
7293,Harsh Dhaliwal,Female,43,New,Ahmedabad,Gujarat,West,2025-08-25
7294,Upma Kumer,Male,34,Regular,Kolkata,West Bengal,East,2026-05-19
7295,Sanya Mody,Female,45,New,Amritsar,Punjab,North,2024-07-31
7296,Owen Kota,Male,20,Premium,Ahmedabad,Gujarat,West,2023-06-21
7297,Vasatika Krishnan,Female,58,New,Lucknow,Uttar Pradesh,North,2026-03-20
7298,Faris Lala,Male,32,Regular,Ranchi,Jharkhand,East,2024-12-12
7299,Qadim Tata,Female,64,Regular,Indore,Madhya Pradesh,West,2023-09-08
7300,Anika Padmanabhan,Female,62,Regular,Ahmedabad,Gujarat,West,2023-03-20
7301,Pallavi Sehgal,Male,42,New,Bengaluru,Karnataka,South,2025-07-16
7302,Yahvi Vasa,Male,26,Regular,Lucknow,Uttar Pradesh,North,2025-11-10
7303,Triya Singhal,Male,64,New,Delhi,Delhi,North,2024-10-12
7304,Forum Varghese,Female,18,Premium,Coimbatore,Tamil Nadu,South,2023-03-11
7305,Chaitaly Biswas,Female,60,New,Ranchi,Jharkhand,East,2022-10-29
7306,Jack Deshpande,Male,31,Premium,Mumbai,Maharashtra,West,2022-09-18
7307,Ojasvi Aggarwal,Female,25,Regular,Chandigarh,Chandigarh,North,2025-02-23
7308,Qabil Setty,Female,64,New,Guwahati,Assam,East,2024-12-28
7309,Sathvik Krishnamurthy,Male,63,Regular,Coimbatore,Tamil Nadu,South,2023-03-15
7310,Zaitra Bala,Male,55,New,Patna,Bihar,East,2023-06-03
7311,Bhavini Menon,Female,54,Premium,Jaipur,Rajasthan,North,2022-02-02
7312,Pahal Palla,Male,37,Regular,Jaipur,Rajasthan,North,2023-12-06
7313,Jagvi Rout,Male,55,New,Pune,Maharashtra,West,2023-07-28
7314,Laban Deo,Female,48,Regular,Kolkata,West Bengal,East,2024-04-22
7315,David Shroff,Female,64,New,Bengaluru,Karnataka,South,2025-01-16
7316,Gautami Krishnan,Female,49,Premium,Chennai,Tamil Nadu,South,2021-09-04
7317,Vincent Chaudry,Female,50,New,Amritsar,Punjab,North,2024-02-17
7318,Kalpit Sengupta,Female,39,Regular,Indore,Madhya Pradesh,West,2023-06-07
7319,Wyatt Kothari,Male,41,Regular,Pune,Maharashtra,West,2024-09-18
7320,Patrick Swamy,Male,63,Premium,Chennai,Tamil Nadu,South,2021-10-19
7321,Neel Mane,Male,27,New,Delhi,Delhi,North,2021-11-15
7322,Omya Guha,Male,20,Regular,Hyderabad,Telangana,South,2023-01-10
7323,Kalpit Bose,Female,45,Regular,Indore,Madhya Pradesh,West,2025-11-05
7324,Vyanjana Grewal,Female,44,Regular,Ranchi,Jharkhand,East,2022-08-02
7325,Champak Rana,Male,57,New,Indore,Madhya Pradesh,West,2024-04-28
7326,Chanchal Palan,Female,53,New,Ahmedabad,Gujarat,West,2023-08-14
7327,Yochana Rattan,Female,64,New,Kochi,Kerala,South,2024-08-25
7328,Rachita Nanda,Female,54,Regular,Guwahati,Assam,East,2023-06-03
7329,Fariq Virk,Male,23,New,Ahmedabad,Gujarat,West,2025-01-29
7330,Patrick Nigam,Male,23,Regular,Hyderabad,Telangana,South,2026-03-10
7331,Lakshmi Sant,Female,61,New,Ahmedabad,Gujarat,West,2022-03-26
7332,Anjali Ramakrishnan,Male,50,Premium,Guwahati,Assam,East,2024-06-15
7333,Parth Yadav,Female,35,Premium,Ahmedabad,Gujarat,West,2024-06-25
7334,Bhavini Sen,Female,51,Regular,Delhi,Delhi,North,2024-01-17
7335,Mitesh Basu,Female,46,Regular,Pune,Maharashtra,West,2025-12-15
7336,Oliver Zachariah,Male,57,New,Kolkata,West Bengal,East,2022-10-01
7337,Gavin Ganesh,Female,39,New,Surat,Gujarat,West,2024-04-24
7338,Anay Johal,Female,40,New,Hyderabad,Telangana,South,2022-08-01
7339,Rajata Memon,Female,59,Regular,Kolkata,West Bengal,East,2025-11-15
7340,Vasana Ramachandran,Male,57,Regular,Ahmedabad,Gujarat,West,2022-03-03
7341,Quincy Sinha,Female,33,Premium,Surat,Gujarat,West,2022-03-20
7342,Kritika Balakrishnan,Male,40,Regular,Delhi,Delhi,North,2022-04-04
7343,Abeer Tiwari,Male,43,Regular,Bengaluru,Karnataka,South,2025-02-23
7344,Saumya Kara,Male,65,Regular,Bengaluru,Karnataka,South,2026-07-04
7345,Fariq Amble,Female,59,Regular,Guwahati,Assam,East,2025-09-10
7346,Tristan Lata,Female,27,New,Chennai,Tamil Nadu,South,2023-07-28
7347,Jyoti Srinivasan,Female,52,Regular,Coimbatore,Tamil Nadu,South,2024-09-22
7348,Oscar Hans,Male,48,Regular,Hyderabad,Telangana,South,2022-10-01
7349,Sneha Tata,Male,54,Regular,Surat,Gujarat,West,2026-04-23
7350,Daksh Kumar,Male,23,Premium,Ranchi,Jharkhand,East,2024-10-04
7351,Ishanvi Singhal,Male,31,New,Jaipur,Rajasthan,North,2023-03-10
7352,Turvi Kannan,Male,22,New,Hyderabad,Telangana,South,2022-08-17
7353,Onkar Padmanabhan,Female,65,Regular,Bhubaneswar,Odisha,East,2025-04-06
7354,Arin Muni,Female,43,Regular,Hyderabad,Telangana,South,2025-08-13
7355,Benjamin Dua,Female,38,New,Mumbai,Maharashtra,West,2025-01-30
7356,Bina Roy,Female,19,Regular,Patna,Bihar,East,2023-03-11
7357,Shivani Shanker,Male,43,Premium,Bhubaneswar,Odisha,East,2024-02-22
7358,Hemang Chawla,Female,49,Premium,Amritsar,Punjab,North,2024-10-13
7359,Jagvi Sama,Male,49,New,Ranchi,Jharkhand,East,2023-08-13
7360,Mugdha Sharma,Female,65,Premium,Bengaluru,Karnataka,South,2024-09-21
7361,Hemal Rai,Female,57,Regular,Kochi,Kerala,South,2022-09-13
7362,Arya Varma,Male,63,Regular,Delhi,Delhi,North,2024-07-31
7363,Raagini Tata,Female,65,Regular,Ranchi,Jharkhand,East,2024-11-22
7364,Rachit Gokhale,Female,65,Regular,Coimbatore,Tamil Nadu,South,2025-04-08
7365,Nicholas Mander,Male,40,Regular,Chandigarh,Chandigarh,North,2024-08-27
7366,Indira Warrior,Male,19,Regular,Bhubaneswar,Odisha,East,2024-04-04
7367,Ayush Anne,Female,38,Regular,Surat,Gujarat,West,2023-11-12
7368,Neel Khare,Male,42,Regular,Bengaluru,Karnataka,South,2024-10-31
7369,Dhriti Mallick,Female,31,New,Kochi,Kerala,South,2024-12-03
7370,Anvi Balay,Female,59,Premium,Ranchi,Jharkhand,East,2026-05-01
7371,Ekantika Jhaveri,Female,18,Regular,Patna,Bihar,East,2023-12-23
7372,Champak Kar,Male,48,Regular,Indore,Madhya Pradesh,West,2021-10-31
7373,Yasti Balakrishnan,Male,56,New,Kolkata,West Bengal,East,2025-11-01
7374,Yamini Tara,Female,41,Regular,Lucknow,Uttar Pradesh,North,2025-01-02
7375,Maanas Kapur,Male,54,New,Kolkata,West Bengal,East,2021-12-28
7376,Chatresh Nagi,Male,37,New,Patna,Bihar,East,2022-10-10
7377,Balvan Zachariah,Male,61,Regular,Hyderabad,Telangana,South,2025-12-29
7378,Jasmit Kamdar,Female,57,Regular,Lucknow,Uttar Pradesh,North,2024-11-26
7379,Rudra Nanda,Male,51,Regular,Coimbatore,Tamil Nadu,South,2022-07-27
7380,Kai Sengupta,Female,35,New,Guwahati,Assam,East,2023-07-22
7381,Ekavir Nagar,Female,40,Regular,Surat,Gujarat,West,2023-12-29
7382,Raagini Pillai,Male,48,New,Ahmedabad,Gujarat,West,2026-03-02
7383,Ira Talwar,Female,37,Premium,Jaipur,Rajasthan,North,2023-11-07
7384,Kamala Pillai,Female,32,Regular,Bhubaneswar,Odisha,East,2023-03-29
7385,Ekiya Khatri,Female,60,Regular,Indore,Madhya Pradesh,West,2021-08-30
7386,Krish Butala,Female,44,New,Mumbai,Maharashtra,West,2024-12-23
7387,Yoshita Patla,Male,55,New,Chennai,Tamil Nadu,South,2023-10-02
7388,Falan Kapur,Male,49,Premium,Guwahati,Assam,East,2025-11-30
7389,Dhriti Deep,Female,25,New,Pune,Maharashtra,West,2024-08-28
7390,Luke Bhatia,Female,55,Regular,Bhubaneswar,Odisha,East,2025-03-26
7391,Falan Ramesh,Male,21,Regular,Surat,Gujarat,West,2026-04-01
7392,Ekalinga Goyal,Male,39,New,Delhi,Delhi,North,2024-10-14
7393,Vyanjana Merchant,Female,32,Regular,Ranchi,Jharkhand,East,2021-12-31
7394,Manthan Bhasin,Female,33,Regular,Guwahati,Assam,East,2025-02-02
7395,Krishna Solanki,Female,26,New,Jaipur,Rajasthan,North,2025-07-22
7396,Ubika Jain,Female,47,New,Hyderabad,Telangana,South,2024-09-09
7397,Charita Bhandari,Female,24,New,Ranchi,Jharkhand,East,2021-08-30
7398,Wyatt Gera,Female,59,Premium,Hyderabad,Telangana,South,2022-06-24
7399,Om Mane,Male,43,Regular,Ahmedabad,Gujarat,West,2025-02-25
7400,Aditya Ghose,Female,31,New,Patna,Bihar,East,2025-12-05
7401,Vivaan Mann,Male,27,New,Bhubaneswar,Odisha,East,2024-06-13
7402,Zashil Chana,Female,53,Regular,Patna,Bihar,East,2024-10-03
7403,Balvan Pathak,Female,49,Regular,Amritsar,Punjab,North,2022-06-01
7404,Irya Sridhar,Female,50,Regular,Ranchi,Jharkhand,East,2025-02-16
7405,Avi Mandal,Female,20,Regular,Lucknow,Uttar Pradesh,North,2024-05-24
7406,Zayyan Chakrabarti,Female,58,New,Coimbatore,Tamil Nadu,South,2026-03-01
7407,Mitesh Nair,Female,28,Regular,Chandigarh,Chandigarh,North,2022-03-21
7408,Gabriel Chahal,Female,46,Premium,Chennai,Tamil Nadu,South,2023-01-18
7409,Samar Mittal,Male,47,New,Jaipur,Rajasthan,North,2026-04-24
7410,Adweta Thakkar,Female,55,Regular,Jaipur,Rajasthan,North,2025-03-29
7411,Ekapad Jaggi,Female,64,Regular,Mumbai,Maharashtra,West,2025-02-01
7412,Patrick Shenoy,Female,64,Regular,Indore,Madhya Pradesh,West,2022-08-10
7413,Gagan Grewal,Male,53,New,Hyderabad,Telangana,South,2023-09-04
7414,Kabir D’Alia,Female,20,Regular,Patna,Bihar,East,2024-01-02
7415,Atharv Gandhi,Female,41,Regular,Kochi,Kerala,South,2025-05-18
7416,Yadavi Chacko,Male,47,Regular,Mumbai,Maharashtra,West,2024-08-19
7417,George Mann,Female,24,New,Chandigarh,Chandigarh,North,2026-07-04
7418,Bakhshi Gaba,Female,40,New,Delhi,Delhi,North,2024-06-30
7419,Ekaraj Raghavan,Male,46,New,Delhi,Delhi,North,2024-08-17
7420,Jalsa Dugar,Female,54,Regular,Lucknow,Uttar Pradesh,North,2024-12-03
7421,Balendra Varghese,Male,49,New,Guwahati,Assam,East,2022-06-23
7422,Rehaan Nagi,Male,51,Regular,Indore,Madhya Pradesh,West,2022-04-22
7423,Girindra Sathe,Male,43,Regular,Patna,Bihar,East,2023-07-02
7424,Raagini Rastogi,Female,55,Regular,Bengaluru,Karnataka,South,2026-05-02
7425,Ekapad Sule,Female,46,Regular,Coimbatore,Tamil Nadu,South,2023-12-25
7426,George Contractor,Female,30,Regular,Pune,Maharashtra,West,2021-12-17
7427,Bina Banik,Male,41,New,Surat,Gujarat,West,2025-12-23
7428,Isaac Khare,Female,20,New,Guwahati,Assam,East,2023-02-21
7429,Arin Kothari,Female,26,Regular,Mumbai,Maharashtra,West,2025-02-23
7430,Jhalak Sani,Male,35,Regular,Coimbatore,Tamil Nadu,South,2022-11-24
7431,Faraj Kunda,Male,40,New,Chandigarh,Chandigarh,North,2021-09-03
7432,Mahika Pai,Male,22,Regular,Chandigarh,Chandigarh,North,2026-01-04
7433,Sudiksha Palan,Male,56,New,Bhubaneswar,Odisha,East,2021-10-29
7434,Ishita Sharaf,Male,49,New,Ahmedabad,Gujarat,West,2025-04-17
7435,Krishna Joshi,Male,45,New,Guwahati,Assam,East,2022-04-18
7436,Rohan Tank,Female,48,Premium,Pune,Maharashtra,West,2022-02-14
7437,Girik Bhakta,Male,62,New,Surat,Gujarat,West,2026-05-03
7438,Azaan Guha,Male,30,New,Guwahati,Assam,East,2023-02-11
7439,Samesh Bhasin,Female,61,New,Delhi,Delhi,North,2025-05-02
7440,Arin Arya,Female,41,New,Hyderabad,Telangana,South,2023-08-29
7441,Neha Ranganathan,Male,50,Regular,Kochi,Kerala,South,2023-04-06
7442,Laksh Kota,Male,60,New,Hyderabad,Telangana,South,2023-07-10
7443,Daniel Balakrishnan,Female,55,New,Pune,Maharashtra,West,2022-08-17
7444,Aditya Bala,Male,50,Regular,Kolkata,West Bengal,East,2024-01-01
7445,Anusha Bava,Male,23,New,Surat,Gujarat,West,2024-06-08
7446,Zaid Gopal,Male,28,Regular,Chennai,Tamil Nadu,South,2024-05-02
7447,Azaan Ravi,Male,38,Regular,Jaipur,Rajasthan,North,2022-08-14
7448,Chaaya Mangal,Male,24,New,Kochi,Kerala,South,2023-03-23
7449,Onveer Kohli,Male,39,Regular,Indore,Madhya Pradesh,West,2025-12-11
7450,Waida Grewal,Female,46,New,Ranchi,Jharkhand,East,2023-11-17
7451,Lohit Prakash,Female,41,Regular,Patna,Bihar,East,2022-03-31
7452,Anusha Parekh,Female,61,Regular,Chennai,Tamil Nadu,South,2024-04-15
7453,Siddharth Contractor,Female,22,New,Patna,Bihar,East,2023-02-12
7454,Arjun Kala,Male,62,Regular,Amritsar,Punjab,North,2026-01-03
7455,Wahab Sangha,Male,42,Premium,Kolkata,West Bengal,East,2026-02-18
7456,Vrinda Hayre,Male,61,Premium,Pune,Maharashtra,West,2024-01-06
7457,Maanav Khosla,Male,31,Regular,Bhubaneswar,Odisha,East,2023-07-09
7458,Aarna Keer,Male,46,Regular,Amritsar,Punjab,North,2024-03-12
7459,Januja Venkataraman,Female,24,New,Indore,Madhya Pradesh,West,2023-08-05
7460,Anusha Varughese,Male,34,New,Ranchi,Jharkhand,East,2023-02-03
7461,Amaira Chaudhari,Male,19,Regular,Pune,Maharashtra,West,2023-09-09
7462,Gaurang De,Male,30,Regular,Jaipur,Rajasthan,North,2023-07-02
7463,Hitesh Shankar,Female,21,Premium,Hyderabad,Telangana,South,2021-09-23
7464,Riya Srivastava,Male,46,Regular,Delhi,Delhi,North,2023-03-15
7465,Abha Parmar,Male,42,Regular,Coimbatore,Tamil Nadu,South,2023-07-15
7466,Yochana Chauhan,Male,50,Regular,Chandigarh,Chandigarh,North,2024-02-07
7467,Zehaan Buch,Female,47,Regular,Surat,Gujarat,West,2022-02-02
7468,Isaiah Muni,Male,44,Regular,Mumbai,Maharashtra,West,2023-05-21
7469,Ekapad Bora,Male,52,Regular,Surat,Gujarat,West,2025-02-03
7470,Jagat Chaudry,Female,27,New,Kochi,Kerala,South,2023-08-10
7471,Rushil Prashad,Female,44,Regular,Kolkata,West Bengal,East,2023-01-26
7472,Mugdha Bains,Female,29,New,Mumbai,Maharashtra,West,2021-12-01
7473,Harinakshi Madan,Male,20,Premium,Lucknow,Uttar Pradesh,North,2025-06-13
7474,Aarna Gill,Female,53,Regular,Guwahati,Assam,East,2023-06-07
7475,Ladli Toor,Male,50,Regular,Jaipur,Rajasthan,North,2025-03-30
7476,Xalak Seth,Male,20,Regular,Indore,Madhya Pradesh,West,2025-04-20
7477,Avi Issac,Female,37,Regular,Chennai,Tamil Nadu,South,2021-12-25
7478,Divya Mand,Female,57,New,Ranchi,Jharkhand,East,2022-12-26
7479,Nirja Samra,Female,24,Premium,Surat,Gujarat,West,2026-07-01
7480,Abhimanyu Chadha,Male,38,Regular,Lucknow,Uttar Pradesh,North,2021-09-05
7481,Laksh Doshi,Male,42,New,Coimbatore,Tamil Nadu,South,2021-12-31
7482,Thomas Virk,Male,54,New,Guwahati,Assam,East,2024-01-08
7483,Amara Dass,Male,37,Regular,Mumbai,Maharashtra,West,2023-06-02
7484,Sarthak Ramakrishnan,Male,63,Regular,Hyderabad,Telangana,South,2024-12-27
7485,Jhalak Bhakta,Male,53,Regular,Mumbai,Maharashtra,West,2025-07-11
7486,Shravya Bail,Male,30,Regular,Jaipur,Rajasthan,North,2026-04-01
7487,Aarna Balan,Male,55,Regular,Indore,Madhya Pradesh,West,2026-06-09
7488,Niharika Patel,Male,47,Premium,Surat,Gujarat,West,2025-06-10
7489,Ekaraj Gulati,Male,39,Regular,Bhubaneswar,Odisha,East,2021-09-13
7490,Anirudh Khosla,Male,58,Regular,Bengaluru,Karnataka,South,2023-08-06
7491,Anita Gulati,Female,28,New,Pune,Maharashtra,West,2022-11-29
7492,Ubika Bandi,Male,29,Regular,Mumbai,Maharashtra,West,2025-11-23
7493,Orinder Sur,Male,53,New,Lucknow,Uttar Pradesh,North,2021-08-12
7494,Gautami Dash,Female,50,Regular,Ahmedabad,Gujarat,West,2026-03-06
7495,Isha Kumer,Male,30,Premium,Chandigarh,Chandigarh,North,2023-01-23
7496,Priya Narayan,Male,50,New,Guwahati,Assam,East,2022-12-17
7497,Vamakshi Pandya,Male,18,New,Bhubaneswar,Odisha,East,2023-01-02
7498,Vaishnavi Oza,Female,33,Premium,Ahmedabad,Gujarat,West,2025-10-05
7499,Advik Choudhury,Female,37,New,Kolkata,West Bengal,East,2022-05-18
7500,Sanya Jayaraman,Female,54,Regular,Patna,Bihar,East,2023-08-12
7501,Bhavani Nagar,Male,19,Regular,Hyderabad,Telangana,South,2022-11-21
7502,Dhriti Dalal,Female,21,Regular,Bengaluru,Karnataka,South,2024-06-17
7503,Vedant Gaba,Male,30,New,Chandigarh,Chandigarh,North,2025-08-14
7504,Gavin Batra,Female,41,New,Amritsar,Punjab,North,2023-08-26
7505,Agastya Shroff,Male,32,Regular,Indore,Madhya Pradesh,West,2021-10-19
7506,Jeremiah Mander,Female,24,Premium,Guwahati,Assam,East,2024-04-26
7507,Saumya Ravel,Male,49,Regular,Surat,Gujarat,West,2024-09-19
7508,Banjeet Madan,Male,40,New,Chandigarh,Chandigarh,North,2026-04-19
7509,Baghyawati Chana,Female,21,Regular,Indore,Madhya Pradesh,West,2025-11-27
7510,Oscar Korpal,Male,34,Premium,Kolkata,West Bengal,East,2025-01-11
7511,Mason Jaggi,Female,23,Regular,Mumbai,Maharashtra,West,2023-02-07
7512,Omkaar Warrior,Male,58,Premium,Ahmedabad,Gujarat,West,2024-09-26
7513,Nidra Swamy,Male,46,New,Bhubaneswar,Odisha,East,2025-08-02
7514,Sathvik Bava,Female,25,New,Indore,Madhya Pradesh,West,2024-05-28
7515,Eshana Radhakrishnan,Female,47,Regular,Surat,Gujarat,West,2026-02-16
7516,Urmi Char,Male,42,Regular,Mumbai,Maharashtra,West,2022-11-27
7517,Zarna De,Female,38,New,Bhubaneswar,Odisha,East,2025-09-04
7518,Upadhriti Barad,Male,58,New,Pune,Maharashtra,West,2025-12-15
7519,Elijah Agate,Male,32,Regular,Pune,Maharashtra,West,2024-11-29
7520,Jack Saha,Female,55,New,Chennai,Tamil Nadu,South,2023-12-22
7521,Nandini Kurian,Female,49,Regular,Surat,Gujarat,West,2022-02-17
7522,Harshil Thaman,Male,18,Regular,Patna,Bihar,East,2022-10-23
7523,Janani Mitter,Female,52,Regular,Guwahati,Assam,East,2022-09-28
7524,Vrishti Kala,Female,62,Regular,Amritsar,Punjab,North,2022-05-26
7525,Qasim Khosla,Male,52,Regular,Pune,Maharashtra,West,2026-05-03
7526,Brinda Tandon,Female,19,Regular,Jaipur,Rajasthan,North,2024-01-09
7527,Upasna Dara,Male,48,Regular,Patna,Bihar,East,2023-10-30
7528,Xavier Gera,Female,55,Regular,Lucknow,Uttar Pradesh,North,2024-09-12
7529,Naksh Chadha,Female,25,Regular,Ranchi,Jharkhand,East,2023-03-17
7530,Nihal Gandhi,Male,48,New,Delhi,Delhi,North,2025-04-17
7531,Nilima Ravi,Female,46,New,Surat,Gujarat,West,2023-07-27
7532,Manbir Sani,Female,44,New,Patna,Bihar,East,2023-08-06
7533,Tanveer Patel,Male,50,New,Ranchi,Jharkhand,East,2023-05-04
7534,Damyanti Rau,Male,42,Regular,Pune,Maharashtra,West,2023-11-01
7535,Ikbal Agarwal,Female,35,Regular,Hyderabad,Telangana,South,2025-04-29
7536,Urmi Andra,Male,56,Regular,Chandigarh,Chandigarh,North,2025-09-06
7537,Sanya Batra,Female,65,Regular,Ranchi,Jharkhand,East,2025-09-12
7538,Zinal Bhat,Female,42,Regular,Mumbai,Maharashtra,West,2025-08-04
7539,Radhika Kar,Male,31,Regular,Kochi,Kerala,South,2024-03-05
7540,Bakhshi Varma,Female,20,Regular,Kochi,Kerala,South,2022-05-11
7541,Mohammed Saran,Female,46,New,Surat,Gujarat,West,2022-09-16
7542,Ria Rout,Male,59,New,Ranchi,Jharkhand,East,2023-12-30
7543,Nimrat Palan,Female,27,Regular,Coimbatore,Tamil Nadu,South,2026-03-17
7544,Bhavini Luthra,Female,47,Premium,Pune,Maharashtra,West,2021-10-31
7545,Edhitha Sathe,Male,60,New,Kochi,Kerala,South,2025-08-06
7546,Megha Patel,Female,33,New,Delhi,Delhi,North,2022-03-15
7547,Yashvi Dyal,Male,53,Regular,Kolkata,West Bengal,East,2024-12-02
7548,Anika Tara,Male,60,New,Pune,Maharashtra,West,2024-01-18
7549,Aarush Baria,Male,36,Regular,Lucknow,Uttar Pradesh,North,2023-12-02
7550,Kevin Dixit,Male,30,Regular,Chennai,Tamil Nadu,South,2022-07-04
7551,Praneel Ranganathan,Male,31,Premium,Bengaluru,Karnataka,South,2021-11-03
7552,Dalbir Kalita,Female,42,Regular,Hyderabad,Telangana,South,2024-08-05
7553,Aadhya Pai,Male,42,Regular,Lucknow,Uttar Pradesh,North,2022-02-28
7554,Saanvi Kapoor,Male,43,Regular,Bhubaneswar,Odisha,East,2022-05-24
7555,Triya Kuruvilla,Male,39,Regular,Bhubaneswar,Odisha,East,2022-09-29
7556,Lakshmi Karan,Female,38,Regular,Indore,Madhya Pradesh,West,2025-05-31
7557,Yutika Oza,Female,23,New,Coimbatore,Tamil Nadu,South,2023-03-19
7558,Anita Shroff,Female,33,Regular,Coimbatore,Tamil Nadu,South,2022-04-08
7559,Jhalak Das,Male,42,Regular,Mumbai,Maharashtra,West,2023-07-15
7560,Vasatika Bakshi,Female,36,Regular,Patna,Bihar,East,2022-02-28
7561,Shaurya Ratta,Male,24,Regular,Ahmedabad,Gujarat,West,2021-11-04
7562,Sathvik Hari,Male,34,Regular,Amritsar,Punjab,North,2025-02-25
7563,Vihaan Kalla,Female,37,New,Hyderabad,Telangana,South,2022-03-20
7564,Mason Walia,Male,38,Regular,Coimbatore,Tamil Nadu,South,2026-07-03
7565,Nathaniel Venkatesh,Female,37,Regular,Kochi,Kerala,South,2026-04-04
7566,Theodore Tank,Female,19,Premium,Hyderabad,Telangana,South,2022-09-09
7567,Geetika Johal,Female,53,Premium,Indore,Madhya Pradesh,West,2024-11-27
7568,Veer Sinha,Female,19,New,Indore,Madhya Pradesh,West,2022-01-17
7569,Abhimanyu Muni,Male,64,Regular,Bengaluru,Karnataka,South,2025-08-29
7570,Zayan Bandi,Male,33,New,Chennai,Tamil Nadu,South,2022-04-01
7571,Advay Loke,Male,23,Regular,Lucknow,Uttar Pradesh,North,2022-07-23
7572,Ronith Dasgupta,Female,44,Regular,Guwahati,Assam,East,2022-07-10
7573,Avni Peri,Male,52,New,Coimbatore,Tamil Nadu,South,2024-09-12
7574,Joshua Parsa,Female,28,Regular,Indore,Madhya Pradesh,West,2023-07-13
7575,Amruta Shetty,Male,34,New,Pune,Maharashtra,West,2024-10-06
7576,Kamya Comar,Female,44,New,Hyderabad,Telangana,South,2022-08-19
7577,Lekha Zachariah,Male,48,Regular,Coimbatore,Tamil Nadu,South,2023-12-04
7578,Chakrika Pingle,Female,25,Regular,Ahmedabad,Gujarat,West,2021-08-14
7579,Damyanti Mittal,Male,30,Premium,Mumbai,Maharashtra,West,2025-10-04
7580,Gopal Pillai,Male,48,Regular,Coimbatore,Tamil Nadu,South,2025-03-05
7581,Ubika Dugar,Female,23,Regular,Delhi,Delhi,North,2023-12-26
7582,Ekantika Jhaveri,Female,37,Regular,Chandigarh,Chandigarh,North,2023-09-17
7583,Rudra Sangha,Male,19,New,Kolkata,West Bengal,East,2025-02-07
7584,Samarth Lall,Male,23,New,Chennai,Tamil Nadu,South,2024-02-24
7585,Tanay Barad,Female,41,Regular,Ahmedabad,Gujarat,West,2025-03-02
7586,Upadhriti Vasa,Female,35,Regular,Kolkata,West Bengal,East,2022-08-22
7587,Faris Pradhan,Male,60,Regular,Indore,Madhya Pradesh,West,2025-11-06
7588,Girindra Uppal,Female,43,Regular,Delhi,Delhi,North,2021-08-25
7589,Hemani Patil,Female,38,Regular,Pune,Maharashtra,West,2023-05-29
7590,Joshua Narula,Female,28,New,Delhi,Delhi,North,2025-06-07
7591,Radha Viswanathan,Female,34,New,Indore,Madhya Pradesh,West,2021-08-05
7592,Neha Shankar,Male,32,Regular,Bhubaneswar,Odisha,East,2023-07-24
7593,Warda Sahni,Female,52,Regular,Mumbai,Maharashtra,West,2022-08-26
7594,Priya Koshy,Male,30,Premium,Patna,Bihar,East,2023-11-22
7595,Gaurav Acharya,Female,50,New,Amritsar,Punjab,North,2022-04-01
7596,Qasim Mukherjee,Male,62,Premium,Pune,Maharashtra,West,2022-09-10
7597,Lakshmi Ganguly,Male,45,New,Kochi,Kerala,South,2022-04-08
7598,Indira Rattan,Female,39,New,Delhi,Delhi,North,2022-04-19
7599,Chakrika Jha,Male,32,Premium,Indore,Madhya Pradesh,West,2022-09-30
7600,Vedant Kurian,Female,22,New,Kochi,Kerala,South,2024-05-26
7601,Abhimanyu Iyer,Female,50,Regular,Guwahati,Assam,East,2024-08-11
7602,Ekani Mangal,Female,18,New,Amritsar,Punjab,North,2024-04-26
7603,Jhalak Issac,Male,64,Regular,Jaipur,Rajasthan,North,2023-08-11
7604,Yochana Swaminathan,Female,49,Premium,Amritsar,Punjab,North,2021-11-28
7605,Mason Chand,Male,57,New,Pune,Maharashtra,West,2022-08-15
7606,Unni Jani,Male,54,Regular,Hyderabad,Telangana,South,2021-08-12
7607,Timothy Ganesh,Male,53,New,Bengaluru,Karnataka,South,2023-06-09
7608,Triya Jayaraman,Female,26,Regular,Coimbatore,Tamil Nadu,South,2023-04-17
7609,Onkar Jayaraman,Male,54,New,Chennai,Tamil Nadu,South,2025-02-19
7610,Amrita Kala,Female,54,New,Mumbai,Maharashtra,West,2022-12-17
7611,Pooja Raman,Female,50,New,Kochi,Kerala,South,2024-07-12
7612,Jatin Bandi,Male,39,New,Coimbatore,Tamil Nadu,South,2021-07-24
7613,Zilmil Sankar,Male,22,Premium,Patna,Bihar,East,2024-07-21
7614,Riya Johal,Female,23,Regular,Pune,Maharashtra,West,2023-07-09
7615,Odika More,Male,19,New,Guwahati,Assam,East,2026-06-02
7616,Rudra Singh,Female,37,Regular,Ahmedabad,Gujarat,West,2023-01-21
7617,Ati Chand,Male,37,New,Jaipur,Rajasthan,North,2024-02-09
7618,Dalbir Bajaj,Female,28,Regular,Pune,Maharashtra,West,2023-12-16
7619,Gunbir Sachdeva,Female,56,Premium,Pune,Maharashtra,West,2024-07-14
7620,Hritik Atwal,Male,62,Regular,Amritsar,Punjab,North,2022-12-31
7621,Yatin Magar,Female,59,Premium,Chandigarh,Chandigarh,North,2022-12-18
7622,Aadhya Tak,Male,59,Regular,Surat,Gujarat,West,2023-08-18
7623,Ridhi Bhandari,Female,28,New,Surat,Gujarat,West,2025-07-02
7624,Kalpit Thaker,Male,58,Regular,Patna,Bihar,East,2025-04-04
7625,Garima Ramachandran,Female,37,Regular,Bhubaneswar,Odisha,East,2026-04-03
7626,Rayaan Savant,Female,28,Regular,Indore,Madhya Pradesh,West,2023-09-20
7627,Shivani Savant,Female,25,Premium,Ahmedabad,Gujarat,West,2024-03-31
7628,Sai Mahal,Female,32,Regular,Ranchi,Jharkhand,East,2021-12-27
7629,Isha Bassi,Male,32,Premium,Chandigarh,Chandigarh,North,2022-10-06
7630,Yashoda Nagar,Male,59,Regular,Guwahati,Assam,East,2024-07-26
7631,Megha Dugar,Female,48,Regular,Bhubaneswar,Odisha,East,2024-08-18
7632,Mason Khatri,Male,64,Regular,Mumbai,Maharashtra,West,2025-04-09
7633,Avni Ramaswamy,Female,18,New,Amritsar,Punjab,North,2021-10-05
7634,Alka Kapadia,Female,48,Premium,Lucknow,Uttar Pradesh,North,2025-07-19
7635,Ishita Krishnamurthy,Female,26,Regular,Kochi,Kerala,South,2023-01-10
7636,Peter Choudhury,Female,42,New,Bhubaneswar,Odisha,East,2024-03-06
7637,Ishani Ramachandran,Female,34,New,Chennai,Tamil Nadu,South,2022-06-21
7638,Yamini Seth,Male,44,Regular,Bengaluru,Karnataka,South,2021-09-11
7639,Shaurya Narayanan,Male,63,New,Bengaluru,Karnataka,South,2021-11-08
7640,Bina Raj,Male,61,New,Kolkata,West Bengal,East,2025-11-16
7641,Daniel Kala,Female,33,Regular,Bhubaneswar,Odisha,East,2023-09-03
7642,Ridhi Majumdar,Female,29,New,Delhi,Delhi,North,2023-12-03
7643,Finn Sandhu,Female,22,Regular,Kochi,Kerala,South,2023-11-01
7644,Jack Nigam,Female,44,New,Ranchi,Jharkhand,East,2021-12-10
7645,Nidhi Munshi,Male,51,New,Delhi,Delhi,North,2021-10-03
7646,Yadavi Boase,Male,31,Regular,Bhubaneswar,Odisha,East,2026-06-07
7647,Brijesh Mittal,Female,46,Regular,Guwahati,Assam,East,2024-09-23
7648,Tanveer Kalita,Male,54,New,Bhubaneswar,Odisha,East,2022-02-24
7649,Nandini Agarwal,Female,61,New,Hyderabad,Telangana,South,2023-05-27
7650,Yutika Murthy,Female,23,Regular,Surat,Gujarat,West,2022-01-14
7651,Atharv Ganesh,Male,28,New,Bhubaneswar,Odisha,East,2023-02-11
7652,Reyansh Venkataraman,Male,65,New,Kochi,Kerala,South,2024-06-19
7653,Ekapad Gour,Male,43,New,Ranchi,Jharkhand,East,2021-08-05
7654,Udyati Chandra,Male,64,Regular,Kolkata,West Bengal,East,2025-10-25
7655,Kavya Bhakta,Male,54,Regular,Chennai,Tamil Nadu,South,2026-05-09
7656,Chakrika D’Alia,Female,37,Regular,Delhi,Delhi,North,2023-06-17
7657,Kashvi Bansal,Male,59,Regular,Surat,Gujarat,West,2022-06-26
7658,Jai Chandran,Male,46,Regular,Patna,Bihar,East,2025-12-03
7659,Nisha Walia,Female,38,Regular,Pune,Maharashtra,West,2024-11-23
7660,Waida Bose,Female,29,Regular,Kolkata,West Bengal,East,2023-09-23
7661,Deepa Divan,Female,57,New,Bengaluru,Karnataka,South,2023-12-14
7662,Nicholas Pau,Male,64,Regular,Indore,Madhya Pradesh,West,2024-07-10
7663,Pahal Chacko,Female,41,Regular,Lucknow,Uttar Pradesh,North,2021-08-15
7664,Sarthak Dey,Male,57,Regular,Guwahati,Assam,East,2022-04-21
7665,Ati Pandit,Male,61,Regular,Hyderabad,Telangana,South,2021-11-27
7666,Brijesh Lanka,Male,35,New,Indore,Madhya Pradesh,West,2022-05-09
7667,Tanay Sridhar,Male,62,Regular,Bhubaneswar,Odisha,East,2021-09-28
7668,Urishilla Tandon,Female,53,Regular,Bhubaneswar,Odisha,East,2025-11-25
7669,Lekha Dubey,Female,30,Premium,Hyderabad,Telangana,South,2023-05-09
7670,Abhimanyu Rama,Male,32,New,Coimbatore,Tamil Nadu,South,2025-02-12
7671,Pratyush Sachdeva,Female,32,Regular,Bengaluru,Karnataka,South,2023-07-14
7672,Bachittar Karpe,Male,58,Regular,Patna,Bihar,East,2025-06-25
7673,Kamala Borah,Male,32,Premium,Bengaluru,Karnataka,South,2026-02-14
7674,Girik Ganguly,Male,29,Regular,Ahmedabad,Gujarat,West,2023-09-07
7675,Chanakya Bhatnagar,Female,34,Regular,Hyderabad,Telangana,South,2022-02-01
7676,Karan Karpe,Female,30,Regular,Amritsar,Punjab,North,2024-03-31
7677,Rohan Bhargava,Male,33,Regular,Pune,Maharashtra,West,2025-11-29
7678,Yashoda Tandon,Male,38,Premium,Hyderabad,Telangana,South,2022-06-12
7679,Daniel Sanghvi,Male,26,New,Lucknow,Uttar Pradesh,North,2024-06-10
7680,Ishwar Mane,Female,24,New,Chennai,Tamil Nadu,South,2025-06-23
7681,Qushi Tiwari,Male,41,Premium,Lucknow,Uttar Pradesh,North,2025-08-13
7682,Anmol Ram,Female,21,Regular,Patna,Bihar,East,2025-01-15
7683,Chanakya Mani,Female,27,Regular,Kolkata,West Bengal,East,2024-09-13
7684,Nihal Chakraborty,Female,43,Regular,Hyderabad,Telangana,South,2023-05-02
7685,Teerth Sami,Male,55,New,Kolkata,West Bengal,East,2021-11-10
7686,Nidhi Mahal,Female,23,Regular,Hyderabad,Telangana,South,2021-07-25
7687,Zehaan Kumer,Male,50,Regular,Hyderabad,Telangana,South,2025-06-01
7688,Brijesh Borra,Male,55,New,Lucknow,Uttar Pradesh,North,2025-04-10
7689,Harsh Kunda,Female,19,New,Chandigarh,Chandigarh,North,2024-12-29
7690,Anjali Sandal,Female,57,Regular,Bhubaneswar,Odisha,East,2021-09-22
7691,Avni Pandey,Female,25,New,Kolkata,West Bengal,East,2024-05-10
7692,Advay Natarajan,Female,40,Premium,Ranchi,Jharkhand,East,2021-09-07
7693,Odika Deep,Female,45,New,Mumbai,Maharashtra,West,2025-09-05
7694,Adweta Oak,Male,35,Regular,Chennai,Tamil Nadu,South,2024-12-30
7695,Ijaya Baria,Male,45,Premium,Pune,Maharashtra,West,2023-07-12
7696,Anusha Brar,Male,22,Regular,Lucknow,Uttar Pradesh,North,2023-12-21
7697,Bina Parmer,Male,38,Regular,Ranchi,Jharkhand,East,2023-01-23
7698,Raagini Gola,Male,47,Regular,Bengaluru,Karnataka,South,2023-10-23
7699,Bhavna Sha,Female,20,New,Mumbai,Maharashtra,West,2023-02-12
7700,Frederick Pai,Male,38,New,Bhubaneswar,Odisha,East,2023-07-27
7701,Mahika Mangal,Female,60,Premium,Indore,Madhya Pradesh,West,2022-07-06
7702,Jatin Singh,Female,47,Regular,Indore,Madhya Pradesh,West,2024-01-06
7703,Zilmil Nagarajan,Male,61,Regular,Jaipur,Rajasthan,North,2026-06-26
7704,Krish Ram,Male,50,Regular,Kochi,Kerala,South,2024-06-13
7705,Lipika Chad,Male,24,New,Amritsar,Punjab,North,2022-03-08
7706,Lila Devan,Female,44,New,Delhi,Delhi,North,2022-02-20
7707,Radhika Anand,Male,56,Regular,Delhi,Delhi,North,2025-05-19
7708,Joshua Madan,Male,52,Regular,Kochi,Kerala,South,2025-05-18
7709,Nitara Subramanian,Female,43,Regular,Bengaluru,Karnataka,South,2025-07-30
7710,Meghana Pingle,Male,53,Regular,Lucknow,Uttar Pradesh,North,2024-10-15
7711,Vritti Merchant,Female,63,New,Lucknow,Uttar Pradesh,North,2023-06-06
7712,Januja Tank,Female,44,Regular,Kolkata,West Bengal,East,2021-10-04
7713,Gabriel Divan,Male,60,New,Jaipur,Rajasthan,North,2026-04-19
7714,Praneel Jain,Female,53,Regular,Ahmedabad,Gujarat,West,2023-02-23
7715,Madhavi Bandi,Female,29,New,Kochi,Kerala,South,2023-03-28
7716,Dayamai Ramakrishnan,Female,27,Premium,Delhi,Delhi,North,2021-07-16
7717,Pranit Chokshi,Male,64,New,Pune,Maharashtra,West,2025-12-06
7718,Harinakshi Doctor,Female,27,Premium,Jaipur,Rajasthan,North,2023-05-07
7719,Vedant Narayanan,Male,40,Regular,Kochi,Kerala,South,2021-07-30
7720,Raghav Dani,Male,47,Premium,Ahmedabad,Gujarat,West,2022-07-13
7721,Odika Badal,Male,21,Regular,Bengaluru,Karnataka,South,2024-02-10
7722,Bhavya Dixit,Female,51,Premium,Indore,Madhya Pradesh,West,2023-03-08
7723,Jatin Ahuja,Female,40,New,Kolkata,West Bengal,East,2022-09-30
7724,Anika Kuruvilla,Male,44,Regular,Guwahati,Assam,East,2024-07-23
7725,Ikbal Malhotra,Female,42,Premium,Mumbai,Maharashtra,West,2025-12-25
7726,Avni Balasubramanian,Male,45,New,Ahmedabad,Gujarat,West,2026-01-30
7727,Yauvani Kapadia,Female,46,New,Indore,Madhya Pradesh,West,2025-07-29
7728,Udyati Subramaniam,Female,49,Regular,Kolkata,West Bengal,East,2022-11-11
7729,Daksha Bath,Female,37,Premium,Delhi,Delhi,North,2024-06-30
7730,Ishwar Sane,Male,40,Regular,Ranchi,Jharkhand,East,2025-04-26
7731,Vedant Chanda,Male,37,Regular,Ranchi,Jharkhand,East,2026-03-11
7732,Yadavi Chopra,Male,58,New,Bengaluru,Karnataka,South,2022-08-15
7733,Leela Dora,Male,19,New,Pune,Maharashtra,West,2024-10-20
7734,Nilima Padmanabhan,Female,51,Regular,Chandigarh,Chandigarh,North,2025-11-04
7735,Teerth Natarajan,Female,31,New,Ranchi,Jharkhand,East,2026-07-03
7736,Siya Mandal,Female,48,Regular,Kochi,Kerala,South,2023-05-06
7737,Joshua Sahni,Male,24,Premium,Bengaluru,Karnataka,South,2025-06-02
7738,Yadavi Virk,Female,24,New,Surat,Gujarat,West,2022-08-08
7739,Rohan Tak,Male,41,Regular,Kochi,Kerala,South,2026-04-16
7740,Divya Mukhopadhyay,Female,61,New,Guwahati,Assam,East,2025-08-28
7741,Kabir Nagy,Male,27,Regular,Bengaluru,Karnataka,South,2023-01-05
7742,Ekansh Shukla,Male,41,New,Kolkata,West Bengal,East,2022-07-20
7743,Aryan Narula,Female,19,Regular,Patna,Bihar,East,2026-05-22
7744,Zayan Nayar,Female,55,New,Jaipur,Rajasthan,North,2021-10-07
7745,Yasti Sodhi,Male,60,Regular,Amritsar,Punjab,North,2023-05-13
7746,Ridhi Ranganathan,Female,43,Regular,Coimbatore,Tamil Nadu,South,2022-05-01
7747,Kritika Basu,Female,26,New,Pune,Maharashtra,West,2023-11-25
7748,Chandani Nagi,Male,43,Regular,Ranchi,Jharkhand,East,2024-03-13
7749,Farhan Dayal,Male,36,New,Bengaluru,Karnataka,South,2025-01-26
7750,Dhriti Johal,Male,60,Regular,Coimbatore,Tamil Nadu,South,2021-10-24
7751,Madhavi Parsa,Male,55,New,Delhi,Delhi,North,2021-11-24
7752,Kamya Deshpande,Male,38,Regular,Jaipur,Rajasthan,North,2024-07-22
7753,Bakhshi Srivastava,Female,57,New,Coimbatore,Tamil Nadu,South,2023-07-08
7754,Aarini Lall,Female,62,Regular,Bengaluru,Karnataka,South,2025-09-29
7755,Alexander Ram,Female,54,New,Kolkata,West Bengal,East,2022-08-20
7756,Ishani Dhar,Female,44,Regular,Ahmedabad,Gujarat,West,2021-12-11
7757,Damini Pandey,Female,62,New,Pune,Maharashtra,West,2024-06-28
7758,Anika Jayaraman,Male,51,Premium,Hyderabad,Telangana,South,2025-01-28
7759,Gunbir Das,Male,39,Premium,Pune,Maharashtra,West,2022-08-09
7760,Utkarsh Karan,Female,58,New,Kochi,Kerala,South,2024-12-14
7761,Shravya Gala,Male,28,Regular,Mumbai,Maharashtra,West,2025-08-18
7762,Ayush Chanda,Male,26,New,Chennai,Tamil Nadu,South,2024-08-24
7763,Samesh Mittal,Male,41,Regular,Hyderabad,Telangana,South,2021-08-29
7764,Watika Patla,Female,24,Regular,Surat,Gujarat,West,2022-09-01
7765,Odika Biswas,Male,60,Regular,Hyderabad,Telangana,South,2025-03-25
7766,Vamakshi Vala,Male,34,Regular,Guwahati,Assam,East,2025-03-16
7767,Jack Peri,Male,50,New,Amritsar,Punjab,North,2023-07-22
7768,Xalak Kumer,Male,44,Regular,Jaipur,Rajasthan,North,2024-05-26
7769,Theodore Varma,Male,63,New,Surat,Gujarat,West,2022-08-16
7770,Chakradev Kade,Male,55,Regular,Chandigarh,Chandigarh,North,2022-03-05
7771,Oliver Grewal,Female,35,Regular,Kochi,Kerala,South,2022-08-10
7772,Aishani Baria,Male,55,Regular,Indore,Madhya Pradesh,West,2022-09-06
7773,Akshay Mann,Female,23,New,Pune,Maharashtra,West,2026-03-08
7774,Devika Vohra,Female,43,New,Bhubaneswar,Odisha,East,2023-10-16
7775,Ubika Mukherjee,Female,37,New,Guwahati,Assam,East,2022-08-17
7776,Aadhya Ahuja,Male,27,New,Bhubaneswar,Odisha,East,2023-11-02
7777,Neha Rajan,Male,34,New,Hyderabad,Telangana,South,2023-10-31
7778,Neelima Arora,Male,33,Regular,Pune,Maharashtra,West,2023-08-05
7779,Krishna Dewan,Female,22,Premium,Pune,Maharashtra,West,2021-07-21
7780,Jai Golla,Male,32,Regular,Patna,Bihar,East,2022-05-07
7781,Jai Kala,Male,62,Regular,Delhi,Delhi,North,2025-06-22
7782,Nitesh Srivastava,Female,58,New,Kochi,Kerala,South,2025-10-30
7783,Ria Deol,Male,56,Premium,Jaipur,Rajasthan,North,2024-04-25
7784,Samesh Hora,Female,18,New,Coimbatore,Tamil Nadu,South,2023-09-02
7785,Jagvi Sankar,Male,34,Premium,Mumbai,Maharashtra,West,2025-10-15
7786,Neelima Rattan,Male,24,Regular,Mumbai,Maharashtra,West,2024-05-21
7787,Bachittar Mahajan,Female,60,New,Hyderabad,Telangana,South,2024-11-02
7788,Girindra Gopal,Female,44,Premium,Hyderabad,Telangana,South,2024-04-02
7789,Samesh Oak,Male,20,New,Hyderabad,Telangana,South,2022-07-19
7790,Gavin Chowdhury,Male,35,Regular,Hyderabad,Telangana,South,2024-02-21
7791,Rachita Panchal,Male,51,Regular,Chandigarh,Chandigarh,North,2026-05-15
7792,Pratyush Dani,Male,37,New,Delhi,Delhi,North,2022-01-10
7793,Wahab Sibal,Male,62,Regular,Jaipur,Rajasthan,North,2021-09-06
7794,Urvi Bahl,Female,58,Regular,Chennai,Tamil Nadu,South,2024-04-28
7795,Krisha Krishnan,Male,37,Regular,Lucknow,Uttar Pradesh,North,2023-01-26
7796,Fiyaz Roy,Male,50,New,Ranchi,Jharkhand,East,2024-08-31
7797,Janaki Pradhan,Male,54,Premium,Ranchi,Jharkhand,East,2025-03-03
7798,Ojas Borah,Female,47,New,Kolkata,West Bengal,East,2024-05-26
7799,Rudra Chawla,Female,51,New,Jaipur,Rajasthan,North,2024-08-25
7800,Rishi Ramesh,Male,30,New,Bengaluru,Karnataka,South,2022-07-31
7801,Peter Suresh,Female,42,New,Jaipur,Rajasthan,North,2023-03-21
7802,Zinal Tailor,Female,26,New,Patna,Bihar,East,2023-07-15
7803,Shaurya Patel,Female,60,Premium,Kochi,Kerala,South,2023-12-02
7804,Ekbal Joshi,Female,21,New,Indore,Madhya Pradesh,West,2025-06-24
7805,Gaurav Sunder,Male,32,New,Ahmedabad,Gujarat,West,2025-09-14
7806,Hiral Kannan,Female,34,New,Kochi,Kerala,South,2022-10-27
7807,Chameli Gola,Male,33,Regular,Mumbai,Maharashtra,West,2025-05-29
7808,Kalpit Handa,Female,65,Premium,Chandigarh,Chandigarh,North,2023-09-12
7809,Vrishti Ravi,Male,58,New,Kolkata,West Bengal,East,2022-07-16
7810,Bachittar Chandra,Male,18,New,Ahmedabad,Gujarat,West,2022-02-10
7811,Hitesh Natt,Male,28,New,Mumbai,Maharashtra,West,2021-11-29
7812,Darika Mandal,Female,32,New,Surat,Gujarat,West,2023-01-28
7813,Nitara Krishnamurthy,Male,40,New,Amritsar,Punjab,North,2022-06-15
7814,Falan Lal,Male,23,Regular,Surat,Gujarat,West,2024-01-13
7815,Gagan Agate,Male,52,New,Delhi,Delhi,North,2026-07-02
7816,Gunbir Rajagopalan,Female,44,Regular,Ahmedabad,Gujarat,West,2025-11-09
7817,Triveni Badami,Female,32,New,Chandigarh,Chandigarh,North,2025-06-04
7818,Hema Srivastava,Female,36,Premium,Mumbai,Maharashtra,West,2023-02-04
7819,Lakshmi Sha,Female,46,Premium,Delhi,Delhi,North,2022-08-28
7820,Triya Kashyap,Female,47,Regular,Guwahati,Assam,East,2024-08-08
7821,Balhaar Ramesh,Female,58,Regular,Guwahati,Assam,East,2023-06-22
7822,Rishi Shanker,Female,51,Regular,Guwahati,Assam,East,2022-02-15
7823,Udarsh Ghose,Male,59,Regular,Lucknow,Uttar Pradesh,North,2022-06-11
7824,Reva Dutt,Male,19,Regular,Kochi,Kerala,South,2021-10-27
7825,Upasna Chawla,Female,18,Regular,Lucknow,Uttar Pradesh,North,2026-01-06
7826,Janaki Sawhney,Female,32,Premium,Lucknow,Uttar Pradesh,North,2024-11-10
7827,Vrinda Sibal,Female,56,Premium,Ahmedabad,Gujarat,West,2024-08-17
7828,Gautami Morar,Male,46,New,Chennai,Tamil Nadu,South,2021-07-27
7829,Unnati Tata,Male,46,Regular,Delhi,Delhi,North,2024-12-04
7830,Odika Agrawal,Female,21,New,Amritsar,Punjab,North,2022-07-25
7831,Yashoda Oak,Male,28,New,Jaipur,Rajasthan,North,2025-08-15
7832,Dev Banerjee,Female,36,Regular,Jaipur,Rajasthan,North,2023-07-27
7833,Urvi Iyer,Female,55,New,Jaipur,Rajasthan,North,2026-03-06
7834,Varenya Memon,Female,32,Premium,Surat,Gujarat,West,2026-03-31
7835,Nirja Mahal,Female,60,New,Chennai,Tamil Nadu,South,2025-09-07
7836,Charan Ganguly,Female,28,Regular,Ahmedabad,Gujarat,West,2022-11-23
7837,Vrishti Randhawa,Male,48,Regular,Coimbatore,Tamil Nadu,South,2023-06-14
7838,Indali Ramesh,Male,41,Regular,Chandigarh,Chandigarh,North,2025-09-26
7839,Gaurika Vasa,Male,37,Regular,Bengaluru,Karnataka,South,2025-07-31
7840,Lekha Lad,Female,40,Premium,Kochi,Kerala,South,2023-10-05
7841,Saanvi Brar,Male,65,Regular,Kochi,Kerala,South,2025-08-19
7842,Anvi Savant,Male,24,Regular,Surat,Gujarat,West,2023-04-13
7843,Balendra Dayal,Female,45,New,Pune,Maharashtra,West,2026-01-27
7844,Wyatt Savant,Female,63,Regular,Hyderabad,Telangana,South,2022-10-20
7845,Anjali Viswanathan,Female,51,Regular,Chennai,Tamil Nadu,South,2024-01-05
7846,Utkarsh Kuruvilla,Male,57,Regular,Ahmedabad,Gujarat,West,2024-08-04
7847,Warjas Sastry,Female,53,Regular,Kochi,Kerala,South,2023-03-14
7848,Ati Bali,Female,62,Regular,Mumbai,Maharashtra,West,2025-07-24
7849,Abhimanyu Prasad,Female,54,New,Chandigarh,Chandigarh,North,2025-05-27
7850,Rushil Walla,Female,56,New,Bengaluru,Karnataka,South,2022-09-07
7851,Ranbir Grover,Male,45,New,Surat,Gujarat,West,2023-05-25
7852,Yug Ray,Female,53,Regular,Jaipur,Rajasthan,North,2025-02-22
7853,Brijesh Malhotra,Male,38,Regular,Lucknow,Uttar Pradesh,North,2024-07-16
7854,Vaishnavi Kant,Male,25,New,Indore,Madhya Pradesh,West,2025-08-05
7855,Anvi Chahal,Male,39,Regular,Lucknow,Uttar Pradesh,North,2023-10-30
7856,Tejas Goda,Male,41,Regular,Lucknow,Uttar Pradesh,North,2023-04-18
7857,Ayushman Murthy,Female,43,Regular,Ranchi,Jharkhand,East,2025-08-04
7858,Nikita Patel,Female,18,New,Coimbatore,Tamil Nadu,South,2022-01-19
7859,Rachana Jha,Female,41,New,Jaipur,Rajasthan,North,2024-02-13
7860,Megha Sibal,Male,56,New,Mumbai,Maharashtra,West,2022-07-19
7861,Amaira Ramesh,Male,48,New,Hyderabad,Telangana,South,2022-12-10
7862,Yug Kamdar,Female,43,New,Amritsar,Punjab,North,2025-11-09
7863,Vedika Hegde,Female,26,New,Hyderabad,Telangana,South,2025-10-16
7864,Aishani Choudhury,Male,57,Regular,Jaipur,Rajasthan,North,2025-08-25
7865,Chatresh Mander,Male,18,New,Kochi,Kerala,South,2023-03-20
7866,Chatresh Chakrabarti,Male,60,Premium,Delhi,Delhi,North,2025-08-17
7867,Rajata Basu,Female,45,New,Delhi,Delhi,North,2021-08-22
7868,Falak Contractor,Male,55,New,Lucknow,Uttar Pradesh,North,2023-12-14
7869,Triya Soni,Female,34,Regular,Pune,Maharashtra,West,2023-06-30
7870,Samaksh Vasa,Male,32,New,Chandigarh,Chandigarh,North,2024-05-13
7871,Anthony Sane,Male,59,Regular,Delhi,Delhi,North,2022-07-08
7872,Tanveer Nagy,Female,60,New,Coimbatore,Tamil Nadu,South,2021-12-21
7873,Anamika Solanki,Male,61,Premium,Indore,Madhya Pradesh,West,2023-10-10
7874,Harita Bajaj,Male,30,Premium,Surat,Gujarat,West,2024-03-05
7875,Qadim Rout,Male,34,Regular,Bengaluru,Karnataka,South,2026-04-08
7876,Ayush Raval,Male,49,Regular,Guwahati,Assam,East,2021-09-10
7877,Gaurika Sant,Female,41,Regular,Pune,Maharashtra,West,2025-11-03
7878,Vasana Chada,Male,56,Regular,Ranchi,Jharkhand,East,2025-04-26
7879,Nathaniel Gopal,Male,51,Regular,Chennai,Tamil Nadu,South,2024-09-19
7880,Girish Kamdar,Male,44,New,Chennai,Tamil Nadu,South,2022-09-24
7881,Raghav Swamy,Female,36,New,Bengaluru,Karnataka,South,2024-05-21
7882,Chameli Chaudry,Female,22,Regular,Lucknow,Uttar Pradesh,North,2023-11-05
7883,Yuvraj Tara,Male,30,Regular,Bengaluru,Karnataka,South,2025-01-13
7884,Aditya Natt,Male,62,Premium,Ahmedabad,Gujarat,West,2023-08-05
7885,Vrishti Bhatti,Male,45,New,Indore,Madhya Pradesh,West,2026-02-13
7886,Januja Dani,Male,44,Regular,Hyderabad,Telangana,South,2025-04-30
7887,Amara Baria,Female,18,New,Surat,Gujarat,West,2025-12-20
7888,Samarth Yogi,Male,54,Regular,Chennai,Tamil Nadu,South,2024-01-07
7889,Ridhi Wali,Male,60,New,Amritsar,Punjab,North,2024-12-09
7890,Advaith Kari,Male,52,Regular,Hyderabad,Telangana,South,2025-03-11
7891,Turvi Kala,Female,24,New,Kochi,Kerala,South,2022-10-22
7892,Bhavani Amble,Male,47,Regular,Kochi,Kerala,South,2023-09-13
7893,Kai Srinivas,Female,28,Regular,Guwahati,Assam,East,2025-11-16
7894,Advaith Gulati,Male,57,Regular,Hyderabad,Telangana,South,2022-06-17
7895,Yashawini Konda,Female,37,Regular,Ahmedabad,Gujarat,West,2022-02-15
7896,Aahana Korpal,Female,63,Regular,Bhubaneswar,Odisha,East,2025-06-30
7897,Priya Tailor,Male,25,Regular,Indore,Madhya Pradesh,West,2025-03-26
7898,Yadavi Loke,Male,32,Regular,Jaipur,Rajasthan,North,2025-04-04
7899,Benjamin Mutti,Female,19,New,Lucknow,Uttar Pradesh,North,2026-04-12
7900,Arjun Iyengar,Female,48,Premium,Jaipur,Rajasthan,North,2026-07-09
7901,Triya Prabhu,Female,62,Regular,Jaipur,Rajasthan,North,2026-07-08
7902,Mohammed Sampath,Male,58,New,Guwahati,Assam,East,2023-09-19
7903,Jeet Pathak,Female,51,New,Pune,Maharashtra,West,2024-08-19
7904,Kalpit Ratti,Male,28,Regular,Indore,Madhya Pradesh,West,2022-05-01
7905,Ansh Gandhi,Male,62,New,Guwahati,Assam,East,2023-06-11
7906,Mugdha Pandit,Female,42,Premium,Bengaluru,Karnataka,South,2026-02-02
7907,Yash Balan,Male,25,New,Kochi,Kerala,South,2022-11-10
7908,Ira Maharaj,Female,43,Regular,Pune,Maharashtra,West,2023-09-27
7909,Pranit Sheth,Male,30,Regular,Chandigarh,Chandigarh,North,2025-07-24
7910,Atharv Dalal,Female,22,Regular,Guwahati,Assam,East,2022-07-30
7911,Tanveer Chander,Female,40,Premium,Chandigarh,Chandigarh,North,2022-04-07
7912,Aayush Bains,Male,64,Regular,Surat,Gujarat,West,2024-04-30
7913,Farhan Wali,Male,56,Regular,Indore,Madhya Pradesh,West,2022-12-30
7914,Leena Varughese,Female,40,New,Ranchi,Jharkhand,East,2022-03-27
7915,Charvi Wadhwa,Male,34,New,Amritsar,Punjab,North,2022-03-02
7916,Wazir Bhalla,Male,22,New,Ahmedabad,Gujarat,West,2025-11-28
7917,Chameli Wali,Male,43,Regular,Lucknow,Uttar Pradesh,North,2026-01-31
7918,Teerth Varty,Male,63,New,Mumbai,Maharashtra,West,2022-12-22
7919,Sanya Jayaraman,Female,43,New,Pune,Maharashtra,West,2023-05-01
7920,Anika Narayan,Male,24,Regular,Surat,Gujarat,West,2024-06-21
7921,Warjas Vora,Female,64,Regular,Hyderabad,Telangana,South,2024-09-22
7922,Frado Wason,Male,19,Regular,Chennai,Tamil Nadu,South,2025-09-08
7923,Raghav Varma,Male,41,New,Amritsar,Punjab,North,2022-04-27
7924,Anvi Deep,Male,65,New,Pune,Maharashtra,West,2025-11-21
7925,Yamini Oza,Male,58,Premium,Coimbatore,Tamil Nadu,South,2024-06-21
7926,Janya Sibal,Male,50,New,Guwahati,Assam,East,2022-06-17
7927,Gayathri Nigam,Male,25,Premium,Pune,Maharashtra,West,2024-12-18
7928,Chatresh Varghese,Male,23,Premium,Lucknow,Uttar Pradesh,North,2024-06-30
7929,Falguni Mitter,Male,63,Regular,Kochi,Kerala,South,2022-02-26
7930,Lila Chauhan,Female,52,New,Ahmedabad,Gujarat,West,2022-11-05
7931,Alexander Menon,Male,18,Regular,Bhubaneswar,Odisha,East,2024-11-29
7932,Ishwar Nanda,Male,22,Regular,Pune,Maharashtra,West,2024-02-06
7933,Aadhya Mani,Female,26,Regular,Mumbai,Maharashtra,West,2025-03-22
7934,Benjamin Khanna,Male,45,New,Ahmedabad,Gujarat,West,2023-07-28
7935,Sachi Sachar,Female,31,New,Kochi,Kerala,South,2026-02-15
7936,Hiral Pandey,Male,28,New,Ahmedabad,Gujarat,West,2024-07-07
7937,Jyoti Natarajan,Female,23,Regular,Patna,Bihar,East,2024-07-17
7938,David Tripathi,Female,23,Regular,Delhi,Delhi,North,2024-01-29
7939,Michael Sekhon,Male,57,Regular,Amritsar,Punjab,North,2025-04-27
7940,Charita Sekhon,Female,63,Regular,Guwahati,Assam,East,2023-09-24
7941,Watika Tailor,Female,29,Regular,Chennai,Tamil Nadu,South,2025-05-17
7942,Kala Mander,Male,31,Regular,Bengaluru,Karnataka,South,2022-11-23
7943,Jonathan Kalla,Female,26,Premium,Mumbai,Maharashtra,West,2025-12-07
7944,Bhavya Kothari,Female,20,New,Chennai,Tamil Nadu,South,2024-02-09
7945,Balvan Badal,Male,18,Regular,Coimbatore,Tamil Nadu,South,2023-12-13
7946,Ganga Patla,Male,58,New,Hyderabad,Telangana,South,2024-01-02
7947,Dayita Saha,Female,39,Regular,Bhubaneswar,Odisha,East,2024-07-14
7948,Hitesh Sarin,Male,45,Regular,Coimbatore,Tamil Nadu,South,2023-11-05
7949,Harita Sama,Male,56,Premium,Coimbatore,Tamil Nadu,South,2023-09-01
7950,Jacob Dube,Female,32,New,Lucknow,Uttar Pradesh,North,2024-10-30
7951,Hemal Balan,Female,57,Premium,Lucknow,Uttar Pradesh,North,2023-03-09
7952,Raagini Sekhon,Female,64,New,Indore,Madhya Pradesh,West,2026-03-10
7953,Keya Mitra,Male,31,Regular,Kolkata,West Bengal,East,2022-11-08
7954,Michael Swaminathan,Female,35,New,Jaipur,Rajasthan,North,2022-02-26
7955,Mekhala Patel,Male,42,Premium,Kolkata,West Bengal,East,2022-04-10
7956,Barkha Pillai,Female,34,Regular,Lucknow,Uttar Pradesh,North,2022-07-10
7957,Anya Chauhan,Male,61,Regular,Mumbai,Maharashtra,West,2026-04-12
7958,Daksh Nori,Female,53,Regular,Patna,Bihar,East,2024-01-07
7959,Gayathri Khosla,Female,64,New,Delhi,Delhi,North,2022-12-13
7960,Ishani Nayar,Female,37,New,Lucknow,Uttar Pradesh,North,2025-06-27
7961,Radhika Grover,Female,62,Premium,Coimbatore,Tamil Nadu,South,2025-12-22
7962,Tanish Jani,Male,55,New,Coimbatore,Tamil Nadu,South,2026-04-30
7963,Oeshi Sachdeva,Male,25,New,Hyderabad,Telangana,South,2023-05-27
7964,Abhimanyu Mitra,Female,19,Regular,Kolkata,West Bengal,East,2024-01-30
7965,Ayushman Thakkar,Female,24,Regular,Indore,Madhya Pradesh,West,2026-06-25
7966,Chaaya Iyer,Female,28,New,Bengaluru,Karnataka,South,2023-08-16
7967,Kamala Narayan,Male,62,New,Patna,Bihar,East,2021-12-07
7968,Nathan Chander,Male,60,New,Chennai,Tamil Nadu,South,2024-12-09
7969,Vincent Kapoor,Male,47,Regular,Jaipur,Rajasthan,North,2024-08-31
7970,Chakradhar Kibe,Male,40,Premium,Ahmedabad,Gujarat,West,2023-06-29
7971,Balendra Viswanathan,Female,49,Premium,Kolkata,West Bengal,East,2025-11-21
7972,Aryan Chakrabarti,Female,65,Regular,Pune,Maharashtra,West,2024-05-31
7973,Ronith Brar,Female,20,New,Coimbatore,Tamil Nadu,South,2021-09-14
7974,Samarth Ghose,Male,39,Premium,Delhi,Delhi,North,2021-12-31
7975,Bhavani Bava,Female,50,Regular,Hyderabad,Telangana,South,2021-10-02
7976,Wazir Kalla,Female,46,New,Pune,Maharashtra,West,2021-09-13
7977,Xavier Tata,Male,32,Premium,Kochi,Kerala,South,2026-03-29
7978,Aarnav Keer,Female,52,Regular,Lucknow,Uttar Pradesh,North,2024-06-22
7979,Zilmil Gara,Male,34,Regular,Chandigarh,Chandigarh,North,2024-04-02
7980,Siddharth Wable,Male,63,Regular,Guwahati,Assam,East,2026-04-04
7981,Zinal Chaudhary,Female,22,New,Mumbai,Maharashtra,West,2023-01-08
7982,Sneha Sankaran,Male,56,New,Bhubaneswar,Odisha,East,2025-04-20
7983,Krishna Anand,Female,62,Regular,Hyderabad,Telangana,South,2023-07-23
7984,Yauvani Chanda,Male,20,New,Patna,Bihar,East,2024-04-03
7985,Nidhi Saran,Female,46,Regular,Patna,Bihar,East,2022-06-19
7986,Manthan Sachar,Female,56,Regular,Ranchi,Jharkhand,East,2022-12-30
7987,Aarini Sheth,Male,46,Regular,Delhi,Delhi,North,2023-01-26
7988,Ojas Talwar,Female,39,Regular,Bengaluru,Karnataka,South,2024-10-11
7989,Niharika Khatri,Male,46,Regular,Surat,Gujarat,West,2024-07-13
7990,Zarna Chander,Male,23,Regular,Patna,Bihar,East,2023-10-01
7991,Sachi Mittal,Female,51,Regular,Mumbai,Maharashtra,West,2024-12-14
7992,Deepa Rama,Male,40,New,Mumbai,Maharashtra,West,2022-11-25
7993,Damini Kurian,Male,31,New,Chennai,Tamil Nadu,South,2024-03-02
7994,Gaurika Krish,Female,21,New,Kochi,Kerala,South,2023-06-16
7995,Ganga Sarkar,Male,35,New,Amritsar,Punjab,North,2021-12-29
7996,Rohan Mallick,Male,26,New,Surat,Gujarat,West,2023-07-21
7997,Kritika Apte,Female,35,New,Bengaluru,Karnataka,South,2021-08-02
7998,Amrita Rama,Male,65,Regular,Mumbai,Maharashtra,West,2025-10-09
7999,Jairaj Yogi,Female,54,Premium,Coimbatore,Tamil Nadu,South,2023-06-28
8000,Madhav Kibe,Male,58,New,Kochi,Kerala,South,2022-06-12
8001,Amaira Rajagopal,Male,32,Regular,Ranchi,Jharkhand,East,2024-11-10
8002,Quincy Ben,Female,65,Regular,Coimbatore,Tamil Nadu,South,2024-05-03
8003,Victor Sunder,Female,64,New,Bhubaneswar,Odisha,East,2022-09-01
8004,Chatresh Ram,Male,52,Premium,Indore,Madhya Pradesh,West,2025-01-26
8005,Samar Varma,Female,43,Regular,Bhubaneswar,Odisha,East,2024-11-30
8006,Eta Tandon,Male,59,Regular,Bengaluru,Karnataka,South,2023-08-09
8007,Alka Narayan,Male,49,Regular,Lucknow,Uttar Pradesh,North,2024-01-17
8008,Eshana Sengupta,Female,35,New,Guwahati,Assam,East,2023-03-05
8009,Triveni Thakkar,Female,37,Regular,Ranchi,Jharkhand,East,2024-11-06
8010,Chatura Pandit,Male,46,New,Kolkata,West Bengal,East,2023-06-19
8011,Meghana Srinivas,Male,65,Regular,Indore,Madhya Pradesh,West,2023-03-23
8012,Aadhya Lalla,Female,58,Regular,Pune,Maharashtra,West,2024-10-17
8013,Udarsh Gandhi,Male,37,Regular,Patna,Bihar,East,2022-08-11
8014,Nirja Chhabra,Male,62,New,Ahmedabad,Gujarat,West,2023-11-15
8015,Isha Hans,Female,33,Regular,Mumbai,Maharashtra,West,2022-10-24
8016,Peter Basak,Male,57,Regular,Guwahati,Assam,East,2025-12-13
8017,Gagan Uppal,Male,47,Regular,Guwahati,Assam,East,2021-11-04
8018,Tamanna Chaudhry,Female,46,Regular,Ahmedabad,Gujarat,West,2023-09-10
8019,Chandresh Krish,Female,44,Regular,Kochi,Kerala,South,2025-11-12
8020,Idika Bains,Female,51,Premium,Lucknow,Uttar Pradesh,North,2023-03-02
8021,Kavya Chaudhuri,Female,61,Regular,Bhubaneswar,Odisha,East,2025-07-23
8022,Ekaja Bawa,Male,21,Regular,Lucknow,Uttar Pradesh,North,2022-09-18
8023,Raghav Grewal,Female,47,Regular,Mumbai,Maharashtra,West,2024-04-02
8024,Pallavi Roy,Male,38,Regular,Mumbai,Maharashtra,West,2025-09-13
8025,Quincy Suri,Female,50,New,Delhi,Delhi,North,2025-02-01
8026,Arya Dave,Male,27,Regular,Kochi,Kerala,South,2024-11-23
8027,Aarav Ratti,Female,36,Regular,Chennai,Tamil Nadu,South,2022-07-28
8028,Vritti Bassi,Male,44,New,Chandigarh,Chandigarh,North,2021-09-27
8029,Jonathan Bumb,Female,61,Regular,Bhubaneswar,Odisha,East,2021-09-22
8030,Tripti Merchant,Male,23,Regular,Chandigarh,Chandigarh,North,2024-03-07
8031,Janaki Bail,Female,30,Regular,Kochi,Kerala,South,2024-06-09
8032,Urvashi Bahl,Male,38,Regular,Kochi,Kerala,South,2023-03-16
8033,Pushti Chandran,Female,57,New,Kolkata,West Bengal,East,2025-01-19
8034,Tanveer Nadig,Female,56,New,Pune,Maharashtra,West,2026-04-29
8035,Chaitanya Muni,Male,26,Regular,Chandigarh,Chandigarh,North,2026-01-20
8036,Veda Srinivas,Female,49,New,Hyderabad,Telangana,South,2026-04-01
8037,Jatin Kant,Female,57,New,Jaipur,Rajasthan,North,2025-03-12
8038,Advay Dua,Male,63,Premium,Kolkata,West Bengal,East,2021-09-26
8039,Ikbal Ratti,Female,40,New,Patna,Bihar,East,2026-01-09
8040,Bhavna Nori,Male,20,Premium,Mumbai,Maharashtra,West,2024-04-14
8041,Tripti Choudhary,Male,48,Premium,Lucknow,Uttar Pradesh,North,2025-07-22
8042,William Dubey,Male,44,New,Kolkata,West Bengal,East,2022-12-13
8043,Fitan Date,Female,54,New,Patna,Bihar,East,2021-10-02
8044,Gagan Gola,Female,25,Regular,Ranchi,Jharkhand,East,2023-10-03
8045,Indali Rao,Male,60,Regular,Bengaluru,Karnataka,South,2023-08-09
8046,Timothy Jaggi,Female,61,New,Chandigarh,Chandigarh,North,2025-10-25
8047,Ishani Nori,Female,19,Regular,Lucknow,Uttar Pradesh,North,2023-07-18
8048,Madhav Krishna,Male,27,New,Surat,Gujarat,West,2024-02-02
8049,Hamsini Doctor,Male,59,Premium,Chennai,Tamil Nadu,South,2023-10-21
8050,Chatura Khurana,Female,36,New,Jaipur,Rajasthan,North,2023-08-23
8051,Dakshesh Dhawan,Female,33,New,Ranchi,Jharkhand,East,2023-07-25
8052,Isaiah Amble,Female,41,New,Jaipur,Rajasthan,North,2023-10-23
8053,Rajeshri Sura,Female,21,Premium,Patna,Bihar,East,2021-07-29
8054,Eiravati Shere,Male,63,Regular,Kochi,Kerala,South,2021-09-29
8055,Pranav Chacko,Male,49,Regular,Ranchi,Jharkhand,East,2026-04-28
8056,Leela Setty,Female,31,Regular,Surat,Gujarat,West,2025-01-09
8057,Pranit Khosla,Female,44,New,Chennai,Tamil Nadu,South,2025-11-19
8058,Victor Kashyap,Male,34,New,Coimbatore,Tamil Nadu,South,2023-05-12
8059,Anjali Wagle,Male,51,Regular,Mumbai,Maharashtra,West,2021-08-14
8060,Finn Sahota,Female,54,Regular,Chennai,Tamil Nadu,South,2022-12-11
8061,Riya Minhas,Female,54,Regular,Pune,Maharashtra,West,2023-03-11
8062,Utkarsh Balay,Male,27,New,Chandigarh,Chandigarh,North,2022-06-24
8063,Meghana Lanka,Female,41,Premium,Amritsar,Punjab,North,2022-04-11
8064,Ganga Choudhry,Female,24,New,Kolkata,West Bengal,East,2023-08-07
8065,Bakhshi Modi,Male,45,Premium,Indore,Madhya Pradesh,West,2024-05-27
8066,Ekantika Mody,Male,39,New,Mumbai,Maharashtra,West,2021-11-17
8067,Diya Chaudhari,Male,21,Regular,Chandigarh,Chandigarh,North,2024-04-04
8068,Ranveer Mane,Male,34,New,Coimbatore,Tamil Nadu,South,2021-10-14
8069,Yug Kapur,Male,47,Regular,Guwahati,Assam,East,2023-06-29
8070,Wazir Ahuja,Female,28,Regular,Indore,Madhya Pradesh,West,2026-06-10
8071,Chasmum Hari,Male,64,Regular,Lucknow,Uttar Pradesh,North,2023-02-11
8072,Aarnav Zachariah,Male,61,Regular,Amritsar,Punjab,North,2023-11-12
8073,Nidra Lall,Male,65,Regular,Chennai,Tamil Nadu,South,2026-01-13
8074,Bachittar Din,Female,59,Regular,Coimbatore,Tamil Nadu,South,2022-09-14
8075,Advaith Madan,Male,39,Regular,Bengaluru,Karnataka,South,2022-01-06
8076,Qarin Om,Female,23,New,Bengaluru,Karnataka,South,2023-09-28
8077,Udarsh Kala,Female,20,Regular,Chennai,Tamil Nadu,South,2025-01-20
8078,George Sen,Male,27,Regular,Amritsar,Punjab,North,2026-02-20
8079,Lajita Wadhwa,Female,65,Regular,Kochi,Kerala,South,2024-09-29
8080,Sai Prasad,Female,21,Regular,Bhubaneswar,Odisha,East,2022-01-29
8081,Wakeeta Khalsa,Female,49,New,Patna,Bihar,East,2021-09-20
8082,Azaan Biswas,Male,21,New,Pune,Maharashtra,West,2026-05-18
8083,Janani Chacko,Male,28,New,Pune,Maharashtra,West,2026-06-11
8084,Yug Borah,Male,44,New,Delhi,Delhi,North,2025-05-29
8085,Keya Mani,Female,44,Regular,Jaipur,Rajasthan,North,2023-12-23
8086,Zilmil Kurian,Female,26,Regular,Ahmedabad,Gujarat,West,2024-10-02
8087,Lekha Palla,Female,18,Premium,Ranchi,Jharkhand,East,2025-02-24
8088,Isha Dixit,Female,34,Regular,Mumbai,Maharashtra,West,2025-01-21
8089,Samaksh Pillay,Female,39,New,Pune,Maharashtra,West,2026-06-07
8090,Lavanya Pillay,Female,31,Premium,Hyderabad,Telangana,South,2023-11-15
8091,Manya Gole,Female,62,Premium,Indore,Madhya Pradesh,West,2021-07-27
8092,Ekani Sandal,Female,53,Regular,Ranchi,Jharkhand,East,2025-11-19
8093,Shivani Choudhry,Female,18,Regular,Kolkata,West Bengal,East,2022-04-09
8094,Nirja Bal,Female,48,Premium,Ranchi,Jharkhand,East,2024-06-10
8095,Dhruv Dara,Male,45,Regular,Surat,Gujarat,West,2025-05-03
8096,Jacob Bala,Female,27,Premium,Chandigarh,Chandigarh,North,2024-05-05
8097,Rajata Aggarwal,Female,51,New,Bhubaneswar,Odisha,East,2026-06-27
8098,Arya Aggarwal,Male,50,New,Amritsar,Punjab,North,2024-06-22
8099,Unni Bawa,Male,63,Regular,Kochi,Kerala,South,2025-08-11
8100,Laban Tata,Male,46,Regular,Ahmedabad,Gujarat,West,2021-10-12
8101,Arjun Padmanabhan,Female,30,Regular,Delhi,Delhi,North,2024-12-27
8102,Udyati Swaminathan,Female,20,Premium,Mumbai,Maharashtra,West,2026-03-08
8103,Frado Mall,Female,52,Regular,Ranchi,Jharkhand,East,2025-10-17
8104,Krish Rajan,Male,62,New,Chandigarh,Chandigarh,North,2024-11-21
8105,Henry Nayak,Female,48,Regular,Surat,Gujarat,West,2024-01-26
8106,Damini Saraf,Male,47,Regular,Kolkata,West Bengal,East,2023-09-02
8107,Shivani Jain,Male,34,New,Bengaluru,Karnataka,South,2021-09-04
8108,Madhavi Choudhury,Female,33,Regular,Coimbatore,Tamil Nadu,South,2024-09-18
8109,Manthan Bansal,Male,43,Regular,Patna,Bihar,East,2026-06-28
8110,Samarth Pillay,Male,57,Regular,Delhi,Delhi,North,2023-04-22
8111,Barkha Wali,Male,51,Regular,Guwahati,Assam,East,2023-07-18
8112,Indira Basu,Male,48,New,Mumbai,Maharashtra,West,2025-06-13
8113,Hitesh Samra,Female,49,Premium,Amritsar,Punjab,North,2021-10-11
8114,Omaja Solanki,Male,20,Regular,Jaipur,Rajasthan,North,2023-11-15
8115,Kalpit Chowdhury,Male,64,Regular,Surat,Gujarat,West,2022-06-25
8116,Adweta Upadhyay,Female,21,New,Lucknow,Uttar Pradesh,North,2023-12-27
8117,Xalak Seshadri,Male,45,Regular,Bhubaneswar,Odisha,East,2023-10-13
8118,Gauri Mohanty,Female,46,New,Ranchi,Jharkhand,East,2024-07-28
8119,Kashish Raju,Female,23,New,Hyderabad,Telangana,South,2022-08-13
8120,Jeet Goel,Male,23,Regular,Jaipur,Rajasthan,North,2024-07-23
8121,Faris Iyengar,Male,21,New,Amritsar,Punjab,North,2023-04-16
8122,Aachal Sandhu,Male,49,Regular,Mumbai,Maharashtra,West,2021-11-04
8123,Manthan Raj,Male,18,New,Kolkata,West Bengal,East,2024-09-27
8124,Gaurav Salvi,Male,40,Regular,Kolkata,West Bengal,East,2025-08-02
8125,Shivansh Pingle,Female,28,New,Guwahati,Assam,East,2026-05-07
8126,Simon Bose,Male,20,New,Coimbatore,Tamil Nadu,South,2022-09-24
8127,Tarak Baral,Male,57,New,Delhi,Delhi,North,2022-10-06
8128,Kevin Varma,Female,35,Premium,Ahmedabad,Gujarat,West,2023-02-21
8129,Kashvi Kata,Male,56,Premium,Ahmedabad,Gujarat,West,2025-07-11
8130,Pranav Sampath,Female,65,New,Ahmedabad,Gujarat,West,2022-09-18
8131,Laban Malhotra,Male,40,Regular,Patna,Bihar,East,2024-12-25
8132,Zehaan Srinivasan,Female,60,Regular,Kochi,Kerala,South,2025-05-31
8133,Quincy Dugar,Female,23,Premium,Bengaluru,Karnataka,South,2024-01-22
8134,Bina Pillay,Male,40,Regular,Ahmedabad,Gujarat,West,2023-07-21
8135,Noah Datta,Female,20,Regular,Kochi,Kerala,South,2022-02-23
8136,Fitan Sastry,Male,33,New,Kolkata,West Bengal,East,2022-03-23
8137,Gautami Anand,Male,46,Regular,Indore,Madhya Pradesh,West,2024-10-05
8138,Reva Prakash,Female,42,Premium,Surat,Gujarat,West,2025-07-03
8139,Diya Nanda,Male,51,Regular,Lucknow,Uttar Pradesh,North,2025-09-20
8140,Vasudha Brar,Female,23,New,Patna,Bihar,East,2026-05-13
8141,Ethan Dass,Male,41,New,Ahmedabad,Gujarat,West,2023-10-31
8142,Chasmum Nagar,Female,51,Regular,Guwahati,Assam,East,2024-11-18
8143,Yadavi Bose,Female,55,Regular,Jaipur,Rajasthan,North,2022-07-27
8144,Warda Pandey,Male,31,Regular,Amritsar,Punjab,North,2021-11-17
8145,Tripti Dugar,Female,28,Premium,Guwahati,Assam,East,2021-09-10
8146,Yutika Banerjee,Female,46,New,Kolkata,West Bengal,East,2021-10-14
8147,Lajita Prakash,Female,19,New,Patna,Bihar,East,2025-03-15
8148,Omisha Grewal,Male,34,Premium,Pune,Maharashtra,West,2023-10-16
8149,Ronith Iyengar,Female,27,New,Bhubaneswar,Odisha,East,2025-12-12
8150,Krishna Sharma,Male,24,New,Indore,Madhya Pradesh,West,2024-06-02
8151,Ekta Babu,Male,62,Regular,Delhi,Delhi,North,2026-06-03
8152,Vedant Mahajan,Female,44,Regular,Kolkata,West Bengal,East,2023-07-15
8153,Darpan Bir,Female,56,New,Indore,Madhya Pradesh,West,2022-11-13
8154,Vidhi Som,Male,33,Premium,Chennai,Tamil Nadu,South,2021-08-12
8155,Ikshita Mallick,Female,25,Regular,Guwahati,Assam,East,2022-11-02
8156,Ishwar Agarwal,Female,64,New,Bengaluru,Karnataka,South,2025-09-29
8157,Yashasvi Sagar,Male,20,Regular,Hyderabad,Telangana,South,2022-01-26
8158,Tanish Dugal,Female,34,Regular,Chennai,Tamil Nadu,South,2024-08-04
8159,Kala Sen,Female,60,Regular,Hyderabad,Telangana,South,2025-05-08
8160,Shivansh Wadhwa,Female,39,Regular,Bengaluru,Karnataka,South,2026-05-24
8161,Harrison Chakraborty,Male,54,Premium,Guwahati,Assam,East,2023-01-26
8162,Baljiwan Gulati,Male,63,New,Indore,Madhya Pradesh,West,2023-02-28
8163,Meghana Bera,Female,48,Regular,Bengaluru,Karnataka,South,2023-01-13
8164,Bhavini Edwin,Female,46,Regular,Guwahati,Assam,East,2024-10-01
8165,Gaurika Naik,Male,36,Regular,Ranchi,Jharkhand,East,2023-06-17
8166,Aarush Gokhale,Male,47,Regular,Coimbatore,Tamil Nadu,South,2022-12-15
8167,Harita Krishna,Female,61,New,Lucknow,Uttar Pradesh,North,2026-05-06
8168,Maanas Krish,Male,34,Regular,Pune,Maharashtra,West,2025-07-02
8169,Vrishti Chacko,Female,29,Regular,Mumbai,Maharashtra,West,2024-05-20
8170,Chakrika Karnik,Male,35,New,Ahmedabad,Gujarat,West,2025-04-16
8171,David Oak,Male,45,Regular,Bhubaneswar,Odisha,East,2022-12-01
8172,Urmi Bawa,Female,55,Regular,Surat,Gujarat,West,2025-09-14
8173,Omisha Bedi,Female,36,Regular,Surat,Gujarat,West,2025-02-20
8174,Faraj Behl,Female,46,New,Patna,Bihar,East,2025-07-08
8175,Hritik Raman,Male,35,Regular,Kolkata,West Bengal,East,2023-09-29
8176,Falan Lad,Male,64,New,Delhi,Delhi,North,2022-06-26
8177,Peter Acharya,Male,62,New,Kochi,Kerala,South,2024-09-12
8178,Bishakha Chhabra,Female,29,Regular,Guwahati,Assam,East,2026-02-06
8179,Ekalinga Rajagopal,Male,62,New,Ahmedabad,Gujarat,West,2023-12-22
8180,Rajata Kulkarni,Female,33,New,Hyderabad,Telangana,South,2024-02-10
8181,Gautami Madan,Male,35,New,Delhi,Delhi,North,2024-11-09
8182,Ronith Saran,Female,56,New,Patna,Bihar,East,2022-02-22
8183,Logan Vasa,Female,44,New,Kochi,Kerala,South,2023-07-01
8184,Falguni Sankar,Female,44,Premium,Delhi,Delhi,North,2023-03-29
8185,Jackson Sarna,Male,62,New,Pune,Maharashtra,West,2025-01-07
8186,Kashvi Solanki,Female,19,New,Bengaluru,Karnataka,South,2024-10-08
8187,Forum Goel,Female,51,New,Ahmedabad,Gujarat,West,2024-04-12
8188,Pranav Garde,Male,24,Premium,Jaipur,Rajasthan,North,2025-03-23
8189,Harshil Mandal,Male,63,Regular,Mumbai,Maharashtra,West,2021-12-18
8190,Yahvi Chowdhury,Female,33,Regular,Kochi,Kerala,South,2022-05-03
8191,Abhimanyu Chad,Male,46,Premium,Bengaluru,Karnataka,South,2022-12-27
8192,Mekhala Gupta,Male,52,Regular,Kochi,Kerala,South,2022-08-14
8193,Om Sachar,Female,37,New,Pune,Maharashtra,West,2024-06-09
8194,Jai Gaba,Female,30,New,Ahmedabad,Gujarat,West,2023-02-22
8195,Hritik Seshadri,Male,58,Regular,Delhi,Delhi,North,2025-08-22
8196,Max Behl,Male,49,New,Chandigarh,Chandigarh,North,2023-01-17
8197,Damyanti Sarin,Female,52,Regular,Coimbatore,Tamil Nadu,South,2024-08-19
8198,Neha Patla,Female,22,New,Lucknow,Uttar Pradesh,North,2024-08-17
8199,Manan Sheth,Female,57,Regular,Patna,Bihar,East,2024-08-28
8200,Yug Rajan,Female,42,New,Guwahati,Assam,East,2022-06-20
8201,Harsh Saha,Female,38,New,Hyderabad,Telangana,South,2023-10-28
8202,Jatin Munshi,Male,28,Regular,Kolkata,West Bengal,East,2023-02-05
8203,Ishaan Bal,Male,22,Premium,Hyderabad,Telangana,South,2022-06-29
8204,Rayaan Bhatia,Female,45,Regular,Coimbatore,Tamil Nadu,South,2025-12-31
8205,Teerth Chaudry,Female,42,Regular,Jaipur,Rajasthan,North,2024-02-15
8206,Warinder Mann,Male,62,New,Bhubaneswar,Odisha,East,2023-05-02
8207,Advik Dass,Male,39,New,Ranchi,Jharkhand,East,2022-06-14
8208,Megha Ghosh,Male,23,New,Bengaluru,Karnataka,South,2022-04-10
8209,Finn Kibe,Female,23,New,Chennai,Tamil Nadu,South,2026-04-02
8210,Advaith Dewan,Male,19,New,Chennai,Tamil Nadu,South,2026-07-14
8211,Nathan Khurana,Female,51,New,Kochi,Kerala,South,2023-02-07
8212,Balveer Sem,Male,46,Regular,Ahmedabad,Gujarat,West,2024-03-21
8213,Deepa Desai,Female,26,New,Indore,Madhya Pradesh,West,2023-11-28
8214,Wakeeta Sandhu,Female,29,Regular,Indore,Madhya Pradesh,West,2024-08-19
8215,Chasmum Ben,Female,65,Regular,Pune,Maharashtra,West,2025-01-29
8216,Vidhi Desai,Male,27,Regular,Mumbai,Maharashtra,West,2026-05-24
8217,Hamsini Gokhale,Female,46,Regular,Amritsar,Punjab,North,2021-11-29
8218,Anmol Khosla,Female,23,New,Hyderabad,Telangana,South,2025-07-03
8219,Kamala Bora,Male,60,New,Lucknow,Uttar Pradesh,North,2025-09-13
8220,Maanav Mander,Female,58,Regular,Chennai,Tamil Nadu,South,2021-08-18
8221,Hemangini Malhotra,Female,33,Premium,Patna,Bihar,East,2025-07-12
8222,Bimala Bhattacharyya,Male,30,New,Ranchi,Jharkhand,East,2022-06-14
8223,Pranav Sunder,Female,59,New,Kochi,Kerala,South,2023-09-21
8224,Vivaan Nagar,Female,39,Premium,Delhi,Delhi,North,2026-07-12
8225,Harshil Gara,Female,63,New,Hyderabad,Telangana,South,2025-01-12
8226,Lakshmi Handa,Male,26,Regular,Pune,Maharashtra,West,2025-07-06
8227,Tripti Sandhu,Male,28,Regular,Pune,Maharashtra,West,2026-05-22
8228,Balveer Mahal,Male,37,New,Ranchi,Jharkhand,East,2024-02-12
8229,Indira Shan,Male,64,Regular,Hyderabad,Telangana,South,2022-06-10
8230,Farhan Verma,Female,39,Regular,Hyderabad,Telangana,South,2025-05-27
8231,Wahab Bobal,Male,55,New,Ranchi,Jharkhand,East,2024-08-10
8232,Rachit Buch,Male,36,Regular,Surat,Gujarat,West,2025-08-22
8233,Zaid Muni,Female,48,Regular,Delhi,Delhi,North,2024-10-16
8234,Hiral Amble,Female,58,Regular,Jaipur,Rajasthan,North,2025-01-26
8235,Warhi Srinivas,Female,32,New,Ranchi,Jharkhand,East,2025-08-12
8236,Barkha Ratta,Female,56,Regular,Ahmedabad,Gujarat,West,2023-05-31
8237,Tanmayi Purohit,Female,50,Regular,Jaipur,Rajasthan,North,2022-07-11
8238,Jeremiah Bobal,Female,65,Regular,Ranchi,Jharkhand,East,2024-01-22
8239,Eshana Parmer,Male,63,Regular,Chennai,Tamil Nadu,South,2022-09-22
8240,Ati Parmer,Male,62,New,Coimbatore,Tamil Nadu,South,2021-11-25
8241,Nicholas Prabhakar,Female,40,Regular,Hyderabad,Telangana,South,2022-12-04
8242,Harrison Hayre,Male,18,Regular,Surat,Gujarat,West,2024-06-13
8243,Bakhshi Narang,Male,61,New,Pune,Maharashtra,West,2025-08-15
8244,Chaitaly Char,Female,28,Regular,Patna,Bihar,East,2024-08-06
8245,Irya Choudhary,Male,49,New,Ahmedabad,Gujarat,West,2024-06-12
8246,Atharv Roy,Female,31,Regular,Mumbai,Maharashtra,West,2026-02-21
8247,Hredhaan Karpe,Male,63,New,Delhi,Delhi,North,2024-01-10
8248,Veer Ratti,Male,54,Regular,Chandigarh,Chandigarh,North,2026-06-04
8249,Gautami Balasubramanian,Male,64,Premium,Delhi,Delhi,North,2025-04-26
8250,Wazir Taneja,Female,27,Regular,Mumbai,Maharashtra,West,2022-10-18
8251,Lohit Khalsa,Female,45,Premium,Chennai,Tamil Nadu,South,2025-12-14
8252,Vidhi Thakkar,Male,20,Premium,Jaipur,Rajasthan,North,2022-11-03
8253,Balveer Issac,Female,31,New,Delhi,Delhi,North,2025-06-21
8254,Tarak Choudhury,Female,30,Regular,Kochi,Kerala,South,2025-12-15
8255,Ridhi Bhatnagar,Female,19,Regular,Ranchi,Jharkhand,East,2022-03-27
8256,Ira Mohanty,Female,28,Premium,Kochi,Kerala,South,2025-12-21
8257,Liam Dar,Female,42,New,Mumbai,Maharashtra,West,2024-11-28
8258,Ridhi Nadig,Female,60,Premium,Guwahati,Assam,East,2021-11-20
8259,Yash Tank,Female,40,Regular,Ranchi,Jharkhand,East,2026-04-11
8260,Ekavir Chahal,Female,57,Regular,Ahmedabad,Gujarat,West,2025-12-29
8261,William Cheema,Male,39,New,Patna,Bihar,East,2023-01-24
8262,Neel Khosla,Female,26,New,Bhubaneswar,Odisha,East,2026-01-10
8263,Gaurika Lad,Male,37,Regular,Lucknow,Uttar Pradesh,North,2021-10-21
8264,Avi Keer,Male,53,New,Patna,Bihar,East,2024-11-26
8265,Yashodhara Bahl,Female,28,Regular,Coimbatore,Tamil Nadu,South,2025-08-10
8266,Chameli Pradhan,Female,27,New,Bhubaneswar,Odisha,East,2022-10-02
8267,Chaitanya Dayal,Male,22,Regular,Lucknow,Uttar Pradesh,North,2025-02-10
8268,Daksha Borra,Male,22,Regular,Ahmedabad,Gujarat,West,2021-11-15
8269,Gagan Sem,Female,41,Regular,Bengaluru,Karnataka,South,2025-01-25
8270,Pahal Bhatnagar,Female,38,Regular,Ahmedabad,Gujarat,West,2021-10-06
8271,Sanaya Handa,Male,20,New,Bengaluru,Karnataka,South,2023-08-29
8272,Baghyawati Sridhar,Female,57,New,Kochi,Kerala,South,2022-06-15
8273,Shaurya Dave,Male,19,New,Ranchi,Jharkhand,East,2025-11-05
8274,Raghav Mukhopadhyay,Male,30,Regular,Hyderabad,Telangana,South,2026-05-08
8275,Tanay Jayaraman,Male,64,Regular,Bhubaneswar,Odisha,East,2024-11-09
8276,Hemang Bassi,Female,36,Regular,Chandigarh,Chandigarh,North,2023-01-26
8277,Chakradev Bail,Male,45,Regular,Chandigarh,Chandigarh,North,2023-08-05
8278,Aarav Bhatti,Male,54,Regular,Hyderabad,Telangana,South,2023-01-03
8279,Indrajit Iyengar,Male,63,Regular,Kolkata,West Bengal,East,2021-08-05
8280,Jeevika Nath,Male,41,New,Amritsar,Punjab,North,2022-02-22
8281,Chavvi Deol,Female,54,New,Hyderabad,Telangana,South,2026-05-03
8282,Manan Datta,Male,63,Premium,Guwahati,Assam,East,2021-10-09
8283,Pallavi Shetty,Female,56,Premium,Jaipur,Rajasthan,North,2024-12-06
8284,Vrinda Purohit,Male,59,New,Kolkata,West Bengal,East,2022-03-10
8285,Watika Setty,Female,37,Regular,Chennai,Tamil Nadu,South,2025-07-06
8286,Raksha Prabhakar,Male,53,Regular,Mumbai,Maharashtra,West,2023-12-29
8287,Xiti Srinivasan,Male,37,Regular,Delhi,Delhi,North,2025-11-10
8288,Kabir Kala,Female,48,New,Hyderabad,Telangana,South,2023-11-11
8289,Udant Shan,Male,56,New,Chandigarh,Chandigarh,North,2024-07-27
8290,Benjamin Mall,Female,45,Regular,Pune,Maharashtra,West,2024-10-02
8291,Balvan Maharaj,Male,49,Premium,Mumbai,Maharashtra,West,2024-01-26
8292,Eiravati Om,Male,25,Regular,Hyderabad,Telangana,South,2023-05-05
8293,Yashvi Chad,Male,28,New,Chandigarh,Chandigarh,North,2025-03-26
8294,Udant Mand,Male,32,New,Chandigarh,Chandigarh,North,2024-10-05
8295,Wishi Rau,Female,55,Regular,Delhi,Delhi,North,2022-02-07
8296,Yug Chhabra,Male,28,Regular,Guwahati,Assam,East,2025-06-06
8297,Eiravati Uppal,Male,55,Regular,Amritsar,Punjab,North,2023-04-11
8298,Hitesh Zacharia,Female,41,Regular,Surat,Gujarat,West,2023-03-12
8299,Mahika Dey,Male,54,New,Chennai,Tamil Nadu,South,2024-09-21
8300,Damini Halder,Male,50,Regular,Amritsar,Punjab,North,2021-09-13
8301,Sara Bumb,Male,30,Regular,Bengaluru,Karnataka,South,2025-05-16
8302,Zayan Balasubramanian,Male,24,New,Ranchi,Jharkhand,East,2024-11-27
8303,Zaitra Murthy,Male,45,Regular,Pune,Maharashtra,West,2026-04-03
8304,Abhiram Dey,Male,37,New,Surat,Gujarat,West,2025-10-10
8305,Falan Pant,Male,18,New,Lucknow,Uttar Pradesh,North,2026-06-04
8306,Quincy Bhakta,Male,57,New,Coimbatore,Tamil Nadu,South,2022-07-10
8307,Jagrati Pall,Female,36,New,Amritsar,Punjab,North,2024-12-20
8308,Ekaja Loke,Male,25,New,Jaipur,Rajasthan,North,2025-02-17
8309,Shivani Varty,Male,19,Regular,Chennai,Tamil Nadu,South,2022-12-12
8310,Tamanna Sidhu,Female,55,Regular,Hyderabad,Telangana,South,2025-01-28
8311,Krishna Cherian,Male,49,Regular,Ranchi,Jharkhand,East,2025-01-11
8312,Balvan Shah,Female,43,New,Jaipur,Rajasthan,North,2025-05-07
8313,Aradhana Bains,Female,47,New,Kolkata,West Bengal,East,2025-06-08
8314,Warda Bir,Female,63,Regular,Bhubaneswar,Odisha,East,2025-05-20
8315,Chakrika Rau,Male,22,Regular,Pune,Maharashtra,West,2026-06-22
8316,Jeevika Swamy,Male,43,New,Pune,Maharashtra,West,2022-01-24
8317,Ati Chandran,Female,59,Premium,Chandigarh,Chandigarh,North,2024-03-22
8318,Deepa Sane,Male,38,Regular,Delhi,Delhi,North,2026-04-02
8319,Omya Kurian,Male,54,Premium,Mumbai,Maharashtra,West,2023-07-31
8320,Rachita Date,Male,45,Regular,Pune,Maharashtra,West,2026-04-17
8321,Widisha Bhargava,Male,18,New,Surat,Gujarat,West,2025-05-21
8322,Upma Butala,Female,43,Regular,Guwahati,Assam,East,2025-01-06
8323,Jacob Thakkar,Male,63,New,Surat,Gujarat,West,2022-02-10
8324,Vihaan Kibe,Male,62,Regular,Chennai,Tamil Nadu,South,2023-11-08
8325,Champak Mangal,Male,49,New,Mumbai,Maharashtra,West,2022-04-27
8326,Ayush Sheth,Male,19,Regular,Jaipur,Rajasthan,North,2024-11-01
8327,Krisha Sampath,Female,59,New,Mumbai,Maharashtra,West,2022-10-04
8328,Aahana Bhasin,Female,30,Premium,Amritsar,Punjab,North,2025-05-26
8329,Advika Kari,Male,37,Premium,Chennai,Tamil Nadu,South,2025-04-23
8330,Ucchal Sathe,Female,39,Regular,Bengaluru,Karnataka,South,2024-02-08
8331,Advika Raval,Female,62,Regular,Ahmedabad,Gujarat,West,2024-08-28
8332,Bhanumati Sibal,Male,33,Regular,Coimbatore,Tamil Nadu,South,2025-09-29
8333,Henry Handa,Male,54,Regular,Ahmedabad,Gujarat,West,2021-08-24
8334,Bhavya Konda,Male,51,Regular,Pune,Maharashtra,West,2021-10-31
8335,Aishani Parikh,Male,61,Regular,Guwahati,Assam,East,2022-03-20
8336,Gunbir Uppal,Female,65,Regular,Guwahati,Assam,East,2024-12-25
8337,Ubika Pillai,Female,25,Premium,Patna,Bihar,East,2025-06-22
8338,Dakshesh Bains,Male,54,Regular,Coimbatore,Tamil Nadu,South,2024-07-05
8339,Triveni Madan,Male,37,Regular,Mumbai,Maharashtra,West,2022-10-06
8340,Irya Raj,Female,49,Regular,Chennai,Tamil Nadu,South,2022-07-11
8341,Chaman Balakrishnan,Female,30,Regular,Coimbatore,Tamil Nadu,South,2025-07-26
8342,Shivansh Rai,Male,27,Regular,Indore,Madhya Pradesh,West,2026-05-26
8343,Mohammed Jha,Male,20,New,Coimbatore,Tamil Nadu,South,2022-03-24
8344,Aarna Chopra,Female,34,Regular,Bhubaneswar,Odisha,East,2022-02-25
8345,Avi Devan,Female,44,Premium,Ahmedabad,Gujarat,West,2024-09-20
8346,Vrinda Chaudry,Female,65,Regular,Ahmedabad,Gujarat,West,2021-09-03
8347,Samar Bera,Male,43,Regular,Ahmedabad,Gujarat,West,2022-10-10
8348,Kabir Goda,Male,26,New,Kochi,Kerala,South,2025-06-16
8349,Alka Gade,Male,24,Regular,Lucknow,Uttar Pradesh,North,2021-11-29
8350,Raksha Konda,Female,28,Regular,Ahmedabad,Gujarat,West,2024-10-08
8351,Ryan Lanka,Female,20,Regular,Surat,Gujarat,West,2025-04-12
8352,Panini Dar,Female,50,New,Jaipur,Rajasthan,North,2024-11-19
8353,Ikbal Munshi,Male,25,Premium,Kolkata,West Bengal,East,2022-02-25
8354,Anamika Dhar,Male,41,Regular,Patna,Bihar,East,2024-11-16
8355,Anvi Narayan,Male,63,New,Pune,Maharashtra,West,2023-08-08
8356,Edhitha Wason,Female,22,New,Bhubaneswar,Odisha,East,2023-02-09
8357,Joshua Pillay,Female,25,New,Lucknow,Uttar Pradesh,North,2026-05-24
8358,Anamika Mukhopadhyay,Female,19,Regular,Jaipur,Rajasthan,North,2021-11-01
8359,Rehaan Deol,Male,23,New,Kochi,Kerala,South,2026-05-17
8360,Victor Pall,Male,39,New,Kochi,Kerala,South,2022-07-05
8361,Gauri Garg,Female,42,Regular,Patna,Bihar,East,2024-02-03
8362,Gayathri Bala,Male,65,New,Patna,Bihar,East,2024-01-29
8363,Diya Bath,Male,42,New,Indore,Madhya Pradesh,West,2026-03-02
8364,Shravya Kakar,Female,46,Regular,Bhubaneswar,Odisha,East,2025-11-25
8365,Karan Parmar,Male,30,Regular,Jaipur,Rajasthan,North,2023-05-05
8366,Waida Suresh,Female,35,Regular,Patna,Bihar,East,2022-06-10
8367,Anusha Ramakrishnan,Female,61,Regular,Guwahati,Assam,East,2023-12-13
8368,Bahadurjit Mohan,Male,18,Regular,Surat,Gujarat,West,2022-11-10
8369,Chanakya Saran,Male,23,Regular,Bengaluru,Karnataka,South,2023-09-03
8370,Madhavi Mishra,Male,49,New,Pune,Maharashtra,West,2021-07-30
8371,Tanvi Patla,Female,55,New,Chennai,Tamil Nadu,South,2024-04-08
8372,Watika Shere,Male,62,Regular,Ahmedabad,Gujarat,West,2025-07-26
8373,Bina Raghavan,Male,42,Regular,Lucknow,Uttar Pradesh,North,2024-07-03
8374,Logan Dara,Female,60,Regular,Coimbatore,Tamil Nadu,South,2021-08-21
8375,Arjun Sidhu,Female,61,Regular,Amritsar,Punjab,North,2021-08-24
8376,Zehaan Pandya,Male,34,Regular,Mumbai,Maharashtra,West,2022-04-28
8377,Caleb Chanda,Male,44,New,Amritsar,Punjab,North,2025-03-11
8378,Tristan Dhaliwal,Male,22,New,Kolkata,West Bengal,East,2025-04-25
8379,Upadhriti Balasubramanian,Female,19,Regular,Kochi,Kerala,South,2025-10-01
8380,Mekhala Deshpande,Female,53,Regular,Hyderabad,Telangana,South,2023-09-27
8381,Vansha Minhas,Female,47,Regular,Bhubaneswar,Odisha,East,2023-05-04
8382,Dakshesh Kalla,Female,29,New,Delhi,Delhi,North,2022-07-17
8383,Vihaan Mishra,Female,63,Regular,Indore,Madhya Pradesh,West,2022-03-12
8384,Amara Dubey,Female,29,Premium,Kolkata,West Bengal,East,2022-10-08
8385,Nachiket Kibe,Female,57,New,Patna,Bihar,East,2023-11-02
8386,Aishani Sachdeva,Female,36,Regular,Surat,Gujarat,West,2023-09-03
8387,Damini Pandya,Female,62,Premium,Bengaluru,Karnataka,South,2025-03-02
8388,Tanmayi Tripathi,Male,48,New,Ranchi,Jharkhand,East,2025-02-03
8389,Saumya Hans,Male,18,Regular,Bhubaneswar,Odisha,East,2025-12-01
8390,Bhavna Dhawan,Male,59,New,Lucknow,Uttar Pradesh,North,2025-03-01
8391,Veer Deo,Female,37,Regular,Pune,Maharashtra,West,2023-09-25
8392,Arjun Edwin,Female,62,New,Indore,Madhya Pradesh,West,2025-10-14
8393,Meera Dayal,Male,32,Premium,Guwahati,Assam,East,2022-08-08
8394,Triya Rege,Female,63,Regular,Kolkata,West Bengal,East,2023-12-01
8395,Azaan Malhotra,Male,28,Regular,Coimbatore,Tamil Nadu,South,2026-02-16
8396,Lopa Nayar,Female,63,Regular,Ahmedabad,Gujarat,West,2026-06-06
8397,Faris Gade,Male,23,Regular,Delhi,Delhi,North,2024-11-08
8398,Yamini Buch,Female,53,Regular,Mumbai,Maharashtra,West,2024-04-19
8399,Inaya Ahuja,Female,58,Premium,Chandigarh,Chandigarh,North,2026-04-28
8400,Neel Barad,Female,22,Premium,Ranchi,Jharkhand,East,2026-03-24
8401,Hamsini Parikh,Female,54,Regular,Bengaluru,Karnataka,South,2023-12-03
8402,Riya Salvi,Female,23,Premium,Guwahati,Assam,East,2022-05-21
8403,Qabil Jhaveri,Male,38,Regular,Bhubaneswar,Odisha,East,2023-12-27
8404,Alka Kalla,Male,58,Regular,Bhubaneswar,Odisha,East,2024-08-29
8405,Tanmayi Hari,Male,61,Regular,Kochi,Kerala,South,2026-02-02
8406,Ridhi Venkatesh,Female,60,New,Ahmedabad,Gujarat,West,2025-03-12
8407,Rachit Buch,Male,60,New,Indore,Madhya Pradesh,West,2026-05-10
8408,Jagdish Barman,Male,44,New,Bengaluru,Karnataka,South,2025-08-30
8409,Aarav Suri,Female,58,Regular,Ranchi,Jharkhand,East,2021-08-05
8410,Ekansh Kurian,Male,23,Regular,Surat,Gujarat,West,2023-09-28
8411,Lekha Raja,Male,64,Regular,Guwahati,Assam,East,2022-07-03
8412,Tarak Taneja,Female,20,Premium,Amritsar,Punjab,North,2026-05-24
8413,Vamakshi Kothari,Male,49,Regular,Kolkata,West Bengal,East,2021-11-16
8414,Ishani Golla,Female,25,Regular,Delhi,Delhi,North,2022-02-03
8415,Dominic Setty,Female,34,New,Jaipur,Rajasthan,North,2021-07-22
8416,Charan Soni,Male,24,New,Ranchi,Jharkhand,East,2022-08-24
8417,Unni Sengupta,Female,41,Regular,Bengaluru,Karnataka,South,2024-08-25
8418,Henry De,Female,49,Regular,Bhubaneswar,Odisha,East,2025-10-14
8419,Anvi Chada,Female,63,Regular,Coimbatore,Tamil Nadu,South,2024-08-06
8420,Charan Dutta,Female,64,New,Chennai,Tamil Nadu,South,2025-03-31
8421,Kashvi Bala,Female,47,Regular,Ahmedabad,Gujarat,West,2024-12-16
8422,Andrew Acharya,Female,53,New,Delhi,Delhi,North,2024-03-01
8423,Matthew Gera,Female,33,New,Chandigarh,Chandigarh,North,2024-07-28
8424,Frederick Dugar,Male,28,New,Hyderabad,Telangana,South,2021-09-03
8425,Arya Palan,Male,53,New,Amritsar,Punjab,North,2026-04-04
8426,Odika Barad,Female,48,New,Chennai,Tamil Nadu,South,2022-06-08
8427,Faqid Narang,Female,60,New,Amritsar,Punjab,North,2022-03-12
8428,Indali Contractor,Male,27,Premium,Surat,Gujarat,West,2025-08-04
8429,Ayushman Hora,Male,53,New,Ahmedabad,Gujarat,West,2023-11-02
8430,Dakshesh Saraf,Female,47,New,Coimbatore,Tamil Nadu,South,2022-05-16
8431,Ekalinga Shroff,Female,43,New,Lucknow,Uttar Pradesh,North,2025-11-09
8432,Ati Dara,Male,18,Regular,Bengaluru,Karnataka,South,2023-03-21
8433,Champak Sawhney,Male,65,New,Kochi,Kerala,South,2026-04-09
8434,Wakeeta Palla,Male,33,Premium,Lucknow,Uttar Pradesh,North,2024-02-07
8435,Ekta Oak,Male,51,Premium,Indore,Madhya Pradesh,West,2024-02-12
8436,Abdul Nigam,Male,28,New,Surat,Gujarat,West,2024-12-13
8437,Chavvi Nayak,Male,54,Regular,Lucknow,Uttar Pradesh,North,2024-05-30
8438,Patrick Kothari,Female,56,New,Hyderabad,Telangana,South,2021-10-01
8439,Maya Dave,Female,64,Regular,Kochi,Kerala,South,2023-06-29
8440,Harinakshi Chawla,Female,44,Regular,Guwahati,Assam,East,2023-10-06
8441,Bhavna Desai,Female,40,New,Coimbatore,Tamil Nadu,South,2024-03-27
8442,Anamika Naik,Female,61,New,Lucknow,Uttar Pradesh,North,2021-09-24
8443,Nandini Dhingra,Female,38,Regular,Patna,Bihar,East,2026-02-07
8444,Advika Hari,Female,48,Regular,Pune,Maharashtra,West,2022-01-24
8445,Bhavini Chhabra,Female,23,New,Ahmedabad,Gujarat,West,2026-03-08
8446,Saumya Kunda,Male,46,Regular,Coimbatore,Tamil Nadu,South,2023-08-31
8447,Oni Vaidya,Female,54,Regular,Ranchi,Jharkhand,East,2026-05-19
8448,Divya Sekhon,Male,30,Premium,Kolkata,West Bengal,East,2025-03-20
8449,Gabriel Bhagat,Male,27,New,Patna,Bihar,East,2022-11-21
8450,Tanvi Dora,Female,29,Regular,Chandigarh,Chandigarh,North,2023-07-07
8451,Gavin Thaman,Male,21,Regular,Indore,Madhya Pradesh,West,2026-06-06
8452,Shivani Yogi,Female,60,New,Chennai,Tamil Nadu,South,2023-10-10
8453,Tarak Sha,Male,41,Regular,Patna,Bihar,East,2024-08-04
8454,Nathaniel Mallick,Male,18,Regular,Pune,Maharashtra,West,2023-11-25
8455,Raagini Lata,Female,20,Premium,Lucknow,Uttar Pradesh,North,2024-05-30
8456,Aarna Koshy,Female,23,New,Pune,Maharashtra,West,2023-04-27
8457,Akshay Madan,Female,27,Regular,Indore,Madhya Pradesh,West,2026-06-21
8458,Balveer Subramanian,Female,43,Regular,Hyderabad,Telangana,South,2023-09-27
8459,Lopa Padmanabhan,Male,26,Premium,Ahmedabad,Gujarat,West,2024-09-04
8460,Kashvi Ramesh,Male,48,New,Guwahati,Assam,East,2021-11-16
8461,Rachana Dewan,Female,31,Premium,Delhi,Delhi,North,2025-06-20
8462,Nathan Singh,Male,30,Premium,Surat,Gujarat,West,2025-04-27
8463,Watika Dalal,Female,32,New,Kochi,Kerala,South,2026-04-20
8464,Veda Goyal,Male,27,Regular,Hyderabad,Telangana,South,2022-03-29
8465,Zaid Agrawal,Male,51,Premium,Ranchi,Jharkhand,East,2026-06-25
8466,Tanvi Toor,Male,32,New,Kochi,Kerala,South,2021-09-02
8467,Ishwar Pillai,Male,39,Regular,Pune,Maharashtra,West,2025-11-06
8468,Pratyush Oak,Male,32,Regular,Bengaluru,Karnataka,South,2022-09-15
8469,Anmol Amble,Male,18,New,Kochi,Kerala,South,2025-06-01
8470,Gauri Swaminathan,Male,34,New,Bhubaneswar,Odisha,East,2024-06-09
8471,Nikita Batra,Female,18,New,Chandigarh,Chandigarh,North,2025-08-05
8472,Azaan Jain,Male,32,New,Bhubaneswar,Odisha,East,2025-01-09
8473,Elijah Korpal,Male,52,Regular,Bengaluru,Karnataka,South,2026-01-17
8474,Hamsini Gulati,Female,58,New,Patna,Bihar,East,2025-08-24
8475,Radha Wason,Female,59,Premium,Chandigarh,Chandigarh,North,2022-02-28
8476,Ridhi Bala,Male,35,Regular,Indore,Madhya Pradesh,West,2022-11-14
8477,Pooja Basu,Female,24,New,Pune,Maharashtra,West,2025-03-21
8478,Krishna Chaudhary,Female,44,Regular,Kolkata,West Bengal,East,2021-08-29
8479,Yug Saxena,Male,59,Regular,Indore,Madhya Pradesh,West,2025-09-11
8480,Arunima Buch,Female,63,Premium,Ahmedabad,Gujarat,West,2021-09-10
8481,Dayamai Mander,Female,64,New,Patna,Bihar,East,2025-03-08
8482,Fitan Raj,Female,49,New,Bengaluru,Karnataka,South,2022-07-09
8483,Rajeshri Grewal,Male,45,Premium,Kochi,Kerala,South,2022-09-23
8484,Vanya Suri,Female,31,Premium,Kolkata,West Bengal,East,2025-11-29
8485,Ekta Kumer,Male,59,Regular,Kochi,Kerala,South,2025-07-15
8486,Pushti Dara,Female,57,Regular,Indore,Madhya Pradesh,West,2026-05-26
8487,Xalak Mohanty,Male,51,New,Hyderabad,Telangana,South,2024-02-26
8488,Vrinda Toor,Male,32,Regular,Coimbatore,Tamil Nadu,South,2021-11-14
8489,Devansh Krishna,Female,61,New,Indore,Madhya Pradesh,West,2023-05-06
8490,Oscar Sahota,Male,62,New,Chennai,Tamil Nadu,South,2022-01-29
8491,Orinder Butala,Male,28,Regular,Kolkata,West Bengal,East,2022-07-28
8492,Samarth Kanda,Female,55,New,Amritsar,Punjab,North,2024-09-13
8493,Jason Murthy,Female,23,Regular,Ahmedabad,Gujarat,West,2024-06-01
8494,Akshay Shenoy,Female,18,Premium,Chandigarh,Chandigarh,North,2024-05-08
8495,Siddharth Devi,Female,65,New,Surat,Gujarat,West,2025-01-11
8496,Bimala Mahajan,Female,59,Premium,Mumbai,Maharashtra,West,2024-11-05
8497,Indali Saini,Female,49,Premium,Pune,Maharashtra,West,2026-04-12
8498,Ekavir Patla,Male,37,Regular,Surat,Gujarat,West,2023-10-21
8499,Indrajit Shetty,Male,53,New,Pune,Maharashtra,West,2025-09-08
8500,Madhavi Amble,Male,64,New,Guwahati,Assam,East,2024-10-14
8501,Vihaan Chad,Female,29,Regular,Chandigarh,Chandigarh,North,2023-01-08
8502,Dayita Prabhakar,Female,42,New,Bhubaneswar,Odisha,East,2025-12-30
8503,Vyanjana Sengupta,Male,38,New,Chennai,Tamil Nadu,South,2023-09-27
8504,Kashish Som,Female,33,Premium,Guwahati,Assam,East,2025-04-18
8505,Nandini Krishnamurthy,Male,54,New,Ahmedabad,Gujarat,West,2025-02-18
8506,Chakradhar Pandit,Female,57,Regular,Pune,Maharashtra,West,2023-12-10
8507,Logan Sarin,Female,18,New,Guwahati,Assam,East,2022-03-01
8508,Qasim Bobal,Female,38,Regular,Coimbatore,Tamil Nadu,South,2023-02-02
8509,Bhavna Yogi,Female,45,Premium,Ranchi,Jharkhand,East,2023-12-29
8510,Yachana Sura,Male,48,New,Bhubaneswar,Odisha,East,2024-02-18
8511,Jalsa Mistry,Female,31,New,Amritsar,Punjab,North,2026-07-08
8512,Ojas Ahluwalia,Male,65,Regular,Delhi,Delhi,North,2025-03-28
8513,Banjeet Sachdeva,Male,65,Regular,Delhi,Delhi,North,2023-09-10
8514,Unni Kata,Female,60,Regular,Pune,Maharashtra,West,2025-12-27
8515,Anya Banerjee,Male,40,New,Pune,Maharashtra,West,2024-10-06
8516,Logan Mody,Male,64,New,Surat,Gujarat,West,2021-11-04
8517,Samaksh Barad,Male,36,Premium,Chennai,Tamil Nadu,South,2023-08-11
8518,Aarini Kota,Male,56,Premium,Ahmedabad,Gujarat,West,2022-10-06
8519,Ranveer Khare,Female,18,Regular,Lucknow,Uttar Pradesh,North,2021-10-24
8520,Farhan Chopra,Male,20,Regular,Amritsar,Punjab,North,2022-09-29
8521,Ansh Rattan,Female,43,Regular,Jaipur,Rajasthan,North,2026-02-23
8522,Hemal Virk,Male,65,Regular,Lucknow,Uttar Pradesh,North,2023-04-22
8523,Kiaan Mann,Female,37,New,Kochi,Kerala,South,2024-01-11
8524,Hemang Oza,Male,60,Regular,Indore,Madhya Pradesh,West,2023-04-25
8525,Nisha Shankar,Female,57,Regular,Indore,Madhya Pradesh,West,2021-11-28
8526,Suhani Virk,Male,48,New,Patna,Bihar,East,2026-03-21
8527,Sneha Iyengar,Male,56,Regular,Mumbai,Maharashtra,West,2022-08-04
8528,Gaurav Khurana,Male,44,Regular,Kochi,Kerala,South,2024-10-14
8529,Panini Sankaran,Male,18,Regular,Patna,Bihar,East,2023-03-06
8530,Samar Pant,Female,33,Regular,Patna,Bihar,East,2026-05-28
8531,Zashil Bir,Female,54,Premium,Ranchi,Jharkhand,East,2025-02-02
8532,Eta Ram,Female,31,New,Patna,Bihar,East,2023-11-09
8533,Indrajit Sankaran,Female,53,Regular,Coimbatore,Tamil Nadu,South,2026-01-21
8534,Damini Singhal,Male,50,Regular,Jaipur,Rajasthan,North,2022-03-07
8535,Rohan Ramaswamy,Female,45,Regular,Jaipur,Rajasthan,North,2023-08-22
8536,Laksh Sankar,Male,46,New,Kolkata,West Bengal,East,2025-07-18
8537,Jackson Sundaram,Female,23,New,Ranchi,Jharkhand,East,2024-02-29
8538,Rayaan Saraf,Female,33,Premium,Kochi,Kerala,South,2026-05-15
8539,Gautam Agrawal,Male,56,Regular,Patna,Bihar,East,2023-12-11
8540,Faraj Bhardwaj,Female,57,Premium,Indore,Madhya Pradesh,West,2022-03-11
8541,Joshua Andra,Male,43,Regular,Coimbatore,Tamil Nadu,South,2024-12-07
8542,Nathan Chaudhuri,Male,27,Regular,Hyderabad,Telangana,South,2022-06-23
8543,Jasmit Borra,Female,35,Regular,Bengaluru,Karnataka,South,2026-02-10
8544,Indira Raja,Male,34,Regular,Indore,Madhya Pradesh,West,2024-05-25
8545,Anika Sahni,Male,40,Regular,Hyderabad,Telangana,South,2022-05-24
8546,Balendra Chandra,Female,56,Regular,Guwahati,Assam,East,2024-12-24
8547,Nikita Kalla,Male,29,Regular,Bhubaneswar,Odisha,East,2023-06-28
8548,Simon Pandit,Female,20,Regular,Jaipur,Rajasthan,North,2024-09-11
8549,Bhavna Gulati,Female,22,Regular,Coimbatore,Tamil Nadu,South,2021-09-19
8550,Kabir Naidu,Male,31,New,Amritsar,Punjab,North,2025-03-12
8551,Aradhana Atwal,Female,57,Premium,Patna,Bihar,East,2022-09-27
8552,Dipta Munshi,Female,18,New,Ranchi,Jharkhand,East,2022-09-17
8553,Dominic Mahal,Male,31,Regular,Guwahati,Assam,East,2026-04-05
8554,Lohit Mandal,Female,46,Regular,Surat,Gujarat,West,2026-01-03
8555,Hiral Bawa,Female,65,Regular,Ranchi,Jharkhand,East,2024-03-07
8556,Akshay Kala,Female,23,Regular,Delhi,Delhi,North,2023-12-23
8557,Qarin Varma,Male,39,New,Chennai,Tamil Nadu,South,2025-03-23
8558,Aryan Dey,Female,62,Regular,Chandigarh,Chandigarh,North,2021-10-21
8559,Chasmum Jain,Female,63,Regular,Patna,Bihar,East,2022-11-11
8560,Upadhriti Sule,Male,20,Regular,Amritsar,Punjab,North,2021-12-19
8561,Warinder Narasimhan,Female,51,New,Kolkata,West Bengal,East,2022-01-06
8562,Kai Suresh,Male,41,Premium,Chennai,Tamil Nadu,South,2025-01-18
8563,Vrishti Sarin,Female,63,Regular,Coimbatore,Tamil Nadu,South,2023-11-29
8564,Ridhi Rao,Male,32,Premium,Mumbai,Maharashtra,West,2023-04-23
8565,Sachi Parikh,Male,19,Regular,Patna,Bihar,East,2021-11-10
8566,Geetika Nagi,Female,48,Regular,Coimbatore,Tamil Nadu,South,2023-12-01
8567,Bhavya Sidhu,Male,24,Premium,Coimbatore,Tamil Nadu,South,2023-02-01
8568,Lopa Ray,Male,36,Premium,Delhi,Delhi,North,2026-03-24
8569,Yatin Kalla,Male,52,Regular,Ranchi,Jharkhand,East,2023-09-04
8570,Amaira Gola,Male,42,New,Jaipur,Rajasthan,North,2025-07-13
8571,Liam Biswas,Female,56,Regular,Amritsar,Punjab,North,2023-11-07
8572,Sarthak Kumar,Female,58,Regular,Chandigarh,Chandigarh,North,2023-04-07
8573,Zaid Bedi,Female,39,New,Kolkata,West Bengal,East,2025-09-09
8574,Ganga Thaman,Male,60,New,Amritsar,Punjab,North,2023-09-20
8575,Sanya Solanki,Female,52,Premium,Coimbatore,Tamil Nadu,South,2022-06-10
8576,Karan Bassi,Female,60,New,Mumbai,Maharashtra,West,2022-06-25
8577,Imaran Divan,Female,18,Regular,Mumbai,Maharashtra,West,2022-08-22
8578,Xavier Patil,Male,56,New,Jaipur,Rajasthan,North,2026-06-21
8579,Bhavna Golla,Female,19,New,Chennai,Tamil Nadu,South,2023-02-10
8580,Oviya Grover,Female,23,New,Mumbai,Maharashtra,West,2021-12-15
8581,Mahika Nanda,Male,31,New,Coimbatore,Tamil Nadu,South,2026-06-14
8582,Aarush Majumdar,Male,35,Regular,Bengaluru,Karnataka,South,2024-07-11
8583,Meera Krishnamurthy,Male,20,Premium,Bhubaneswar,Odisha,East,2025-09-16
8584,Amara Mannan,Male,31,New,Kolkata,West Bengal,East,2025-12-02
8585,Omya Chander,Female,49,Regular,Mumbai,Maharashtra,West,2022-10-16
8586,Abhimanyu Bhalla,Female,42,Regular,Guwahati,Assam,East,2022-10-20
8587,Noah Sathe,Female,52,Premium,Kochi,Kerala,South,2023-11-08
8588,Eiravati Dugar,Female,24,Regular,Lucknow,Uttar Pradesh,North,2023-07-12
8589,Yashica Sehgal,Female,65,Regular,Chandigarh,Chandigarh,North,2023-11-05
8590,Vasatika Cherian,Male,21,Regular,Bengaluru,Karnataka,South,2026-02-23
8591,Raghav Zachariah,Female,22,Regular,Indore,Madhya Pradesh,West,2021-10-26
8592,Balveer Atwal,Female,61,New,Ahmedabad,Gujarat,West,2025-04-16
8593,Darpan Sampath,Male,25,Regular,Chandigarh,Chandigarh,North,2021-10-02
8594,Hema Varkey,Male,52,Premium,Mumbai,Maharashtra,West,2022-08-05
8595,Vamakshi Sehgal,Male,60,Regular,Delhi,Delhi,North,2025-03-11
8596,Neha Pingle,Male,30,Regular,Coimbatore,Tamil Nadu,South,2025-12-17
8597,Varenya Gandhi,Female,40,Regular,Chandigarh,Chandigarh,North,2024-04-17
8598,Turvi Bala,Male,21,New,Indore,Madhya Pradesh,West,2024-04-19
8599,Oviya Kalita,Male,25,Regular,Pune,Maharashtra,West,2022-09-28
8600,Kritika Pandya,Female,53,Regular,Patna,Bihar,East,2022-08-21
8601,Bhavani Bhattacharyya,Female,58,Regular,Delhi,Delhi,North,2024-10-11
8602,Sai Natarajan,Female,53,Regular,Amritsar,Punjab,North,2023-03-17
8603,Warda Jani,Female,19,Premium,Jaipur,Rajasthan,North,2022-02-21
8604,Yutika Peri,Male,22,New,Bhubaneswar,Odisha,East,2023-02-07
8605,Meghana Raju,Male,45,Regular,Bengaluru,Karnataka,South,2022-01-28
8606,Nilima Narang,Male,43,Regular,Amritsar,Punjab,North,2023-05-01
8607,Benjamin Karnik,Male,34,Regular,Kolkata,West Bengal,East,2025-06-25
8608,Divya Dube,Male,52,New,Ranchi,Jharkhand,East,2025-01-23
8609,Anita Varty,Female,24,Regular,Amritsar,Punjab,North,2022-06-13
8610,Gaurang Anand,Male,35,Premium,Kolkata,West Bengal,East,2022-10-26
8611,Joshua Nanda,Female,34,Regular,Indore,Madhya Pradesh,West,2024-05-10
8612,Hamsini Pandit,Female,19,Premium,Guwahati,Assam,East,2021-12-31
8613,Rudra Setty,Female,50,Premium,Mumbai,Maharashtra,West,2023-12-08
8614,Vedhika Ranganathan,Male,62,New,Lucknow,Uttar Pradesh,North,2024-09-28
8615,Ekaraj Mane,Female,43,New,Ahmedabad,Gujarat,West,2023-08-08
8616,Damyanti Kala,Male,61,Premium,Indore,Madhya Pradesh,West,2022-04-03
8617,Chakradhar Brahmbhatt,Male,49,Premium,Guwahati,Assam,East,2021-10-27
8618,Mohammed Gola,Female,23,New,Bhubaneswar,Odisha,East,2022-08-22
8619,Jairaj Babu,Male,36,New,Bhubaneswar,Odisha,East,2024-06-27
8620,Janaki Dixit,Female,45,New,Ranchi,Jharkhand,East,2024-08-20
8621,Michael Ganesan,Male,61,Premium,Hyderabad,Telangana,South,2023-02-03
8622,Bachittar Chahal,Female,42,New,Ranchi,Jharkhand,East,2024-07-28
8623,Meera Deol,Female,30,Regular,Amritsar,Punjab,North,2025-02-12
8624,Triveni Sankaran,Female,36,Regular,Delhi,Delhi,North,2024-04-27
8625,Rudra Bhagat,Female,25,New,Pune,Maharashtra,West,2024-12-02
8626,Simon Menon,Female,51,Regular,Ahmedabad,Gujarat,West,2026-02-21
8627,Tanvi Bajwa,Male,26,New,Guwahati,Assam,East,2025-04-18
8628,Yashasvi Dugal,Female,42,Premium,Pune,Maharashtra,West,2021-10-14
8629,Raagini Ramanathan,Female,42,New,Delhi,Delhi,North,2023-02-02
8630,Tristan Sankar,Female,45,Regular,Coimbatore,Tamil Nadu,South,2023-06-04
8631,Dayamai Kade,Female,56,Regular,Chandigarh,Chandigarh,North,2026-03-08
8632,Ishani Babu,Female,53,New,Hyderabad,Telangana,South,2024-02-16
8633,Pratyush Natt,Male,25,New,Surat,Gujarat,West,2024-03-08
8634,Noah Sood,Female,28,Regular,Ahmedabad,Gujarat,West,2025-06-22
8635,Lajita Dhingra,Female,20,New,Surat,Gujarat,West,2025-07-02
8636,Falak Sem,Female,49,Regular,Bengaluru,Karnataka,South,2022-08-03
8637,Vinaya Konda,Male,63,Regular,Chennai,Tamil Nadu,South,2025-03-17
8638,Nitara Zachariah,Male,35,Regular,Hyderabad,Telangana,South,2024-09-11
8639,Urvashi Bhakta,Female,27,Regular,Chennai,Tamil Nadu,South,2025-08-21
8640,Unni Goel,Male,18,Regular,Ranchi,Jharkhand,East,2025-03-05
8641,Zehaan Krishnamurthy,Female,56,Regular,Guwahati,Assam,East,2022-07-01
8642,Omaja Rao,Female,29,Regular,Mumbai,Maharashtra,West,2025-11-30
8643,Harish Misra,Male,39,New,Jaipur,Rajasthan,North,2022-01-23
8644,Gagan Bava,Female,64,New,Bengaluru,Karnataka,South,2024-07-14
8645,Om Thakkar,Male,23,Regular,Hyderabad,Telangana,South,2026-06-10
8646,Zinal Vig,Female,41,Regular,Bengaluru,Karnataka,South,2025-08-09
8647,Anita Krishna,Female,57,Regular,Mumbai,Maharashtra,West,2026-04-26
8648,Anirudh Korpal,Male,33,New,Hyderabad,Telangana,South,2024-07-22
8649,Fiyaz Venkatesh,Male,18,Regular,Chennai,Tamil Nadu,South,2024-12-08
8650,Omisha Chadha,Female,34,New,Chandigarh,Chandigarh,North,2026-04-28
8651,Anjali Batta,Female,62,New,Bengaluru,Karnataka,South,2022-09-07
8652,Wahab Chaudhuri,Male,52,Regular,Jaipur,Rajasthan,North,2025-10-15
8653,Jairaj Rana,Male,34,New,Indore,Madhya Pradesh,West,2024-04-04
8654,Amrita Singh,Female,55,Regular,Kochi,Kerala,South,2024-06-07
8655,Krishna Jani,Male,27,Regular,Hyderabad,Telangana,South,2023-08-22
8656,Yug Agate,Female,51,Regular,Delhi,Delhi,North,2024-01-03
8657,Nathaniel Bala,Male,31,Regular,Chennai,Tamil Nadu,South,2021-12-28
8658,Gopal Thaker,Male,50,New,Indore,Madhya Pradesh,West,2021-12-02
8659,Azaan Ahuja,Male,61,New,Delhi,Delhi,North,2025-05-11
8660,Hardik Patla,Female,28,Premium,Pune,Maharashtra,West,2024-09-02
8661,Robert Kibe,Female,51,Regular,Ahmedabad,Gujarat,West,2022-04-18
8662,Teerth Bhavsar,Female,41,Regular,Pune,Maharashtra,West,2025-08-09
8663,Peter Buch,Female,40,New,Surat,Gujarat,West,2022-12-28
8664,Qadim Konda,Male,62,Regular,Kochi,Kerala,South,2022-05-17
8665,Veda Grover,Male,30,Regular,Guwahati,Assam,East,2022-02-23
8666,Qadim Pall,Female,37,Regular,Pune,Maharashtra,West,2021-09-16
8667,Guneet Shan,Male,58,Regular,Bhubaneswar,Odisha,East,2024-07-23
8668,Mohini Atwal,Female,25,New,Bhubaneswar,Odisha,East,2023-12-19
8669,Henry Buch,Male,53,New,Lucknow,Uttar Pradesh,North,2021-07-29
8670,Hema Kala,Male,33,Regular,Jaipur,Rajasthan,North,2026-04-17
8671,Chaitaly More,Female,32,Premium,Patna,Bihar,East,2025-08-22
8672,Tejas Uppal,Female,28,New,Coimbatore,Tamil Nadu,South,2024-03-08
8673,Ishaan Pradhan,Female,43,Regular,Jaipur,Rajasthan,North,2026-01-31
8674,Bhavani Tailor,Female,42,New,Surat,Gujarat,West,2026-02-07
8675,Ishaan Shroff,Male,52,New,Amritsar,Punjab,North,2023-01-22
8676,Sneha Apte,Female,63,New,Ahmedabad,Gujarat,West,2026-06-02
8677,Quincy Bali,Male,21,New,Mumbai,Maharashtra,West,2022-03-15
8678,Chakradhar Khanna,Male,22,Regular,Ahmedabad,Gujarat,West,2025-10-03
8679,Saksham Mandal,Female,56,Regular,Kochi,Kerala,South,2024-10-26
8680,Praneel Jayaraman,Female,63,New,Bengaluru,Karnataka,South,2024-09-02
8681,Advik Bakshi,Male,24,New,Kochi,Kerala,South,2022-05-17
8682,Pranav Lanka,Female,63,Regular,Lucknow,Uttar Pradesh,North,2023-05-30
8683,Liam Palla,Female,32,New,Jaipur,Rajasthan,North,2025-01-10
8684,Leena Dyal,Male,42,Regular,Delhi,Delhi,North,2022-06-21
8685,Nihal Chakrabarti,Female,40,New,Jaipur,Rajasthan,North,2023-05-05
8686,Rajeshri Sibal,Female,37,Regular,Coimbatore,Tamil Nadu,South,2022-08-21
8687,Noah Wadhwa,Female,35,New,Ranchi,Jharkhand,East,2024-05-10
8688,Oliver Raju,Male,56,New,Chennai,Tamil Nadu,South,2026-04-23
8689,Harrison Chacko,Male,61,New,Mumbai,Maharashtra,West,2024-01-03
8690,Isaiah Sant,Male,33,New,Bhubaneswar,Odisha,East,2023-07-17
8691,Nisha Deshmukh,Female,28,Regular,Guwahati,Assam,East,2026-06-22
8692,Praneel Nagarajan,Female,19,Regular,Indore,Madhya Pradesh,West,2026-04-21
8693,Yashica Ranganathan,Male,65,New,Delhi,Delhi,North,2022-01-06
8694,Rachana Savant,Male,36,New,Hyderabad,Telangana,South,2025-11-29
8695,Onkar Garg,Female,41,Regular,Guwahati,Assam,East,2022-09-15
8696,Fiyaz Subramanian,Female,58,Regular,Guwahati,Assam,East,2021-09-27
8697,Sathvik Bajaj,Male,48,Premium,Amritsar,Punjab,North,2024-12-18
8698,Jalsa Hora,Male,25,Regular,Mumbai,Maharashtra,West,2022-12-13
8699,Falan Bhat,Male,49,Regular,Guwahati,Assam,East,2021-12-03
8700,Sara Naidu,Female,45,Regular,Bhubaneswar,Odisha,East,2024-11-10
8701,Aashi Thaker,Male,49,Premium,Coimbatore,Tamil Nadu,South,2025-07-07
8702,Nitara Suri,Male,31,Regular,Guwahati,Assam,East,2023-02-19
8703,Watika Thaman,Male,28,New,Bengaluru,Karnataka,South,2023-10-08
8704,Vyanjana Bawa,Female,34,New,Chennai,Tamil Nadu,South,2022-10-15
8705,Arjun Sengupta,Male,36,New,Lucknow,Uttar Pradesh,North,2025-03-16
8706,Banjeet Nori,Male,37,Regular,Pune,Maharashtra,West,2023-07-02
8707,Ekanta Narang,Female,37,Regular,Kochi,Kerala,South,2026-03-16
8708,Frado Tank,Female,34,Regular,Surat,Gujarat,West,2025-02-15
8709,Oliver Sha,Male,32,New,Lucknow,Uttar Pradesh,North,2026-01-19
8710,Xavier Devan,Female,40,Regular,Surat,Gujarat,West,2024-09-28
8711,Jacob Keer,Male,61,Regular,Mumbai,Maharashtra,West,2024-04-12
8712,Hritik Chana,Male,28,New,Surat,Gujarat,West,2022-03-10
8713,Reyansh Kumer,Male,61,Regular,Bengaluru,Karnataka,South,2025-04-17
8714,Leela Walla,Male,50,Regular,Bengaluru,Karnataka,South,2021-09-03
8715,Januja Balan,Male,48,Premium,Indore,Madhya Pradesh,West,2021-09-09
8716,Nandini Murty,Male,45,Regular,Ranchi,Jharkhand,East,2022-06-06
8717,Anjali Soman,Male,30,Regular,Bhubaneswar,Odisha,East,2021-11-09
8718,Triveni Bawa,Female,59,Regular,Jaipur,Rajasthan,North,2025-07-19
8719,Indira Sarraf,Male,60,Premium,Indore,Madhya Pradesh,West,2024-11-16
8720,Robert Chakraborty,Female,60,Regular,Lucknow,Uttar Pradesh,North,2024-05-15
8721,Daksh Sem,Female,52,New,Mumbai,Maharashtra,West,2022-05-09
8722,Darika Mishra,Male,29,Regular,Bhubaneswar,Odisha,East,2025-03-24
8723,Yatin Verma,Female,31,New,Hyderabad,Telangana,South,2024-04-02
8724,Jeet Chaudhry,Female,55,Regular,Guwahati,Assam,East,2022-02-20
8725,Gautami Ray,Female,45,Premium,Delhi,Delhi,North,2026-07-10
8726,Ucchal Sarna,Male,34,Regular,Kolkata,West Bengal,East,2024-01-14
8727,Hamsini Dayal,Male,42,Regular,Bengaluru,Karnataka,South,2023-08-14
8728,Ayush Char,Male,48,New,Kochi,Kerala,South,2022-11-16
8729,Girindra Sengupta,Male,42,Regular,Jaipur,Rajasthan,North,2023-12-16
8730,Falan Subramanian,Male,23,New,Guwahati,Assam,East,2023-08-25
8731,Banjeet Dayal,Female,41,New,Ahmedabad,Gujarat,West,2025-11-20
8732,Aayush Krishnamurthy,Female,28,Regular,Guwahati,Assam,East,2025-12-16
8733,Victor Mody,Male,49,New,Amritsar,Punjab,North,2025-01-21
8734,Ria Sharma,Male,44,Regular,Bengaluru,Karnataka,South,2023-10-19
8735,Ranveer Dixit,Female,54,Regular,Kochi,Kerala,South,2024-10-27
8736,Qabil Wali,Female,43,Premium,Pune,Maharashtra,West,2021-10-31
8737,Warinder Patel,Female,48,Regular,Surat,Gujarat,West,2022-11-16
8738,Owen Shanker,Male,41,New,Ahmedabad,Gujarat,West,2025-01-29
8739,Tanveer Nori,Male,37,New,Mumbai,Maharashtra,West,2026-04-29
8740,Nihal Kumer,Female,56,Regular,Lucknow,Uttar Pradesh,North,2025-01-14
8741,Yahvi Rattan,Female,32,Regular,Amritsar,Punjab,North,2021-09-07
8742,Darika Rajagopalan,Female,29,Regular,Amritsar,Punjab,North,2024-11-12
8743,Amaira Deshmukh,Male,30,Regular,Surat,Gujarat,West,2022-12-19
8744,Viraj Nagar,Male,61,New,Coimbatore,Tamil Nadu,South,2024-12-03
8745,Idika Deep,Male,41,Regular,Surat,Gujarat,West,2025-02-24
8746,Omaja Setty,Male,22,Regular,Delhi,Delhi,North,2025-02-01
8747,Urvashi Kothari,Male,39,New,Chandigarh,Chandigarh,North,2023-07-25
8748,Wahab Muni,Male,37,New,Guwahati,Assam,East,2023-03-16
8749,Nakul Bhalla,Male,44,New,Bhubaneswar,Odisha,East,2026-01-05
8750,Panini Hayer,Male,22,New,Ranchi,Jharkhand,East,2025-10-18
8751,Jackson Lala,Male,23,Regular,Guwahati,Assam,East,2022-10-07
8752,George Prasad,Female,24,New,Amritsar,Punjab,North,2024-12-28
8753,Aadhya Oza,Female,63,New,Ahmedabad,Gujarat,West,2023-07-12
8754,Siddharth Rattan,Male,39,New,Jaipur,Rajasthan,North,2022-06-03
8755,Qabil Kalla,Male,42,Premium,Pune,Maharashtra,West,2022-05-24
8756,Azad Mander,Female,47,Premium,Indore,Madhya Pradesh,West,2022-07-06
8757,Janani Dalal,Female,29,New,Kochi,Kerala,South,2022-12-01
8758,Samar Madan,Female,25,New,Amritsar,Punjab,North,2025-03-28
8759,Frado Brahmbhatt,Male,47,New,Chandigarh,Chandigarh,North,2025-11-22
8760,Alka Lanka,Female,32,Regular,Kochi,Kerala,South,2022-01-23
8761,Vanya Mani,Female,50,New,Bengaluru,Karnataka,South,2023-01-01
8762,Chandani Gola,Female,28,Regular,Indore,Madhya Pradesh,West,2022-05-15
8763,Kritika Khanna,Female,24,Regular,Patna,Bihar,East,2025-10-26
8764,Falan Edwin,Female,57,Premium,Patna,Bihar,East,2024-01-24
8765,Nikita Mahajan,Female,47,New,Chennai,Tamil Nadu,South,2024-08-28
8766,Zayan Ram,Male,61,Regular,Delhi,Delhi,North,2025-04-19
8767,Oscar Kulkarni,Male,47,Regular,Patna,Bihar,East,2022-12-23
8768,Ekantika Kala,Male,64,New,Pune,Maharashtra,West,2023-09-28
8769,Kavya Dani,Female,50,Regular,Mumbai,Maharashtra,West,2024-10-17
8770,Darsh Shetty,Female,22,New,Ranchi,Jharkhand,East,2023-05-03
8771,Advika Pillay,Female,61,New,Amritsar,Punjab,North,2023-02-12
8772,Thomas Mall,Female,50,New,Pune,Maharashtra,West,2026-06-12
8773,Wahab Bava,Female,31,Regular,Surat,Gujarat,West,2023-12-09
8774,Onveer Lad,Female,35,Regular,Kochi,Kerala,South,2023-03-27
8775,Faraj Bal,Male,42,Premium,Mumbai,Maharashtra,West,2023-02-27
8776,Logan Krishnamurthy,Female,43,New,Chennai,Tamil Nadu,South,2025-02-27
8777,William Sridhar,Female,56,Premium,Surat,Gujarat,West,2023-07-24
8778,Om Morar,Female,51,New,Ahmedabad,Gujarat,West,2024-03-18
8779,Ekavir Luthra,Female,57,Regular,Surat,Gujarat,West,2022-07-25
8780,Pavani Salvi,Female,46,New,Guwahati,Assam,East,2024-09-11
8781,Ishaan Bala,Female,58,New,Jaipur,Rajasthan,North,2025-03-21
8782,Xavier Sehgal,Female,34,Premium,Hyderabad,Telangana,South,2023-06-04
8783,Manan Bhatt,Male,34,New,Kolkata,West Bengal,East,2026-02-07
8784,Balhaar Raju,Male,46,Regular,Jaipur,Rajasthan,North,2024-02-17
8785,Faras Lata,Male,53,Regular,Pune,Maharashtra,West,2023-03-24
8786,Aditya Chaudry,Female,38,Regular,Guwahati,Assam,East,2023-09-22
8787,Eiravati Agate,Female,39,Regular,Coimbatore,Tamil Nadu,South,2022-01-27
8788,Finn Sagar,Female,40,Regular,Chandigarh,Chandigarh,North,2022-03-25
8789,Charles Grover,Male,48,New,Guwahati,Assam,East,2021-10-03
8790,Noah Sagar,Male,52,Regular,Jaipur,Rajasthan,North,2026-02-02
8791,Kiaan Chowdhury,Female,43,Premium,Chennai,Tamil Nadu,South,2025-06-25
8792,Mahika Buch,Male,33,New,Chennai,Tamil Nadu,South,2026-03-01
8793,Lohit Prabhu,Female,37,New,Indore,Madhya Pradesh,West,2022-11-09
8794,Megha Rai,Male,48,Regular,Jaipur,Rajasthan,North,2021-09-20
8795,Yashasvi Lal,Male,21,Regular,Kochi,Kerala,South,2024-08-16
8796,Ekansh Mangal,Female,18,Regular,Kolkata,West Bengal,East,2022-05-10
8797,Laban Kurian,Male,63,New,Pune,Maharashtra,West,2021-12-16
8798,Udant Suresh,Female,24,Regular,Kolkata,West Bengal,East,2023-07-01
8799,Ekansh Pandya,Female,41,New,Chandigarh,Chandigarh,North,2022-05-20
8800,Zilmil Nagy,Female,58,Regular,Coimbatore,Tamil Nadu,South,2024-06-06
8801,Tanmayi Naik,Male,36,Regular,Pune,Maharashtra,West,2025-03-27
8802,Tanay Suri,Female,59,New,Surat,Gujarat,West,2024-11-01
8803,Victor Balakrishnan,Female,45,Regular,Ahmedabad,Gujarat,West,2025-01-18
8804,Vanya Singh,Male,26,Premium,Chandigarh,Chandigarh,North,2023-03-28
8805,Madhavi Sawhney,Female,34,Regular,Pune,Maharashtra,West,2024-11-01
8806,Devika Chaudhry,Male,21,Regular,Jaipur,Rajasthan,North,2023-09-16
8807,Anjali Wason,Male,23,Regular,Kolkata,West Bengal,East,2021-09-26
8808,Avni Karpe,Female,45,Regular,Chandigarh,Chandigarh,North,2022-01-19
8809,Harita Saraf,Male,61,New,Lucknow,Uttar Pradesh,North,2024-05-21
8810,Ishani Rout,Female,37,New,Kolkata,West Bengal,East,2025-03-31
8811,Pavani Aurora,Female,48,New,Guwahati,Assam,East,2024-08-18
8812,Siddharth Parikh,Male,33,Regular,Pune,Maharashtra,West,2025-10-23
8813,Maya Badal,Male,34,Regular,Lucknow,Uttar Pradesh,North,2023-01-27
8814,Finn Garg,Female,46,New,Bhubaneswar,Odisha,East,2026-01-26
8815,Xiti Mannan,Female,51,Regular,Patna,Bihar,East,2021-12-21
8816,Laksh Raghavan,Male,40,Regular,Hyderabad,Telangana,South,2022-03-08
8817,Hemang Vyas,Male,29,Regular,Kochi,Kerala,South,2023-02-02
8818,Arunima Pai,Female,51,Regular,Mumbai,Maharashtra,West,2021-08-26
8819,Yachana Palla,Female,48,Regular,Ahmedabad,Gujarat,West,2024-06-13
8820,Ekanta Ravi,Male,58,New,Lucknow,Uttar Pradesh,North,2026-06-14
8821,Nakul Malhotra,Male,33,New,Chandigarh,Chandigarh,North,2023-05-28
8822,Sudiksha Narayanan,Male,54,Premium,Mumbai,Maharashtra,West,2024-09-27
8823,Omisha Patil,Male,49,New,Chandigarh,Chandigarh,North,2021-09-22
8824,Tara Kapoor,Female,56,New,Ahmedabad,Gujarat,West,2025-05-28
8825,Ira Dubey,Male,33,Premium,Kolkata,West Bengal,East,2023-12-19
8826,Onkar Narayanan,Female,18,New,Surat,Gujarat,West,2023-03-10
8827,Oni Shankar,Male,49,Regular,Guwahati,Assam,East,2026-03-25
8828,Fitan Swamy,Female,59,New,Delhi,Delhi,North,2025-07-03
8829,Nakul Srinivasan,Male,45,Regular,Kolkata,West Bengal,East,2025-07-25
8830,Anusha Sangha,Female,20,New,Kolkata,West Bengal,East,2024-06-25
8831,Shaurya Ranganathan,Male,52,New,Indore,Madhya Pradesh,West,2023-03-05
8832,Lucky Bhasin,Female,50,Regular,Ranchi,Jharkhand,East,2024-01-07
8833,Amruta Barad,Male,34,Regular,Bengaluru,Karnataka,South,2025-08-21
8834,Adweta Chakraborty,Male,45,Regular,Ranchi,Jharkhand,East,2023-09-22
8835,Kabir Mandal,Male,36,Premium,Patna,Bihar,East,2023-04-01
8836,Upma Nagarajan,Male,48,New,Guwahati,Assam,East,2022-04-03
8837,Ekapad Jaggi,Male,57,Regular,Coimbatore,Tamil Nadu,South,2022-08-23
8838,Keya Kota,Male,46,Regular,Chandigarh,Chandigarh,North,2024-11-30
8839,Omisha Bobal,Female,33,Premium,Kochi,Kerala,South,2023-03-16
8840,Oliver Bains,Female,65,New,Lucknow,Uttar Pradesh,North,2023-02-05
8841,Lohit Bains,Female,34,Regular,Guwahati,Assam,East,2022-11-22
8842,Samarth Lall,Female,65,Premium,Kolkata,West Bengal,East,2023-07-11
8843,Ekapad Vyas,Male,29,New,Bengaluru,Karnataka,South,2025-12-18
8844,Ranbir Sen,Female,45,Premium,Lucknow,Uttar Pradesh,North,2024-07-13
8845,Lavanya Palla,Male,45,New,Jaipur,Rajasthan,North,2022-04-03
8846,Tejas Tripathi,Female,28,Regular,Delhi,Delhi,North,2026-07-09
8847,Dominic Srivastava,Male,56,Premium,Bengaluru,Karnataka,South,2021-09-28
8848,Chanakya Korpal,Male,32,Regular,Surat,Gujarat,West,2021-12-17
8849,Darsh Thaman,Male,33,Regular,Amritsar,Punjab,North,2022-07-19
8850,Baghyawati Chadha,Female,34,New,Ranchi,Jharkhand,East,2025-08-12
8851,Zaid Saini,Male,46,Premium,Chandigarh,Chandigarh,North,2024-03-07
8852,Chatura Golla,Female,21,Regular,Jaipur,Rajasthan,North,2024-10-19
8853,Gagan Kapadia,Male,28,New,Kochi,Kerala,South,2024-12-02
8854,Nathan Bhavsar,Male,58,Regular,Delhi,Delhi,North,2023-11-22
8855,Ojasvi Sunder,Male,53,Regular,Bhubaneswar,Odisha,East,2021-09-10
8856,Wishi Shankar,Male,36,New,Kolkata,West Bengal,East,2025-02-28
8857,Wriddhish Saha,Male,60,New,Chennai,Tamil Nadu,South,2025-06-14
8858,Krishna Mukhopadhyay,Female,51,New,Bengaluru,Karnataka,South,2023-03-31
8859,Ganga Bhardwaj,Female,51,Regular,Bengaluru,Karnataka,South,2023-04-28
8860,Ganga Krishna,Male,21,Regular,Delhi,Delhi,North,2022-07-30
8861,Hritik Bedi,Female,63,Regular,Patna,Bihar,East,2022-07-19
8862,Divya Prabhu,Female,46,Regular,Pune,Maharashtra,West,2022-03-27
8863,Krishna Handa,Female,31,Premium,Indore,Madhya Pradesh,West,2022-07-25
8864,Fitan Jha,Female,58,Regular,Hyderabad,Telangana,South,2024-12-28
8865,Deepa Venkatesh,Male,41,New,Bhubaneswar,Odisha,East,2023-05-13
8866,Ucchal Bajaj,Male,49,Regular,Amritsar,Punjab,North,2023-02-10
8867,Anay Sankaran,Male,45,Regular,Chennai,Tamil Nadu,South,2022-04-02
8868,Akshay Rajan,Female,24,Regular,Bhubaneswar,Odisha,East,2022-03-25
8869,Ekaja Dasgupta,Female,41,Regular,Bhubaneswar,Odisha,East,2023-09-26
8870,Damini Tripathi,Male,39,Regular,Surat,Gujarat,West,2025-04-08
8871,Hredhaan Salvi,Male,33,Premium,Guwahati,Assam,East,2023-12-04
8872,Aadhya Deshpande,Male,54,New,Amritsar,Punjab,North,2026-05-02
8873,Zaid Bhagat,Female,37,Regular,Indore,Madhya Pradesh,West,2023-10-20
8874,Chatresh Sarkar,Female,42,New,Guwahati,Assam,East,2022-05-29
8875,Om Pai,Male,63,Premium,Jaipur,Rajasthan,North,2024-05-15
8876,Nakul Karnik,Female,55,New,Guwahati,Assam,East,2022-05-17
8877,Yashica Jhaveri,Male,50,New,Jaipur,Rajasthan,North,2025-03-28
8878,Naveen Prasad,Female,44,New,Hyderabad,Telangana,South,2023-10-22
8879,Frado Mital,Male,39,Regular,Kolkata,West Bengal,East,2024-04-07
8880,Fitan Rajagopalan,Female,56,New,Lucknow,Uttar Pradesh,North,2025-09-08
8881,Ekalinga Majumdar,Female,56,Regular,Patna,Bihar,East,2024-12-05
8882,Chaaya Misra,Female,50,Regular,Hyderabad,Telangana,South,2023-02-07
8883,Maanas Khanna,Male,60,New,Delhi,Delhi,North,2023-09-13
8884,Ayushman Kuruvilla,Female,39,New,Kochi,Kerala,South,2025-08-29
8885,Omkaar Mitter,Female,58,Regular,Ranchi,Jharkhand,East,2021-11-24
8886,Warhi Yohannan,Female,41,Regular,Surat,Gujarat,West,2025-11-26
8887,Wakeeta Andra,Female,63,Regular,Hyderabad,Telangana,South,2023-05-13
8888,Vinaya Pal,Male,50,Regular,Chandigarh,Chandigarh,North,2025-06-22
8889,Charvi Prashad,Female,65,New,Pune,Maharashtra,West,2025-05-11
8890,Vedant Sampath,Female,57,New,Kochi,Kerala,South,2023-10-17
8891,Chaitanya Dave,Female,21,New,Delhi,Delhi,North,2023-12-27
8892,Dakshesh Mukherjee,Female,56,Regular,Patna,Bihar,East,2026-01-28
8893,Veda Bali,Female,54,Premium,Guwahati,Assam,East,2024-11-12
8894,Wyatt Madan,Female,64,Regular,Surat,Gujarat,West,2025-09-05
8895,Brijesh Kothari,Female,26,New,Lucknow,Uttar Pradesh,North,2025-01-15
8896,Timothy Misra,Female,44,New,Coimbatore,Tamil Nadu,South,2022-01-24
8897,Joshua Chahal,Male,39,New,Mumbai,Maharashtra,West,2021-08-06
8898,Inaya Srivastava,Male,39,Regular,Guwahati,Assam,East,2023-06-19
8899,Vinaya Pai,Female,45,New,Chandigarh,Chandigarh,North,2023-02-26
8900,Yadavi Jaggi,Male,42,Premium,Ahmedabad,Gujarat,West,2022-12-24
8901,Vrishti Thakkar,Male,27,Regular,Kolkata,West Bengal,East,2025-11-19
8902,Isha Ben,Female,43,Premium,Pune,Maharashtra,West,2023-03-25
8903,Yashoda Boase,Male,36,Regular,Bhubaneswar,Odisha,East,2023-08-26
8904,Imaran Nair,Male,35,Regular,Kolkata,West Bengal,East,2023-04-10
8905,Omaja Buch,Male,21,Regular,Lucknow,Uttar Pradesh,North,2023-05-12
8906,Charvi Bassi,Female,39,Regular,Patna,Bihar,East,2025-11-01
8907,William Rama,Female,40,Regular,Hyderabad,Telangana,South,2024-05-13
8908,Harita Prabhakar,Female,29,Regular,Patna,Bihar,East,2022-10-16
8909,Jackson Bora,Male,31,Regular,Lucknow,Uttar Pradesh,North,2023-02-07
8910,Ojasvi Guha,Female,44,Premium,Ranchi,Jharkhand,East,2022-08-19
8911,Kamya Borde,Female,18,Regular,Amritsar,Punjab,North,2022-06-22
8912,Megha Raval,Male,19,Regular,Guwahati,Assam,East,2024-02-03
8913,Finn Dhillon,Female,30,Premium,Mumbai,Maharashtra,West,2021-11-15
8914,Shravya Muni,Male,41,New,Lucknow,Uttar Pradesh,North,2024-09-28
8915,Vedika Modi,Female,28,New,Ranchi,Jharkhand,East,2024-04-29
8916,Rudra Chada,Female,55,Regular,Amritsar,Punjab,North,2024-03-01
8917,Dalbir Palan,Female,53,Regular,Chennai,Tamil Nadu,South,2024-05-24
8918,Abha Jayaraman,Male,22,Regular,Mumbai,Maharashtra,West,2022-05-07
8919,Pranit Palan,Female,59,Regular,Mumbai,Maharashtra,West,2023-06-25
8920,Pahal Krishna,Male,41,Regular,Delhi,Delhi,North,2025-08-09
8921,Jai Desai,Male,56,Regular,Guwahati,Assam,East,2022-03-15
8922,Advaith Choudhry,Male,41,New,Delhi,Delhi,North,2023-12-13
8923,Hritik Chana,Male,28,Regular,Chennai,Tamil Nadu,South,2023-12-23
8924,Yagnesh Shukla,Male,20,Regular,Ahmedabad,Gujarat,West,2024-05-22
8925,Janani Pal,Male,54,New,Chennai,Tamil Nadu,South,2026-07-09
8926,Aayush Salvi,Female,55,Regular,Pune,Maharashtra,West,2022-09-01
8927,Reyansh Arora,Male,60,Regular,Chandigarh,Chandigarh,North,2025-06-23
8928,Omisha Singhal,Female,51,New,Coimbatore,Tamil Nadu,South,2023-08-08
8929,Vritti Sha,Male,51,New,Bengaluru,Karnataka,South,2022-07-26
8930,Ojas Verma,Female,51,Premium,Patna,Bihar,East,2023-05-28
8931,Aarav Misra,Female,45,Regular,Lucknow,Uttar Pradesh,North,2023-01-31
8932,Teerth Dutta,Female,26,New,Pune,Maharashtra,West,2025-12-08
8933,Tejas Datta,Male,37,New,Amritsar,Punjab,North,2023-11-18
8934,Sai Modi,Female,29,Regular,Chandigarh,Chandigarh,North,2023-01-29
8935,Samuel Nair,Female,48,Regular,Surat,Gujarat,West,2025-11-11
8936,Harita Sachdev,Female,37,Regular,Bhubaneswar,Odisha,East,2022-03-04
8937,Agastya Kibe,Female,47,New,Kolkata,West Bengal,East,2021-12-09
8938,Pushti Narayan,Female,56,Premium,Chennai,Tamil Nadu,South,2025-09-17
8939,Liam Bhavsar,Male,46,Regular,Surat,Gujarat,West,2024-01-24
8940,Devansh Chauhan,Male,61,New,Guwahati,Assam,East,2024-05-07
8941,Yadavi Brar,Female,35,Regular,Surat,Gujarat,West,2022-01-02
8942,Shaurya Raman,Female,51,Regular,Hyderabad,Telangana,South,2023-11-14
8943,Veer Ramanathan,Female,34,Premium,Mumbai,Maharashtra,West,2023-08-28
8944,Varsha Gill,Male,54,Premium,Indore,Madhya Pradesh,West,2024-10-16
8945,Nathan Sachdeva,Male,38,New,Bhubaneswar,Odisha,East,2024-01-27
8946,Yutika Mammen,Female,37,Premium,Ranchi,Jharkhand,East,2026-04-18
8947,Sai Swamy,Female,18,Regular,Chennai,Tamil Nadu,South,2023-03-21
8948,Arunima Balasubramanian,Male,53,Premium,Kochi,Kerala,South,2024-08-04
8949,Jalsa Kamdar,Female,42,New,Ahmedabad,Gujarat,West,2025-09-13
8950,Hritik Iyer,Male,25,Regular,Indore,Madhya Pradesh,West,2023-04-06
8951,Hemal Date,Male,33,New,Chennai,Tamil Nadu,South,2022-04-24
8952,Forum Sachdeva,Female,53,Regular,Hyderabad,Telangana,South,2025-10-06
8953,Hema Batta,Male,21,New,Pune,Maharashtra,West,2023-10-18
8954,Chatura Pingle,Male,32,Regular,Kochi,Kerala,South,2025-08-08
8955,David Shan,Female,21,New,Indore,Madhya Pradesh,West,2023-07-20
8956,Mitali Narayan,Male,50,New,Mumbai,Maharashtra,West,2025-06-26
8957,Ekbal Tella,Female,63,Regular,Surat,Gujarat,West,2022-04-18
8958,Yashica Thakkar,Male,21,Premium,Ranchi,Jharkhand,East,2023-04-25
8959,Ethan Narang,Female,55,Regular,Patna,Bihar,East,2026-01-13
8960,Riya Taneja,Female,60,Premium,Ahmedabad,Gujarat,West,2022-02-20
8961,Yatan Ratta,Female,50,New,Ahmedabad,Gujarat,West,2023-08-09
8962,Indira Sastry,Male,21,Regular,Indore,Madhya Pradesh,West,2025-03-02
8963,Laksh Trivedi,Male,65,Regular,Patna,Bihar,East,2023-08-10
8964,Krish Ram,Female,59,New,Kochi,Kerala,South,2026-01-18
8965,Amruta Bajwa,Female,56,Regular,Ahmedabad,Gujarat,West,2022-01-29
8966,Dalaja Lall,Female,32,Regular,Bhubaneswar,Odisha,East,2025-12-25
8967,Ranveer Kunda,Male,41,Regular,Kochi,Kerala,South,2024-06-09
8968,Tara Srinivasan,Female,45,Regular,Mumbai,Maharashtra,West,2025-03-28
8969,Megha Bose,Female,34,Regular,Bhubaneswar,Odisha,East,2025-09-15
8970,Rajeshri Oza,Male,36,New,Bengaluru,Karnataka,South,2025-02-22
8971,Bahadurjit Chana,Female,46,New,Bengaluru,Karnataka,South,2024-08-30
8972,Mugdha Sawhney,Male,41,Regular,Ranchi,Jharkhand,East,2025-01-09
8973,Sathvik Patla,Male,38,New,Bengaluru,Karnataka,South,2024-02-11
8974,Leela Aurora,Male,54,New,Amritsar,Punjab,North,2026-05-02
8975,Gagan Dube,Female,44,Regular,Kolkata,West Bengal,East,2026-02-26
8976,Ojasvi Rajagopal,Male,32,Regular,Kolkata,West Bengal,East,2024-09-21
8977,Victor Rout,Female,21,New,Guwahati,Assam,East,2022-01-24
8978,Benjamin Sarma,Male,29,Regular,Jaipur,Rajasthan,North,2021-09-15
8979,Ayush Kapoor,Female,45,Regular,Coimbatore,Tamil Nadu,South,2022-03-20
8980,Harish Bhavsar,Male,49,New,Pune,Maharashtra,West,2026-03-03
8981,Meghana Sood,Male,31,Regular,Jaipur,Rajasthan,North,2022-04-29
8982,Saanvi Gade,Male,18,Regular,Coimbatore,Tamil Nadu,South,2023-09-06
8983,Sachi Kapoor,Male,65,Regular,Mumbai,Maharashtra,West,2026-04-05
8984,Yahvi Kapur,Male,41,Regular,Mumbai,Maharashtra,West,2023-01-05
8985,Janaki Salvi,Male,51,New,Chennai,Tamil Nadu,South,2026-06-22
8986,Harrison Agate,Female,59,Regular,Patna,Bihar,East,2023-12-14
8987,Vritti Mangat,Female,41,Regular,Guwahati,Assam,East,2023-04-10
8988,Nikita Suresh,Male,48,Premium,Jaipur,Rajasthan,North,2025-09-24
8989,Abha Raman,Female,57,Regular,Chandigarh,Chandigarh,North,2023-12-05
8990,Yagnesh Borra,Male,36,Regular,Mumbai,Maharashtra,West,2025-08-18
8991,Harita Madan,Male,20,New,Hyderabad,Telangana,South,2023-07-02
8992,Wridesh Bedi,Female,48,New,Kolkata,West Bengal,East,2026-06-23
8993,Jeet Bhardwaj,Male,20,New,Kolkata,West Bengal,East,2025-04-24
8994,Simon Chandra,Male,56,Regular,Mumbai,Maharashtra,West,2025-10-14
8995,Pahal Saini,Male,43,New,Chennai,Tamil Nadu,South,2022-03-21
8996,Warhi Trivedi,Female,30,Regular,Ahmedabad,Gujarat,West,2022-03-05
8997,Falak Varty,Female,46,New,Mumbai,Maharashtra,West,2026-01-04
8998,Gautam Memon,Male,36,Premium,Chennai,Tamil Nadu,South,2021-10-17
8999,Unni Arya,Male,46,New,Bengaluru,Karnataka,South,2023-06-20
9000,Christopher Banerjee,Male,29,Premium,Bhubaneswar,Odisha,East,2021-09-27
9001,Aarini Ramanathan,Female,40,Premium,Surat,Gujarat,West,2023-10-16
9002,Dayamai Taneja,Male,32,Regular,Mumbai,Maharashtra,West,2023-09-28
9003,Vincent Bali,Male,44,Regular,Kochi,Kerala,South,2022-12-14
9004,Henry Kade,Male,44,Regular,Patna,Bihar,East,2024-04-23
9005,Kritika Tank,Female,38,Regular,Hyderabad,Telangana,South,2022-01-27
9006,Luke Chopra,Male,44,New,Patna,Bihar,East,2021-11-15
9007,Inaya Memon,Male,61,New,Pune,Maharashtra,West,2022-07-17
9008,Parth Parmer,Female,65,Regular,Kochi,Kerala,South,2022-03-01
9009,Gabriel Barman,Female,64,Regular,Chandigarh,Chandigarh,North,2024-09-08
9010,Charita Atwal,Male,18,Regular,Kolkata,West Bengal,East,2022-07-08
9011,Barkha Bhatnagar,Female,20,New,Ranchi,Jharkhand,East,2024-06-04
9012,Saumya Bansal,Male,38,Regular,Indore,Madhya Pradesh,West,2025-08-31
9013,Liam Koshy,Male,29,New,Mumbai,Maharashtra,West,2025-03-07
9014,Omya Sidhu,Male,42,New,Amritsar,Punjab,North,2024-04-29
9015,Balhaar Ram,Male,29,New,Indore,Madhya Pradesh,West,2023-06-26
9016,Ekavir Jaggi,Male,54,New,Hyderabad,Telangana,South,2025-09-10
9017,Anay Kala,Male,58,New,Chennai,Tamil Nadu,South,2025-06-11
9018,Tejas Walla,Female,64,Regular,Patna,Bihar,East,2024-05-10
9019,Robert Bail,Female,39,New,Kolkata,West Bengal,East,2023-11-04
9020,Nikita Khare,Female,55,Regular,Mumbai,Maharashtra,West,2024-03-05
9021,Sara Anand,Male,24,New,Bhubaneswar,Odisha,East,2022-05-05
9022,Xavier Uppal,Male,35,Premium,Bengaluru,Karnataka,South,2022-06-09
9023,Urmi Das,Female,44,Regular,Kochi,Kerala,South,2022-05-15
9024,Fariq Nanda,Male,54,New,Patna,Bihar,East,2023-04-12
9025,Henry Brahmbhatt,Male,37,Regular,Chandigarh,Chandigarh,North,2022-02-14
9026,Daksh Om,Female,63,Regular,Delhi,Delhi,North,2025-08-07
9027,Nidra Sethi,Male,38,Regular,Guwahati,Assam,East,2023-09-22
9028,Krishna Bandi,Male,30,New,Delhi,Delhi,North,2024-01-02
9029,Nachiket Wali,Female,64,Premium,Ranchi,Jharkhand,East,2025-11-28
9030,Ekaja Sarma,Female,30,Regular,Chennai,Tamil Nadu,South,2026-05-22
9031,Yahvi Grewal,Female,48,New,Bengaluru,Karnataka,South,2022-11-19
9032,Shaurya Sahni,Male,47,Regular,Patna,Bihar,East,2022-09-23
9033,Vrinda Wagle,Female,25,Regular,Delhi,Delhi,North,2021-08-07
9034,Amaira Sodhi,Male,46,Regular,Ahmedabad,Gujarat,West,2023-12-12
9035,Kritika Naik,Male,24,Regular,Mumbai,Maharashtra,West,2024-11-06
9036,Devansh Gulati,Female,46,Regular,Mumbai,Maharashtra,West,2023-03-31
9037,Oeshi Sood,Male,39,New,Delhi,Delhi,North,2026-02-26
9038,Girish More,Male,31,Regular,Coimbatore,Tamil Nadu,South,2026-04-12
9039,Ishani Goel,Female,59,Regular,Mumbai,Maharashtra,West,2023-02-12
9040,Chameli Vasa,Male,47,New,Ranchi,Jharkhand,East,2023-04-25
9041,Liam Saini,Female,41,New,Indore,Madhya Pradesh,West,2024-03-12
9042,Isaiah Verma,Male,49,New,Jaipur,Rajasthan,North,2024-10-23
9043,Harshil Choudhury,Male,19,Premium,Coimbatore,Tamil Nadu,South,2023-05-13
9044,Vamakshi Krish,Female,64,New,Delhi,Delhi,North,2023-02-09
9045,Falan Nagarajan,Male,42,Regular,Guwahati,Assam,East,2025-06-22
9046,Osha Talwar,Male,49,New,Chennai,Tamil Nadu,South,2023-11-02
9047,Darpan Sachdev,Female,59,Regular,Kochi,Kerala,South,2026-07-03
9048,Samaksh Thaman,Female,64,Regular,Mumbai,Maharashtra,West,2025-04-16
9049,Udant Lad,Female,40,Premium,Kolkata,West Bengal,East,2025-03-19
9050,Peter Sundaram,Male,65,Regular,Patna,Bihar,East,2023-09-15
9051,Charan Kothari,Male,41,Regular,Guwahati,Assam,East,2023-02-19
9052,Hemangini Puri,Female,42,Regular,Mumbai,Maharashtra,West,2026-02-23
9053,Samuel Zachariah,Female,43,New,Kolkata,West Bengal,East,2022-07-20
9054,Charita Parsa,Female,52,New,Bengaluru,Karnataka,South,2024-06-05
9055,Siya Bera,Male,59,Regular,Ranchi,Jharkhand,East,2022-03-24
9056,Geetika Singhal,Male,55,Premium,Kochi,Kerala,South,2023-03-26
9057,Neha Handa,Male,26,Premium,Kochi,Kerala,South,2025-10-20
9058,Samaksh Ganesan,Male,53,New,Mumbai,Maharashtra,West,2024-03-19
9059,Ucchal Chakrabarti,Male,65,New,Indore,Madhya Pradesh,West,2026-05-06
9060,Naveen Vaidya,Male,45,New,Delhi,Delhi,North,2023-06-04
9061,Turvi Krishna,Male,55,Premium,Amritsar,Punjab,North,2026-01-31
9062,Tanveer Singh,Male,53,Premium,Guwahati,Assam,East,2023-12-11
9063,Arya Singh,Male,21,Regular,Lucknow,Uttar Pradesh,North,2021-08-28
9064,Qasim Sachdev,Female,62,Regular,Chennai,Tamil Nadu,South,2024-05-03
9065,Jason Dubey,Male,40,Regular,Pune,Maharashtra,West,2024-03-03
9066,Gautam Gill,Female,49,Regular,Surat,Gujarat,West,2022-06-06
9067,Liam Uppal,Female,60,New,Delhi,Delhi,North,2026-03-15
9068,Manya Goyal,Female,50,Regular,Pune,Maharashtra,West,2025-04-21
9069,Girish Thaker,Male,54,New,Bengaluru,Karnataka,South,2023-04-12
9070,Jhalak Mall,Female,37,New,Ranchi,Jharkhand,East,2023-05-04
9071,Eesha Yohannan,Female,46,Premium,Mumbai,Maharashtra,West,2021-11-09
9072,Frederick Lal,Female,42,Regular,Hyderabad,Telangana,South,2026-01-09
9073,Vincent Palan,Male,27,Regular,Amritsar,Punjab,North,2025-05-14
9074,Samaksh Dutt,Male,31,Regular,Jaipur,Rajasthan,North,2023-07-20
9075,Vaishnavi Halder,Male,64,Regular,Ranchi,Jharkhand,East,2024-01-23
9076,Aditya Morar,Male,40,Regular,Ahmedabad,Gujarat,West,2023-03-03
9077,Jagvi Savant,Female,40,Regular,Delhi,Delhi,North,2026-06-16
9078,Liam Chanda,Female,65,Regular,Lucknow,Uttar Pradesh,North,2022-01-14
9079,Darpan Vohra,Female,58,Regular,Guwahati,Assam,East,2022-07-05
9080,Dipta Raju,Female,52,New,Pune,Maharashtra,West,2023-08-17
9081,Chanchal Sarma,Male,64,New,Amritsar,Punjab,North,2022-12-30
9082,Shivansh Bahri,Female,34,Regular,Lucknow,Uttar Pradesh,North,2023-06-21
9083,Reva Goel,Female,46,New,Ahmedabad,Gujarat,West,2024-06-02
9084,Megha Sibal,Female,59,Regular,Hyderabad,Telangana,South,2024-02-21
9085,Maya Kadakia,Male,41,New,Bhubaneswar,Odisha,East,2026-03-15
9086,Yagnesh Babu,Female,25,New,Indore,Madhya Pradesh,West,2021-12-04
9087,Lila Barman,Male,20,Regular,Hyderabad,Telangana,South,2025-10-18
9088,Meera Doshi,Male,21,Premium,Amritsar,Punjab,North,2022-01-19
9089,Warinder Johal,Female,58,New,Ahmedabad,Gujarat,West,2024-02-09
9090,Devika Bawa,Female,49,Regular,Chandigarh,Chandigarh,North,2025-01-15
9091,Xalak Manda,Male,54,Regular,Amritsar,Punjab,North,2024-02-11
9092,Rachita Khatri,Male,31,New,Indore,Madhya Pradesh,West,2024-05-23
9093,Bakhshi Karnik,Male,31,Regular,Bhubaneswar,Odisha,East,2022-10-22
9094,Guneet Rama,Female,53,Regular,Chandigarh,Chandigarh,North,2026-04-02
9095,Raagini Gola,Female,59,Regular,Bengaluru,Karnataka,South,2023-08-06
9096,Anusha Patil,Male,50,Premium,Indore,Madhya Pradesh,West,2026-06-18
9097,Elijah Mannan,Male,33,New,Ahmedabad,Gujarat,West,2025-09-21
9098,Sudiksha Radhakrishnan,Male,45,New,Patna,Bihar,East,2025-04-15
9099,Faqid Chawla,Male,56,Premium,Bengaluru,Karnataka,South,2022-04-19
9100,Prisha Buch,Female,34,Regular,Guwahati,Assam,East,2024-09-15
9101,Caleb Bhasin,Male,25,Regular,Indore,Madhya Pradesh,West,2021-09-19
9102,Abeer Minhas,Male,43,Regular,Coimbatore,Tamil Nadu,South,2022-06-13
9103,Hemang Sathe,Female,25,New,Hyderabad,Telangana,South,2023-08-19
9104,Ryan Vaidya,Male,26,Regular,Pune,Maharashtra,West,2022-11-05
9105,Ladli Desai,Male,23,New,Coimbatore,Tamil Nadu,South,2025-09-07
9106,Elijah Bajwa,Female,39,New,Surat,Gujarat,West,2026-01-17
9107,Bhavna Nagarajan,Female,61,New,Chandigarh,Chandigarh,North,2023-08-14
9108,Manbir Borra,Male,38,Regular,Ahmedabad,Gujarat,West,2026-06-21
9109,Peter Mahal,Female,64,New,Ranchi,Jharkhand,East,2023-09-09
9110,Robert Pal,Male,47,Regular,Indore,Madhya Pradesh,West,2022-04-20
9111,Akshay Sharma,Male,26,Premium,Bhubaneswar,Odisha,East,2022-11-13
9112,Alexander Shetty,Female,59,Regular,Bhubaneswar,Odisha,East,2021-12-01
9113,Arjun Ganguly,Female,33,Regular,Bhubaneswar,Odisha,East,2025-04-26
9114,Hiral Balasubramanian,Female,49,Regular,Delhi,Delhi,North,2022-10-03
9115,Sai Chandra,Male,47,New,Kolkata,West Bengal,East,2025-09-27
9116,Vivaan Kapadia,Female,50,Regular,Bengaluru,Karnataka,South,2022-10-19
9117,Xalak Buch,Female,55,Regular,Chandigarh,Chandigarh,North,2024-10-27
9118,Ishanvi Kumer,Female,44,Premium,Ranchi,Jharkhand,East,2022-10-23
9119,Onkar Gandhi,Female,30,Premium,Coimbatore,Tamil Nadu,South,2025-03-19
9120,Naksh Ahluwalia,Male,44,Premium,Coimbatore,Tamil Nadu,South,2022-12-31
9121,Yashica Bora,Male,51,Premium,Surat,Gujarat,West,2025-08-22
9122,Champak Upadhyay,Male,43,Regular,Patna,Bihar,East,2023-04-27
9123,Liam Choudhry,Female,35,Regular,Bhubaneswar,Odisha,East,2024-06-20
9124,Aarush Dara,Male,19,Premium,Delhi,Delhi,North,2025-10-05
9125,Omisha Sani,Female,65,Regular,Bhubaneswar,Odisha,East,2026-05-26
9126,Falak Bhandari,Male,40,Premium,Ahmedabad,Gujarat,West,2022-05-14
9127,Laban Mallick,Male,25,Regular,Guwahati,Assam,East,2023-12-03
9128,Vincent Merchant,Male,50,Regular,Delhi,Delhi,North,2025-04-14
9129,Om Pau,Male,31,Regular,Indore,Madhya Pradesh,West,2022-09-23
9130,Vidhi Krishna,Male,41,Premium,Coimbatore,Tamil Nadu,South,2021-10-06
9131,Wriddhish Karpe,Male,51,New,Ahmedabad,Gujarat,West,2024-07-15
9132,Chakrika Batta,Male,24,Regular,Guwahati,Assam,East,2024-01-25
9133,Vasatika Ramaswamy,Female,20,Regular,Jaipur,Rajasthan,North,2025-05-01
9134,Amaira Dubey,Female,41,New,Hyderabad,Telangana,South,2023-04-24
9135,Anirudh Halder,Male,44,Regular,Mumbai,Maharashtra,West,2025-10-02
9136,Nirja Kumar,Female,29,Regular,Bhubaneswar,Odisha,East,2022-08-29
9137,Nisha Korpal,Female,36,Regular,Patna,Bihar,East,2025-08-23
9138,Yutika Nagar,Male,29,New,Pune,Maharashtra,West,2025-09-07
9139,Dakshesh Magar,Female,63,Regular,Chandigarh,Chandigarh,North,2025-08-06
9140,Hitesh Natt,Male,27,Regular,Ranchi,Jharkhand,East,2026-03-23
9141,Jacob Dass,Female,18,Regular,Coimbatore,Tamil Nadu,South,2024-06-16
9142,Vinaya Garde,Female,33,New,Mumbai,Maharashtra,West,2026-02-03
9143,Vasudha Kulkarni,Female,42,Premium,Bhubaneswar,Odisha,East,2022-01-22
9144,Vincent Chhabra,Female,34,Regular,Mumbai,Maharashtra,West,2022-12-24
9145,Jeet Sundaram,Male,44,Regular,Mumbai,Maharashtra,West,2024-12-29
9146,Ayushman Iyer,Male,21,Regular,Chandigarh,Chandigarh,North,2026-03-27
9147,Meera Wable,Female,24,Regular,Indore,Madhya Pradesh,West,2025-02-01
9148,Meghana Narayan,Female,26,Regular,Pune,Maharashtra,West,2024-12-07
9149,Sathvik Srinivas,Male,65,Regular,Jaipur,Rajasthan,North,2024-11-27
9150,Kritika Ravel,Male,28,Regular,Bengaluru,Karnataka,South,2023-01-02
9151,Saanvi Deshmukh,Female,39,Regular,Kolkata,West Bengal,East,2023-06-03
9152,Dalbir Master,Female,50,Regular,Mumbai,Maharashtra,West,2022-08-19
9153,Adya Chawla,Female,45,New,Amritsar,Punjab,North,2025-10-17
9154,Aarav Hans,Female,35,Regular,Kolkata,West Bengal,East,2022-04-11
9155,Yachana Dube,Male,61,New,Chandigarh,Chandigarh,North,2023-09-20
9156,Baghyawati Agrawal,Female,41,New,Kochi,Kerala,South,2023-04-25
9157,Janya Dada,Female,56,Premium,Chandigarh,Chandigarh,North,2023-01-25
9158,Meghana Narasimhan,Female,62,Regular,Jaipur,Rajasthan,North,2023-07-19
9159,Kashvi Deo,Male,46,Regular,Guwahati,Assam,East,2023-12-14
9160,Omya Mann,Female,53,Regular,Jaipur,Rajasthan,North,2024-12-26
9161,Teerth Chaudhary,Male,63,Premium,Coimbatore,Tamil Nadu,South,2026-04-10
9162,Upma Virk,Female,55,Regular,Bhubaneswar,Odisha,East,2023-09-03
9163,Mason Lal,Male,55,Regular,Chennai,Tamil Nadu,South,2021-11-18
9164,Yuvraj Nigam,Female,28,Regular,Delhi,Delhi,North,2025-09-16
9165,Amrita Dugar,Male,36,Premium,Guwahati,Assam,East,2022-10-03
9166,Thomas Apte,Male,23,Regular,Jaipur,Rajasthan,North,2024-08-02
9167,Wridesh Peri,Female,62,Premium,Coimbatore,Tamil Nadu,South,2022-08-01
9168,Benjamin Vig,Male,55,New,Indore,Madhya Pradesh,West,2022-03-19
9169,Raghav Golla,Male,44,New,Jaipur,Rajasthan,North,2024-10-20
9170,Warjas Mannan,Male,25,New,Bhubaneswar,Odisha,East,2024-07-15
9171,Girik Chad,Male,46,New,Bengaluru,Karnataka,South,2025-01-22
9172,Daksha Shah,Male,21,Premium,Kolkata,West Bengal,East,2022-10-21
9173,Vrishti Jaggi,Female,57,New,Patna,Bihar,East,2026-06-06
9174,Ubika Bansal,Female,57,New,Surat,Gujarat,West,2024-11-23
9175,Omisha Shanker,Male,62,New,Guwahati,Assam,East,2022-11-30
9176,Janya Ramachandran,Male,56,New,Kochi,Kerala,South,2024-03-16
9177,Varenya Seshadri,Female,47,New,Chandigarh,Chandigarh,North,2026-06-03
9178,Girindra Balay,Male,44,Regular,Guwahati,Assam,East,2022-09-13
9179,Ansh Oza,Male,38,Regular,Patna,Bihar,East,2024-11-07
9180,Gopal Behl,Male,53,New,Chennai,Tamil Nadu,South,2023-11-20
9181,Chaaya Choudhary,Male,30,Regular,Delhi,Delhi,North,2024-02-18
9182,Dipta Sanghvi,Female,26,Regular,Amritsar,Punjab,North,2025-01-24
9183,Tanish Balay,Female,43,New,Bengaluru,Karnataka,South,2024-08-29
9184,Hemang Thakkar,Female,29,Regular,Chennai,Tamil Nadu,South,2023-11-27
9185,Sudiksha Bir,Male,27,Regular,Kolkata,West Bengal,East,2024-11-02
9186,Harrison Ram,Male,43,Regular,Ranchi,Jharkhand,East,2024-12-03
9187,Pratyush Kata,Male,28,Regular,Mumbai,Maharashtra,West,2023-02-20
9188,Ekaraj Dani,Female,33,New,Chandigarh,Chandigarh,North,2023-08-03
9189,Ria Saini,Male,52,Premium,Bhubaneswar,Odisha,East,2021-09-11
9190,Maanav Rajan,Male,46,Regular,Surat,Gujarat,West,2023-10-13
9191,Nathaniel Bhavsar,Male,37,Premium,Surat,Gujarat,West,2023-03-05
9192,Jacob Ganesan,Male,59,New,Coimbatore,Tamil Nadu,South,2024-04-20
9193,Nitesh Kuruvilla,Female,48,Premium,Surat,Gujarat,West,2025-10-14
9194,Nidhi Bal,Female,49,Regular,Kolkata,West Bengal,East,2024-06-04
9195,Harish Pall,Male,46,Regular,Bengaluru,Karnataka,South,2024-09-22
9196,Jhalak Hans,Female,62,New,Bhubaneswar,Odisha,East,2024-12-03
9197,David Mall,Male,31,Regular,Delhi,Delhi,North,2023-11-11
9198,Samar Dasgupta,Male,19,Premium,Jaipur,Rajasthan,North,2022-08-10
9199,Netra Tak,Female,47,Regular,Pune,Maharashtra,West,2024-03-08
9200,Radhika Kumer,Female,29,Regular,Hyderabad,Telangana,South,2021-08-23
9201,Anika Mody,Female,22,Premium,Ahmedabad,Gujarat,West,2022-10-24
9202,Anita Bansal,Male,55,Regular,Indore,Madhya Pradesh,West,2021-07-19
9203,Nirja Bath,Female,64,Regular,Kochi,Kerala,South,2025-06-16
9204,Charan Sami,Female,62,Regular,Coimbatore,Tamil Nadu,South,2022-04-13
9205,Sai Sunder,Male,53,Premium,Chennai,Tamil Nadu,South,2023-02-05
9206,Neel Goda,Male,42,New,Coimbatore,Tamil Nadu,South,2022-05-01
9207,Dalaja Dube,Female,53,Regular,Chennai,Tamil Nadu,South,2025-03-15
9208,Amara Kuruvilla,Male,48,Regular,Indore,Madhya Pradesh,West,2023-10-21
9209,Manthan Prasad,Male,59,Regular,Jaipur,Rajasthan,North,2026-07-06
9210,Robert Roy,Female,59,Regular,Hyderabad,Telangana,South,2022-02-09
9211,Anya Sehgal,Female,55,Premium,Bengaluru,Karnataka,South,2023-07-30
9212,Yashoda Shenoy,Male,64,Premium,Bengaluru,Karnataka,South,2025-03-14
9213,Veda Bhavsar,Male,61,New,Indore,Madhya Pradesh,West,2025-09-19
9214,Raghav Dhar,Female,33,Regular,Chandigarh,Chandigarh,North,2026-02-02
9215,Qushi Tandon,Male,40,New,Ranchi,Jharkhand,East,2023-04-23
9216,Robert Rattan,Male,49,New,Lucknow,Uttar Pradesh,North,2023-11-01
9217,Vaishnavi Mann,Male,64,Regular,Ahmedabad,Gujarat,West,2021-07-18
9218,Aarini Bhat,Female,60,Premium,Guwahati,Assam,East,2026-03-07
9219,Inaya Purohit,Female,47,Regular,Pune,Maharashtra,West,2026-05-09
9220,Chakradhar Memon,Female,63,New,Indore,Madhya Pradesh,West,2026-04-23
9221,Nilima Ranganathan,Male,33,New,Pune,Maharashtra,West,2022-02-20
9222,Indira Divan,Female,22,Regular,Jaipur,Rajasthan,North,2025-10-08
9223,Raksha Choudhry,Female,65,Regular,Guwahati,Assam,East,2023-12-09
9224,Upadhriti Chauhan,Male,28,New,Patna,Bihar,East,2026-06-28
9225,Eshana Andra,Female,39,Premium,Guwahati,Assam,East,2023-09-25
9226,Pranav Shanker,Male,63,Premium,Chandigarh,Chandigarh,North,2023-08-03
9227,Chaitaly Kade,Male,40,Regular,Jaipur,Rajasthan,North,2022-04-28
9228,Vidhi Ray,Female,31,Premium,Kolkata,West Bengal,East,2024-02-04
9229,Oliver Sarma,Male,19,Regular,Kolkata,West Bengal,East,2023-11-05
9230,Devika Koshy,Female,39,Regular,Surat,Gujarat,West,2021-09-16
9231,Vincent Bhavsar,Female,32,Regular,Chandigarh,Chandigarh,North,2026-04-17
9232,Oviya Mahajan,Male,39,New,Ahmedabad,Gujarat,West,2023-02-17
9233,Gautami Sahota,Male,49,Premium,Jaipur,Rajasthan,North,2025-12-19
9234,Leena Sibal,Male,27,Regular,Kochi,Kerala,South,2021-10-21
9235,Chaitanya Jayaraman,Male,44,Regular,Hyderabad,Telangana,South,2026-06-25
9236,Mahika Chokshi,Female,20,Regular,Indore,Madhya Pradesh,West,2023-09-19
9237,Bachittar Goyal,Male,58,New,Chennai,Tamil Nadu,South,2023-02-20
9238,Wazir Kurian,Male,46,New,Chandigarh,Chandigarh,North,2023-07-02
9239,Upkaar Chander,Male,40,Regular,Amritsar,Punjab,North,2021-09-06
9240,Christopher Sankaran,Female,26,Regular,Ranchi,Jharkhand,East,2025-11-11
9241,Nidra Naidu,Male,46,New,Delhi,Delhi,North,2023-06-16
9242,Ekta Kaur,Female,33,Regular,Guwahati,Assam,East,2022-12-20
9243,Arunima Dugar,Male,23,Regular,Pune,Maharashtra,West,2025-03-20
9244,Nisha Mall,Male,33,Regular,Guwahati,Assam,East,2024-09-02
9245,Ojas Tella,Female,28,Regular,Delhi,Delhi,North,2022-08-23
9246,Unnati Arora,Female,64,Premium,Bengaluru,Karnataka,South,2025-04-06
9247,Wriddhish Venkataraman,Female,61,Regular,Guwahati,Assam,East,2023-05-14
9248,Sneha Kapur,Male,52,Regular,Delhi,Delhi,North,2021-09-11
9249,Kritika Sawhney,Male,33,New,Amritsar,Punjab,North,2022-06-21
9250,Chaman Parikh,Female,63,New,Ahmedabad,Gujarat,West,2025-10-28
9251,Kiaan Rege,Male,26,New,Delhi,Delhi,North,2023-03-14
9252,Ayushman Sastry,Male,37,Regular,Amritsar,Punjab,North,2022-02-01
9253,Jasmit Tank,Male,52,New,Jaipur,Rajasthan,North,2021-08-04
9254,Kashvi Banik,Male,26,New,Lucknow,Uttar Pradesh,North,2021-07-30
9255,Amara Mann,Male,45,Regular,Ranchi,Jharkhand,East,2024-05-07
9256,Hemal Saraf,Female,59,New,Indore,Madhya Pradesh,West,2021-12-31
9257,Mekhala Dora,Male,36,New,Chennai,Tamil Nadu,South,2024-10-25
9258,Dipta Sankar,Male,60,New,Mumbai,Maharashtra,West,2025-11-28
9259,Rachit Natt,Female,30,Regular,Bengaluru,Karnataka,South,2021-08-29
9260,Jasmit Chahal,Female,31,New,Ranchi,Jharkhand,East,2024-11-11
9261,Janani Borra,Female,26,Regular,Hyderabad,Telangana,South,2023-12-13
9262,Vaishnavi Verma,Female,41,Regular,Delhi,Delhi,North,2025-11-13
9263,Tejas Bhavsar,Male,36,Regular,Delhi,Delhi,North,2022-10-15
9264,Suhani Hora,Male,18,Regular,Mumbai,Maharashtra,West,2025-09-17
9265,Gaurika Wagle,Male,25,Regular,Kolkata,West Bengal,East,2022-11-15
9266,Waida Sampath,Female,39,New,Hyderabad,Telangana,South,2024-10-07
9267,Rudra Luthra,Female,26,New,Indore,Madhya Pradesh,West,2024-12-22
9268,Mekhala Malhotra,Male,61,New,Lucknow,Uttar Pradesh,North,2023-08-15
9269,Ekaja Dixit,Female,45,New,Chennai,Tamil Nadu,South,2024-12-14
9270,Gautami Kothari,Male,49,New,Pune,Maharashtra,West,2026-03-25
9271,Joshua Lal,Female,63,New,Mumbai,Maharashtra,West,2022-04-17
9272,Balveer Uppal,Female,48,Regular,Surat,Gujarat,West,2026-01-19
9273,Hredhaan Madan,Male,31,Regular,Ahmedabad,Gujarat,West,2022-01-04
9274,Oliver Savant,Male,26,Regular,Surat,Gujarat,West,2024-03-05
9275,Caleb Krishnamurthy,Male,52,Regular,Coimbatore,Tamil Nadu,South,2021-11-24
9276,Jagdish Deshpande,Female,59,New,Coimbatore,Tamil Nadu,South,2022-10-07
9277,Vinaya Krish,Female,50,New,Bengaluru,Karnataka,South,2026-01-03
9278,Andrew Naik,Male,35,Regular,Pune,Maharashtra,West,2021-07-30
9279,Forum Trivedi,Female,38,New,Kolkata,West Bengal,East,2024-02-10
9280,Amrita Babu,Female,50,New,Guwahati,Assam,East,2021-09-29
9281,Aryan Oak,Male,35,Regular,Lucknow,Uttar Pradesh,North,2022-07-01
9282,Chanakya Nori,Male,49,Premium,Amritsar,Punjab,North,2026-07-04
9283,Harita Vasa,Male,33,Regular,Ahmedabad,Gujarat,West,2023-06-03
9284,Baljiwan Gour,Female,38,New,Jaipur,Rajasthan,North,2025-02-20
9285,Ekapad Chatterjee,Male,54,Regular,Guwahati,Assam,East,2026-05-06
9286,Chavvi Sahota,Female,33,Regular,Amritsar,Punjab,North,2023-08-04
9287,Falan Dyal,Male,41,Regular,Pune,Maharashtra,West,2021-08-24
9288,Qushi Sem,Male,33,Regular,Patna,Bihar,East,2026-02-06
9289,Maanas Tiwari,Male,61,Regular,Kochi,Kerala,South,2025-09-07
9290,Ranveer Ranganathan,Male,44,New,Patna,Bihar,East,2022-02-09
9291,Tanvi Loke,Female,44,Regular,Coimbatore,Tamil Nadu,South,2025-06-04
9292,Ekani Borde,Male,21,Regular,Mumbai,Maharashtra,West,2024-08-24
9293,Aayush Dixit,Female,30,Regular,Mumbai,Maharashtra,West,2025-10-09
9294,Farhan Lad,Female,29,Regular,Indore,Madhya Pradesh,West,2021-07-15
9295,Omisha Pandya,Female,61,Premium,Jaipur,Rajasthan,North,2025-04-06
9296,Oni Raman,Male,61,Premium,Patna,Bihar,East,2024-01-06
9297,Siddharth Bajaj,Female,20,Premium,Patna,Bihar,East,2023-04-23
9298,Dakshesh Mitter,Female,47,Regular,Indore,Madhya Pradesh,West,2022-12-18
9299,Bina Chaudhry,Male,59,Premium,Indore,Madhya Pradesh,West,2022-09-17
9300,Balveer Wadhwa,Male,65,New,Bengaluru,Karnataka,South,2023-07-12
9301,Ranveer De,Male,61,New,Lucknow,Uttar Pradesh,North,2023-06-19
9302,Arin Sodhi,Male,57,Regular,Jaipur,Rajasthan,North,2025-05-19
9303,Vrinda Rajan,Male,25,Regular,Ranchi,Jharkhand,East,2026-07-09
9304,Odika Chaudhary,Female,24,Regular,Hyderabad,Telangana,South,2022-10-23
9305,Janani Suri,Female,52,Regular,Ahmedabad,Gujarat,West,2025-12-31
9306,Jagat Thaman,Male,19,New,Jaipur,Rajasthan,North,2022-10-17
9307,Yamini Iyengar,Female,44,New,Guwahati,Assam,East,2025-04-07
9308,Balhaar Vasa,Female,34,Regular,Mumbai,Maharashtra,West,2024-06-02
9309,Arya Dhaliwal,Female,26,New,Bhubaneswar,Odisha,East,2022-08-19
9310,Yutika Wali,Female,21,Regular,Patna,Bihar,East,2024-11-29
9311,Orinder Aurora,Female,48,New,Guwahati,Assam,East,2023-04-20
9312,Kashish Raj,Male,25,New,Delhi,Delhi,North,2023-09-14
9313,Kamala Sachdeva,Male,32,Regular,Surat,Gujarat,West,2024-08-08
9314,Rajata Gade,Female,47,Regular,Chennai,Tamil Nadu,South,2025-08-03
9315,Warinder Butala,Female,32,Regular,Jaipur,Rajasthan,North,2022-03-25
9316,Harini Kashyap,Male,26,New,Lucknow,Uttar Pradesh,North,2025-07-26
9317,Samesh Padmanabhan,Female,51,Regular,Ranchi,Jharkhand,East,2026-01-24
9318,Bachittar Dyal,Male,31,Regular,Ahmedabad,Gujarat,West,2026-05-13
9319,Yoshita Badami,Male,50,Regular,Jaipur,Rajasthan,North,2026-01-23
9320,Widisha Buch,Female,57,Regular,Lucknow,Uttar Pradesh,North,2021-12-22
9321,Osha De,Female,54,New,Hyderabad,Telangana,South,2024-12-04
9322,Andrew Deol,Female,19,Premium,Hyderabad,Telangana,South,2024-05-10
9323,Amara Sha,Male,24,Regular,Guwahati,Assam,East,2025-04-13
9324,Tanay Mall,Male,50,Regular,Bengaluru,Karnataka,South,2022-08-26
9325,Yatin Bora,Male,26,New,Ahmedabad,Gujarat,West,2022-01-05
9326,Quincy Khare,Female,40,Premium,Bengaluru,Karnataka,South,2021-09-08
9327,Raagini Sane,Male,50,Regular,Ahmedabad,Gujarat,West,2025-03-20
9328,Panini Sami,Female,41,New,Chandigarh,Chandigarh,North,2026-05-15
9329,Upma Subramaniam,Male,19,New,Lucknow,Uttar Pradesh,North,2024-09-25
9330,Charan Chatterjee,Male,47,Regular,Hyderabad,Telangana,South,2024-10-07
9331,Chakrika Agarwal,Male,40,Regular,Bhubaneswar,Odisha,East,2021-12-07
9332,Yatin Sidhu,Female,19,Regular,Surat,Gujarat,West,2024-04-17
9333,Meera Badami,Female,26,Regular,Bhubaneswar,Odisha,East,2025-10-07
9334,Upasna Soni,Male,31,Regular,Kolkata,West Bengal,East,2025-07-01
9335,Tristan Guha,Female,34,Regular,Delhi,Delhi,North,2025-06-19
9336,Lucky Deol,Male,55,New,Delhi,Delhi,North,2025-11-14
9337,Kai Desai,Male,42,Regular,Chandigarh,Chandigarh,North,2023-02-27
9338,Waida Sood,Male,33,Premium,Lucknow,Uttar Pradesh,North,2022-11-08
9339,Tamanna Shan,Male,21,New,Indore,Madhya Pradesh,West,2023-10-16
9340,Harinakshi Bava,Male,29,Regular,Jaipur,Rajasthan,North,2022-10-18
9341,Hemangini Grover,Female,28,Regular,Jaipur,Rajasthan,North,2022-05-12
9342,Dayamai Sankaran,Male,65,Regular,Surat,Gujarat,West,2022-01-01
9343,Kritika Gupta,Female,60,Regular,Bhubaneswar,Odisha,East,2026-07-07
9344,Vrinda Tiwari,Female,25,Regular,Hyderabad,Telangana,South,2024-03-11
9345,Amol Mangal,Male,61,New,Lucknow,Uttar Pradesh,North,2025-11-26
9346,Jyoti Thakur,Female,35,Premium,Guwahati,Assam,East,2023-11-06
9347,Sanya Soman,Male,52,Regular,Kochi,Kerala,South,2025-06-30
9348,Yash Goel,Female,31,Premium,Patna,Bihar,East,2021-10-25
9349,Kalpit Bhagat,Male,43,Regular,Ahmedabad,Gujarat,West,2024-03-02
9350,Dayita Reddy,Female,21,Premium,Coimbatore,Tamil Nadu,South,2022-04-15
9351,Urvi Mann,Female,20,New,Jaipur,Rajasthan,North,2021-12-10
9352,Sneha Vohra,Male,30,New,Chennai,Tamil Nadu,South,2023-08-05
9353,Zinal Varughese,Female,55,Premium,Guwahati,Assam,East,2024-11-10
9354,Oeshi Brar,Male,62,New,Hyderabad,Telangana,South,2025-06-22
9355,Bina Narang,Male,50,New,Hyderabad,Telangana,South,2025-11-26
9356,Dhruv Contractor,Male,49,Regular,Jaipur,Rajasthan,North,2026-06-06
9357,Raksha Ghose,Female,63,Regular,Kolkata,West Bengal,East,2025-02-05
9358,Charan Chahal,Female,31,New,Amritsar,Punjab,North,2022-09-07
9359,Tanay Talwar,Female,26,Premium,Patna,Bihar,East,2024-08-18
9360,Laksh Rattan,Female,63,Regular,Bhubaneswar,Odisha,East,2023-12-22
9361,Ira Master,Female,48,Regular,Surat,Gujarat,West,2024-11-28
9362,Ucchal Chada,Female,54,Regular,Patna,Bihar,East,2025-05-14
9363,Krishna Bahri,Male,20,Regular,Ahmedabad,Gujarat,West,2025-01-28
9364,Arin Balan,Female,21,New,Ranchi,Jharkhand,East,2021-10-03
9365,Pranav Thaman,Male,42,New,Lucknow,Uttar Pradesh,North,2022-01-08
9366,Dalbir Rana,Female,52,Regular,Kochi,Kerala,South,2025-08-15
9367,Ekanta Suresh,Female,41,Regular,Pune,Maharashtra,West,2022-06-12
9368,Hritik Kulkarni,Female,47,Regular,Bhubaneswar,Odisha,East,2023-02-25
9369,Mitali Saxena,Female,59,Regular,Coimbatore,Tamil Nadu,South,2025-11-15
9370,Yasti Anand,Male,55,Regular,Ranchi,Jharkhand,East,2022-01-10
9371,Ira Varma,Male,19,Regular,Chandigarh,Chandigarh,North,2021-07-17
9372,Anjali Dugar,Female,28,New,Kolkata,West Bengal,East,2025-01-04
9373,Chaaya Ramesh,Female,64,New,Patna,Bihar,East,2024-10-30
9374,Chameli Varty,Female,20,Premium,Coimbatore,Tamil Nadu,South,2023-08-27
9375,Hemani Contractor,Male,54,New,Lucknow,Uttar Pradesh,North,2022-07-12
9376,Nachiket Narula,Female,47,New,Chennai,Tamil Nadu,South,2023-10-27
9377,Aahana Jha,Male,43,Regular,Lucknow,Uttar Pradesh,North,2021-11-08
9378,Falak Kata,Male,63,Regular,Hyderabad,Telangana,South,2025-05-01
9379,Kashvi Sem,Male,25,Premium,Ahmedabad,Gujarat,West,2026-04-05
9380,Sachi Kala,Male,26,New,Mumbai,Maharashtra,West,2024-12-08
9381,Lipika Natt,Male,65,New,Kolkata,West Bengal,East,2022-10-16
9382,Ekantika Bava,Female,35,New,Bhubaneswar,Odisha,East,2024-03-13
9383,Aditya Mistry,Female,27,Regular,Kochi,Kerala,South,2022-07-27
9384,George Kunda,Male,49,Regular,Kochi,Kerala,South,2025-01-30
9385,Falan Gopal,Female,64,Regular,Guwahati,Assam,East,2021-07-16
9386,Nitara Chada,Female,56,Premium,Patna,Bihar,East,2025-11-15
9387,Vasana Lalla,Female,47,Premium,Guwahati,Assam,East,2026-03-29
9388,Nitara Tank,Female,64,New,Chandigarh,Chandigarh,North,2026-07-09
9389,Urvi Doshi,Female,63,Regular,Bengaluru,Karnataka,South,2025-09-13
9390,Tripti Dar,Female,64,Regular,Bhubaneswar,Odisha,East,2025-07-04
9391,Bimala Karpe,Male,26,Premium,Amritsar,Punjab,North,2025-04-16
9392,Xiti Konda,Male,28,Premium,Hyderabad,Telangana,South,2023-05-18
9393,Tejas Dube,Male,43,New,Coimbatore,Tamil Nadu,South,2025-06-13
9394,Lila Prabhu,Female,24,Regular,Kochi,Kerala,South,2023-04-12
9395,Eshana Wali,Female,63,Regular,Surat,Gujarat,West,2025-02-10
9396,Vrishti Jhaveri,Male,35,New,Jaipur,Rajasthan,North,2023-10-06
9397,Urvi Chander,Female,24,New,Ahmedabad,Gujarat,West,2023-02-19
9398,Patrick Virk,Female,32,Regular,Chandigarh,Chandigarh,North,2025-04-08
9399,Triya Raju,Male,40,Regular,Delhi,Delhi,North,2024-12-24
9400,Ekbal Goswami,Male,52,New,Chandigarh,Chandigarh,North,2022-11-16
9401,Abha Jayaraman,Female,59,Regular,Bengaluru,Karnataka,South,2024-12-08
9402,Hredhaan Rana,Female,28,New,Patna,Bihar,East,2024-10-25
9403,Gauri Ramesh,Female,49,Regular,Kochi,Kerala,South,2022-06-01
9404,Udant Barad,Male,31,New,Ahmedabad,Gujarat,West,2025-01-10
9405,Gayathri Ramaswamy,Female,31,New,Hyderabad,Telangana,South,2024-06-14
9406,Teerth Babu,Male,64,Regular,Kochi,Kerala,South,2025-12-24
9407,Sai Ramakrishnan,Male,56,New,Kochi,Kerala,South,2021-11-04
9408,Chatura Parmer,Male,23,Regular,Indore,Madhya Pradesh,West,2022-04-06
9409,Aashi Bhalla,Male,18,New,Kolkata,West Bengal,East,2024-12-06
9410,Christopher Mital,Male,49,Regular,Kochi,Kerala,South,2023-10-06
9411,Gautam Jayaraman,Male,34,New,Pune,Maharashtra,West,2025-09-25
9412,Rohan Soni,Female,54,Regular,Hyderabad,Telangana,South,2025-03-29
9413,Ojasvi Patla,Male,49,Regular,Ahmedabad,Gujarat,West,2025-04-12
9414,Nihal Nadig,Female,48,New,Jaipur,Rajasthan,North,2026-03-11
9415,Ridhi Sharma,Male,40,Regular,Bengaluru,Karnataka,South,2024-06-10
9416,Gaurika Patel,Male,22,New,Bengaluru,Karnataka,South,2023-11-18
9417,Urvi Chakraborty,Male,60,Regular,Pune,Maharashtra,West,2023-01-10
9418,Gopal Nanda,Female,57,New,Kolkata,West Bengal,East,2026-06-19
9419,Vanya Andra,Female,46,Regular,Chennai,Tamil Nadu,South,2022-12-31
9420,Yug Kalla,Male,57,Regular,Bengaluru,Karnataka,South,2021-10-13
9421,Simon Dave,Female,23,Premium,Pune,Maharashtra,West,2025-06-01
9422,Urishilla Lala,Female,21,Regular,Guwahati,Assam,East,2023-06-29
9423,Devansh Krish,Female,56,Regular,Kochi,Kerala,South,2023-08-22
9424,Faqid Parsa,Male,44,Regular,Amritsar,Punjab,North,2023-09-16
9425,Krishna Bir,Male,48,Premium,Delhi,Delhi,North,2024-01-13
9426,Kavya Bhatnagar,Male,53,Regular,Chennai,Tamil Nadu,South,2024-03-02
9427,Odika Chada,Male,25,New,Mumbai,Maharashtra,West,2025-02-23
9428,Gayathri Dugar,Male,33,Regular,Patna,Bihar,East,2023-11-26
9429,Janaki Dayal,Female,20,Regular,Guwahati,Assam,East,2022-04-24
9430,Vritti Bal,Male,22,Regular,Chennai,Tamil Nadu,South,2024-12-28
9431,Robert Ahluwalia,Female,40,Regular,Guwahati,Assam,East,2025-11-19
9432,Manbir Goel,Female,46,New,Lucknow,Uttar Pradesh,North,2025-06-16
9433,Warinder Parikh,Male,30,Regular,Chandigarh,Chandigarh,North,2024-07-30
9434,Widisha Chawla,Male,45,New,Amritsar,Punjab,North,2026-04-16
9435,Indali Rout,Female,22,New,Amritsar,Punjab,North,2023-05-30
9436,Nirja Vora,Male,28,New,Ahmedabad,Gujarat,West,2023-01-14
9437,Amaira Sachar,Male,19,Regular,Kolkata,West Bengal,East,2024-11-09
9438,Ekani Bandi,Female,49,New,Lucknow,Uttar Pradesh,North,2022-12-03
9439,Zinal Korpal,Female,38,New,Guwahati,Assam,East,2023-10-24
9440,Jason Pandit,Female,18,Regular,Guwahati,Assam,East,2022-01-18
9441,Chandran Zacharia,Male,37,New,Guwahati,Assam,East,2025-03-02
9442,Dayita Panchal,Female,57,New,Kolkata,West Bengal,East,2023-12-09
9443,Indrajit Arora,Male,43,New,Pune,Maharashtra,West,2025-04-15
9444,Ikbal Agarwal,Female,61,Regular,Indore,Madhya Pradesh,West,2023-02-19
9445,Vidhi Swamy,Female,29,Regular,Pune,Maharashtra,West,2024-05-06
9446,Zehaan Tata,Male,52,New,Ahmedabad,Gujarat,West,2025-07-22
9447,Sanya Wali,Male,20,Premium,Jaipur,Rajasthan,North,2023-09-18
9448,Krisha Hari,Female,60,Regular,Bhubaneswar,Odisha,East,2025-08-05
9449,Lipika Narayanan,Female,43,New,Kolkata,West Bengal,East,2025-09-08
9450,Vivaan Mital,Female,42,New,Bengaluru,Karnataka,South,2022-09-30
9451,Aradhana Rege,Female,56,Regular,Bhubaneswar,Odisha,East,2025-08-16
9452,Varsha Divan,Female,24,Regular,Coimbatore,Tamil Nadu,South,2026-05-29
9453,Onkar Thakkar,Female,34,New,Surat,Gujarat,West,2022-04-26
9454,Hemani Acharya,Female,54,New,Lucknow,Uttar Pradesh,North,2022-02-09
9455,Bina Jhaveri,Female,46,Premium,Guwahati,Assam,East,2022-06-11
9456,Yash Mani,Male,23,New,Guwahati,Assam,East,2024-04-13
9457,Ekantika Gala,Female,47,Regular,Lucknow,Uttar Pradesh,North,2026-06-22
9458,Abhiram Nagarajan,Female,23,Premium,Kochi,Kerala,South,2022-02-10
9459,Zayyan Solanki,Male,59,Regular,Indore,Madhya Pradesh,West,2026-01-29
9460,Avi Sridhar,Female,31,New,Indore,Madhya Pradesh,West,2022-03-10
9461,Nihal Borra,Male,22,Regular,Surat,Gujarat,West,2025-11-10
9462,Shravya Keer,Male,25,New,Hyderabad,Telangana,South,2022-11-19
9463,Krishna Babu,Female,61,Regular,Ahmedabad,Gujarat,West,2026-06-03
9464,Ishwar Chander,Male,46,Regular,Hyderabad,Telangana,South,2024-05-25
9465,Vedhika Kata,Female,18,Regular,Jaipur,Rajasthan,North,2023-09-25
9466,Samarth Sastry,Female,58,Premium,Kolkata,West Bengal,East,2023-06-25
9467,Shravya Mistry,Female,22,Premium,Kochi,Kerala,South,2024-10-06
9468,Janaki Sethi,Female,55,Premium,Ahmedabad,Gujarat,West,2024-01-25
9469,Zehaan Lala,Male,21,Regular,Kochi,Kerala,South,2022-02-12
9470,Dhruv Saran,Female,31,Regular,Chennai,Tamil Nadu,South,2022-11-09
9471,Pratyush Nori,Male,27,Regular,Ranchi,Jharkhand,East,2022-10-02
9472,Vansha Subramanian,Female,29,Regular,Ranchi,Jharkhand,East,2023-12-06
9473,Nakul Buch,Male,18,Premium,Chandigarh,Chandigarh,North,2022-12-04
9474,Yutika Shah,Female,47,New,Amritsar,Punjab,North,2022-03-30
9475,Elijah Bumb,Male,41,Premium,Guwahati,Assam,East,2023-10-04
9476,Gaurangi Prakash,Female,29,Regular,Chennai,Tamil Nadu,South,2026-03-06
9477,Jonathan Grover,Female,19,Premium,Ranchi,Jharkhand,East,2024-01-01
9478,Ayush Bhasin,Male,39,Premium,Amritsar,Punjab,North,2025-08-10
9479,Ekaja Mangat,Male,44,New,Indore,Madhya Pradesh,West,2023-02-26
9480,Raksha Karpe,Male,30,New,Chandigarh,Chandigarh,North,2023-04-16
9481,Bhavani Bali,Male,58,New,Kolkata,West Bengal,East,2023-06-08
9482,Udarsh Malhotra,Male,26,New,Ahmedabad,Gujarat,West,2023-02-24
9483,Bina Rege,Female,57,Regular,Ranchi,Jharkhand,East,2023-01-19
9484,Harshil Desai,Male,65,Regular,Surat,Gujarat,West,2022-03-01
9485,Yatin Bhakta,Female,20,Premium,Mumbai,Maharashtra,West,2022-06-24
9486,Gayathri Khalsa,Female,42,Regular,Lucknow,Uttar Pradesh,North,2025-05-30
9487,Jyoti Sodhi,Male,33,New,Jaipur,Rajasthan,North,2022-07-19
9488,Meghana Dugar,Male,35,New,Mumbai,Maharashtra,West,2023-02-08
9489,Netra Acharya,Female,36,New,Lucknow,Uttar Pradesh,North,2024-01-21
9490,Eshana Singhal,Female,23,Regular,Kochi,Kerala,South,2024-02-29
9491,Vamakshi Gupta,Female,45,Regular,Pune,Maharashtra,West,2024-01-22
9492,Yug Batta,Female,48,New,Bengaluru,Karnataka,South,2023-11-11
9493,Tamanna Kanda,Male,65,New,Ahmedabad,Gujarat,West,2024-06-23
9494,Rajeshri Rajan,Female,50,New,Patna,Bihar,East,2024-06-10
9495,Wishi Thakur,Male,51,Regular,Surat,Gujarat,West,2023-08-06
9496,Advay Bhakta,Female,37,Regular,Hyderabad,Telangana,South,2025-08-03
9497,Arunima Patla,Male,49,Regular,Jaipur,Rajasthan,North,2024-12-19
9498,Logan Ratta,Male,34,Regular,Bhubaneswar,Odisha,East,2024-11-05
9499,Finn Badal,Female,29,Premium,Amritsar,Punjab,North,2022-04-27
9500,Qabil Divan,Female,61,New,Pune,Maharashtra,West,2026-03-08
9501,Saumya Varughese,Male,26,Regular,Bengaluru,Karnataka,South,2023-07-24
9502,Libni Khanna,Male,25,Regular,Chennai,Tamil Nadu,South,2022-04-30
9503,Farhan Panchal,Male,18,Regular,Guwahati,Assam,East,2021-08-12
9504,Ekansh Shanker,Male,26,Premium,Mumbai,Maharashtra,West,2023-08-31
9505,Riya Gala,Female,50,Regular,Jaipur,Rajasthan,North,2023-09-30
9506,Gautam Sharma,Female,47,Regular,Patna,Bihar,East,2022-12-04
9507,Abhimanyu Talwar,Female,60,New,Mumbai,Maharashtra,West,2024-11-21
9508,Sai Agate,Female,59,Regular,Kolkata,West Bengal,East,2023-03-08
9509,Hamsini Sood,Male,36,New,Surat,Gujarat,West,2023-05-12
9510,Kamala Bandi,Male,54,New,Ranchi,Jharkhand,East,2022-03-31
9511,Ikshita Butala,Female,61,Regular,Delhi,Delhi,North,2025-05-20
9512,Nilima Sagar,Female,59,Regular,Patna,Bihar,East,2025-07-11
9513,Kabir Warrior,Female,43,New,Surat,Gujarat,West,2023-10-12
9514,Xavier Sengupta,Female,42,Regular,Ranchi,Jharkhand,East,2022-01-26
9515,Veda Verma,Female,43,Regular,Ahmedabad,Gujarat,West,2025-06-11
9516,Shivani Dugal,Female,26,New,Amritsar,Punjab,North,2026-03-22
9517,Dayita Chad,Female,59,Regular,Amritsar,Punjab,North,2022-02-03
9518,Varenya Khurana,Female,37,Regular,Coimbatore,Tamil Nadu,South,2022-08-25
9519,Rehaan Banik,Male,22,Regular,Patna,Bihar,East,2021-07-19
9520,Tanveer Bandi,Male,36,Regular,Ahmedabad,Gujarat,West,2025-09-06
9521,Yachana Jayaraman,Male,55,New,Indore,Madhya Pradesh,West,2023-07-30
9522,Zaitra Dasgupta,Female,41,Regular,Pune,Maharashtra,West,2026-06-05
9523,Rushil Wason,Male,28,Premium,Patna,Bihar,East,2023-08-27
9524,Odika Batra,Male,61,Regular,Lucknow,Uttar Pradesh,North,2023-07-06
9525,Vasana Prabhu,Female,56,New,Kolkata,West Bengal,East,2026-03-17
9526,Ishani Sen,Female,61,Regular,Coimbatore,Tamil Nadu,South,2026-07-08
9527,Bina Chaudhry,Female,61,Premium,Coimbatore,Tamil Nadu,South,2025-06-17
9528,Riya Srivastava,Male,42,New,Kolkata,West Bengal,East,2025-08-04
9529,Irya Arora,Female,44,Premium,Pune,Maharashtra,West,2026-01-14
9530,Falguni Walia,Male,33,Premium,Pune,Maharashtra,West,2023-01-02
9531,Atharv Zachariah,Female,33,New,Bengaluru,Karnataka,South,2024-10-16
9532,Sara Dora,Male,52,Premium,Chandigarh,Chandigarh,North,2026-02-05
9533,Yahvi Manne,Male,33,Regular,Coimbatore,Tamil Nadu,South,2022-08-04
9534,Manthan Batra,Male,25,Regular,Delhi,Delhi,North,2025-04-26
9535,Bhavya Comar,Female,40,Regular,Kolkata,West Bengal,East,2024-03-02
9536,Frederick Pingle,Female,39,Regular,Guwahati,Assam,East,2021-08-13
9537,Chavvi Konda,Female,26,Regular,Ahmedabad,Gujarat,West,2021-10-31
9538,Akshay Virk,Male,54,Regular,Patna,Bihar,East,2022-02-13
9539,Ishwar Chadha,Female,22,New,Mumbai,Maharashtra,West,2024-11-22
9540,Lavanya Sarkar,Female,56,Regular,Bhubaneswar,Odisha,East,2023-04-03
9541,Anay Majumdar,Female,47,New,Ahmedabad,Gujarat,West,2021-12-25
9542,Chakradev Basak,Male,46,New,Hyderabad,Telangana,South,2023-09-27
9543,Gautami Mitra,Female,63,New,Coimbatore,Tamil Nadu,South,2021-09-28
9544,Kalpit Sridhar,Female,40,Regular,Chandigarh,Chandigarh,North,2021-09-14
9545,Leena Mukherjee,Female,33,New,Surat,Gujarat,West,2021-08-26
9546,Wyatt Natarajan,Female,63,New,Coimbatore,Tamil Nadu,South,2024-07-27
9547,Yashawini Baria,Male,47,New,Ahmedabad,Gujarat,West,2023-09-21
9548,Meera Kakar,Female,20,New,Hyderabad,Telangana,South,2026-02-20
9549,Brinda Sur,Male,65,Regular,Amritsar,Punjab,North,2024-05-07
9550,Daksha Patil,Female,45,Premium,Pune,Maharashtra,West,2022-03-27
9551,Vedhika Barad,Female,63,New,Ranchi,Jharkhand,East,2023-03-01
9552,Warinder Palla,Male,43,Premium,Coimbatore,Tamil Nadu,South,2024-02-27
9553,Qarin Lad,Female,51,Regular,Bhubaneswar,Odisha,East,2021-11-10
9554,Neelima Kota,Female,55,Regular,Kolkata,West Bengal,East,2022-11-24
9555,Banjeet Banerjee,Female,48,Regular,Pune,Maharashtra,West,2024-11-22
9556,Andrew Mahajan,Male,26,Regular,Delhi,Delhi,North,2022-11-01
9557,Warhi Gandhi,Male,61,New,Mumbai,Maharashtra,West,2025-01-16
9558,Charvi Anne,Male,30,Regular,Bhubaneswar,Odisha,East,2025-09-30
9559,Imaran Sarma,Male,26,Regular,Pune,Maharashtra,West,2024-12-21
9560,Shivansh Borah,Male,54,Regular,Jaipur,Rajasthan,North,2021-10-16
9561,Yachana D’Alia,Female,64,Regular,Jaipur,Rajasthan,North,2024-01-10
9562,Harshil Kapoor,Female,64,New,Pune,Maharashtra,West,2025-12-22
9563,Chaitaly Raghavan,Male,27,Regular,Ranchi,Jharkhand,East,2026-01-02
9564,Gopal Patla,Female,39,Regular,Delhi,Delhi,North,2024-07-20
9565,Zayyan Nanda,Male,58,Regular,Surat,Gujarat,West,2021-10-22
9566,Lekha Dube,Male,61,New,Coimbatore,Tamil Nadu,South,2022-11-04
9567,Isaac Dubey,Male,36,Regular,Kolkata,West Bengal,East,2023-05-21
9568,Oviya Chokshi,Female,26,Premium,Chennai,Tamil Nadu,South,2025-11-13
9569,Xiti Sethi,Male,35,Regular,Bhubaneswar,Odisha,East,2022-03-04
9570,Isha Tara,Male,59,Regular,Chandigarh,Chandigarh,North,2023-07-06
9571,Vrinda Mammen,Female,56,Regular,Ahmedabad,Gujarat,West,2025-06-30
9572,Yashasvi Seth,Female,28,New,Kolkata,West Bengal,East,2023-05-10
9573,Thomas Chakraborty,Female,51,New,Chandigarh,Chandigarh,North,2022-02-18
9574,Girindra Samra,Female,21,New,Bhubaneswar,Odisha,East,2025-04-30
9575,Orinder Raja,Female,18,Regular,Ahmedabad,Gujarat,West,2021-09-20
9576,Alka Krishnan,Male,50,New,Chennai,Tamil Nadu,South,2026-03-24
9577,Gaurangi Bansal,Female,19,Regular,Amritsar,Punjab,North,2023-10-11
9578,Henry Pingle,Female,18,Regular,Hyderabad,Telangana,South,2025-10-11
9579,Bhanumati Pai,Male,19,New,Bhubaneswar,Odisha,East,2022-06-18
9580,Oeshi Mangal,Female,24,New,Lucknow,Uttar Pradesh,North,2024-12-12
9581,Aarini Chadha,Female,62,New,Chennai,Tamil Nadu,South,2025-03-06
9582,Theodore Sheth,Female,48,Regular,Chennai,Tamil Nadu,South,2024-11-01
9583,Yashawini Sundaram,Female,40,New,Kochi,Kerala,South,2024-04-28
9584,Ansh Gulati,Female,43,New,Patna,Bihar,East,2025-09-05
9585,Sachi Koshy,Male,46,Premium,Lucknow,Uttar Pradesh,North,2025-08-03
9586,Nitesh Muni,Male,39,Regular,Ranchi,Jharkhand,East,2024-07-04
9587,Omaja Agate,Male,36,New,Patna,Bihar,East,2026-01-12
9588,Baghyawati Dara,Male,42,Regular,Mumbai,Maharashtra,West,2025-01-23
9589,Anamika Aggarwal,Male,39,Regular,Surat,Gujarat,West,2023-02-03
9590,Jatin Gupta,Male,54,Regular,Coimbatore,Tamil Nadu,South,2025-07-09
9591,Mohammed Nanda,Female,29,Regular,Coimbatore,Tamil Nadu,South,2023-04-19
9592,Gabriel Hora,Male,22,New,Mumbai,Maharashtra,West,2023-04-21
9593,Michael Chakrabarti,Male,31,Regular,Kolkata,West Bengal,East,2022-04-02
9594,Jason Parsa,Male,54,Regular,Bhubaneswar,Odisha,East,2022-07-29
9595,Indira Mahajan,Male,48,New,Lucknow,Uttar Pradesh,North,2023-04-05
9596,Lohit Srivastava,Male,36,Regular,Guwahati,Assam,East,2026-03-09
9597,Neelima Thakur,Male,31,Regular,Surat,Gujarat,West,2023-03-26
9598,Orinder Arya,Male,32,New,Chandigarh,Chandigarh,North,2024-09-23
9599,Ekbal Dora,Male,27,New,Mumbai,Maharashtra,West,2023-09-24
9600,Damyanti Bali,Male,54,Regular,Ahmedabad,Gujarat,West,2023-06-29
9601,Siddharth Suresh,Female,60,New,Patna,Bihar,East,2024-12-30
9602,Yuvraj Doshi,Male,23,Regular,Jaipur,Rajasthan,North,2024-03-08
9603,Siya Kota,Male,29,New,Lucknow,Uttar Pradesh,North,2023-07-28
9604,Jeremiah Sen,Female,56,New,Lucknow,Uttar Pradesh,North,2022-10-03
9605,Reva Manne,Male,63,Regular,Delhi,Delhi,North,2023-10-09
9606,Yashawini Trivedi,Male,43,Regular,Patna,Bihar,East,2023-09-16
9607,Lekha Yogi,Female,35,Regular,Bhubaneswar,Odisha,East,2025-11-02
9608,Chaitaly Dora,Male,28,Regular,Patna,Bihar,East,2026-05-21
9609,Amrita Hari,Male,34,New,Indore,Madhya Pradesh,West,2026-06-01
9610,Omisha Suresh,Male,58,Regular,Chennai,Tamil Nadu,South,2025-06-22
9611,Naksh Rau,Male,28,Regular,Lucknow,Uttar Pradesh,North,2023-04-09
9612,Aayush Narayanan,Male,38,New,Surat,Gujarat,West,2023-08-01
9613,Reva Thaker,Male,58,Premium,Kochi,Kerala,South,2022-09-08
9614,Azad Halder,Female,60,New,Indore,Madhya Pradesh,West,2022-08-01
9615,Samuel Chhabra,Male,56,Premium,Mumbai,Maharashtra,West,2021-11-30
9616,Harita Kohli,Female,31,Premium,Chennai,Tamil Nadu,South,2023-12-15
9617,Timothy Gulati,Male,55,Regular,Delhi,Delhi,North,2023-01-18
9618,Gopal Vala,Female,31,Premium,Delhi,Delhi,North,2022-07-14
9619,Neha Mammen,Female,59,Regular,Hyderabad,Telangana,South,2021-08-12
9620,Nakul Krish,Female,36,New,Surat,Gujarat,West,2024-03-28
9621,Jagdish Kapadia,Female,25,Regular,Ahmedabad,Gujarat,West,2023-08-27
9622,Rishi Bora,Female,47,New,Pune,Maharashtra,West,2024-01-15
9623,Wridesh Sule,Female,35,Regular,Chandigarh,Chandigarh,North,2022-02-01
9624,Jagvi Sundaram,Male,29,Regular,Pune,Maharashtra,West,2024-04-04
9625,Eesha Chad,Female,59,Regular,Ranchi,Jharkhand,East,2022-10-07
9626,Pooja Arora,Female,22,New,Indore,Madhya Pradesh,West,2021-08-23
9627,Warinder Rai,Female,65,Regular,Patna,Bihar,East,2024-01-14
9628,Mekhala Barad,Male,47,Premium,Hyderabad,Telangana,South,2023-04-21
9629,Owen Dhar,Male,38,New,Ranchi,Jharkhand,East,2026-04-16
9630,Karan Dhillon,Female,24,Regular,Amritsar,Punjab,North,2023-02-03
9631,Henry Dhingra,Female,40,New,Surat,Gujarat,West,2026-03-15
9632,Hardik Konda,Female,38,Regular,Guwahati,Assam,East,2025-11-18
9633,Jeremiah Bhattacharyya,Male,58,New,Mumbai,Maharashtra,West,2023-03-23
9634,Bachittar Brahmbhatt,Female,65,Regular,Chennai,Tamil Nadu,South,2021-11-02
9635,Watika Badami,Male,54,New,Bhubaneswar,Odisha,East,2023-02-25
9636,Baljiwan Sridhar,Female,58,New,Ahmedabad,Gujarat,West,2023-07-06
9637,Pahal Wali,Male,54,Premium,Bengaluru,Karnataka,South,2024-09-30
9638,Chandran Walla,Male,38,New,Chennai,Tamil Nadu,South,2023-07-07
9639,Mahika Gade,Female,40,Regular,Jaipur,Rajasthan,North,2022-08-10
9640,Saanvi Kara,Female,64,New,Indore,Madhya Pradesh,West,2022-02-07
9641,Chatura Vora,Male,32,Regular,Kochi,Kerala,South,2023-11-22
9642,Fitan Mand,Female,20,Regular,Surat,Gujarat,West,2024-12-19
9643,Robert Anne,Female,27,New,Kolkata,West Bengal,East,2025-04-23
9644,Atharv Ben,Male,21,New,Ahmedabad,Gujarat,West,2024-07-20
9645,Peter Rao,Female,20,Regular,Coimbatore,Tamil Nadu,South,2023-03-30
9646,Abhimanyu Goel,Female,27,Regular,Chandigarh,Chandigarh,North,2025-07-08
9647,Waida Mangal,Male,25,Regular,Coimbatore,Tamil Nadu,South,2026-06-18
9648,Saumya Virk,Male,41,Regular,Amritsar,Punjab,North,2024-02-08
9649,Dev Kashyap,Male,56,Regular,Hyderabad,Telangana,South,2025-02-12
9650,Jacob Narayanan,Female,20,New,Chennai,Tamil Nadu,South,2022-05-18
9651,Sarthak Ghose,Female,26,New,Jaipur,Rajasthan,North,2026-03-27
9652,Owen Narang,Female,45,New,Kolkata,West Bengal,East,2022-03-18
9653,Chaman Kothari,Male,52,New,Bhubaneswar,Odisha,East,2022-10-25
9654,Vrishti Pillai,Male,60,New,Indore,Madhya Pradesh,West,2024-04-16
9655,Yashawini Yadav,Female,47,Regular,Ranchi,Jharkhand,East,2022-12-29
9656,Jalsa Loyal,Female,50,Regular,Delhi,Delhi,North,2023-07-19
9657,Dakshesh Soman,Female,43,Premium,Hyderabad,Telangana,South,2023-10-23
9658,Anamika Sangha,Female,56,New,Surat,Gujarat,West,2025-08-10
9659,Wyatt Sridhar,Male,45,Regular,Guwahati,Assam,East,2022-08-14
9660,Jasmit Badal,Female,31,Regular,Amritsar,Punjab,North,2025-09-30
9661,Yagnesh Zacharia,Male,61,Regular,Indore,Madhya Pradesh,West,2022-12-08
9662,Agastya Tata,Female,39,New,Kolkata,West Bengal,East,2024-01-01
9663,Chatura Guha,Female,28,New,Hyderabad,Telangana,South,2025-04-11
9664,Girish Brahmbhatt,Female,42,New,Pune,Maharashtra,West,2022-02-11
9665,Xiti Agate,Male,38,New,Chennai,Tamil Nadu,South,2025-07-03
9666,Warjas Choudhary,Female,33,Regular,Pune,Maharashtra,West,2022-12-13
9667,Osha Salvi,Male,48,New,Ranchi,Jharkhand,East,2025-07-26
9668,Chanakya Chacko,Female,29,New,Jaipur,Rajasthan,North,2022-11-10
9669,Gautam Iyengar,Female,58,Regular,Chennai,Tamil Nadu,South,2023-02-05
9670,Eta Grewal,Female,43,Regular,Ranchi,Jharkhand,East,2026-06-25
9671,Ojas Ghosh,Female,24,Regular,Delhi,Delhi,North,2021-07-28
9672,Chatura Johal,Female,23,Regular,Guwahati,Assam,East,2025-08-01
9673,Anya De,Female,28,Regular,Lucknow,Uttar Pradesh,North,2021-12-03
9674,Utkarsh Kashyap,Female,57,New,Indore,Madhya Pradesh,West,2025-05-04
9675,Brinda Ben,Female,56,Regular,Hyderabad,Telangana,South,2022-02-13
9676,Ranveer Cheema,Male,61,Regular,Kolkata,West Bengal,East,2026-01-21
9677,Frederick Sen,Female,57,Premium,Kolkata,West Bengal,East,2021-07-29
9678,Edhitha Shroff,Male,32,New,Ranchi,Jharkhand,East,2022-02-21
9679,Chakradhar Natt,Male,53,Regular,Patna,Bihar,East,2026-02-22
9680,Ayush Borah,Male,52,New,Chennai,Tamil Nadu,South,2025-05-07
9681,Abdul Natarajan,Male,25,Regular,Coimbatore,Tamil Nadu,South,2024-07-11
9682,Viraj Parmar,Male,35,New,Indore,Madhya Pradesh,West,2023-08-08
9683,Upkaar Patla,Male,26,New,Surat,Gujarat,West,2022-04-28
9684,Urmi Sankaran,Female,56,Regular,Kochi,Kerala,South,2024-07-11
9685,Aishani Choudhary,Male,23,Regular,Coimbatore,Tamil Nadu,South,2022-09-23
9686,Mason Grewal,Male,22,Regular,Chennai,Tamil Nadu,South,2022-09-26
9687,Varenya Chaudhari,Male,50,New,Pune,Maharashtra,West,2025-07-27
9688,Eta Sampath,Male,18,New,Bhubaneswar,Odisha,East,2021-10-22
9689,Oliver Hans,Male,41,Regular,Chennai,Tamil Nadu,South,2021-08-23
9690,Ria Sawhney,Male,30,Regular,Chennai,Tamil Nadu,South,2023-05-15
9691,Caleb Pillai,Male,61,Premium,Kochi,Kerala,South,2022-12-22
9692,Geetika Handa,Male,55,Regular,Jaipur,Rajasthan,North,2023-11-22
9693,Wakeeta Pall,Male,49,Regular,Bengaluru,Karnataka,South,2022-04-17
9694,Diya Vyas,Male,25,Regular,Chandigarh,Chandigarh,North,2022-05-09
9695,Nandini Krish,Male,20,Regular,Surat,Gujarat,West,2023-11-10
9696,Edhitha Comar,Female,56,Regular,Chandigarh,Chandigarh,North,2022-01-11
9697,Nicholas Lall,Male,60,New,Chandigarh,Chandigarh,North,2022-01-02
9698,Xiti Muni,Female,43,Regular,Surat,Gujarat,West,2022-02-11
9699,Omaja Sarraf,Male,62,Regular,Delhi,Delhi,North,2026-07-05
9700,Sachi Borde,Male,47,Regular,Amritsar,Punjab,North,2022-08-15
9701,Aishani Chanda,Male,29,Regular,Ahmedabad,Gujarat,West,2026-02-25
9702,Nimrat Ratti,Male,34,New,Patna,Bihar,East,2024-05-27
9703,Eesha Bera,Female,25,Regular,Coimbatore,Tamil Nadu,South,2024-07-09
9704,Abdul Handa,Female,36,Regular,Kolkata,West Bengal,East,2024-04-01
9705,Gautam Tailor,Female,57,New,Ahmedabad,Gujarat,West,2022-10-22
9706,Triya Balakrishnan,Female,58,New,Delhi,Delhi,North,2023-07-21
9707,Balhaar Comar,Female,18,New,Amritsar,Punjab,North,2023-06-21
9708,Siya Kala,Male,52,Regular,Kochi,Kerala,South,2022-01-20
9709,Gagan Sha,Female,21,Regular,Bengaluru,Karnataka,South,2024-03-13
9710,Eesha Singhal,Male,60,Regular,Amritsar,Punjab,North,2022-05-07
9711,Pahal Lad,Male,36,New,Amritsar,Punjab,North,2024-06-21
9712,Devansh Nadig,Male,28,Premium,Chandigarh,Chandigarh,North,2021-08-06
9713,Mohini Bhandari,Male,19,New,Lucknow,Uttar Pradesh,North,2022-12-28
9714,Manthan Mannan,Male,29,New,Guwahati,Assam,East,2025-01-31
9715,Ati Jha,Male,26,Regular,Kolkata,West Bengal,East,2021-11-29
9716,Chavvi Boase,Female,42,Regular,Bhubaneswar,Odisha,East,2022-11-22
9717,Urvashi Nadig,Male,59,New,Hyderabad,Telangana,South,2025-09-19
9718,Rajata Dhawan,Male,32,New,Chandigarh,Chandigarh,North,2025-12-04
9719,Jonathan Karnik,Female,47,New,Delhi,Delhi,North,2022-11-28
9720,Pavani Memon,Male,51,Regular,Patna,Bihar,East,2026-04-19
9721,Fariq Sami,Female,49,Regular,Chennai,Tamil Nadu,South,2022-03-02
9722,Mugdha Bhakta,Male,43,Regular,Delhi,Delhi,North,2026-02-20
9723,Guneet Nigam,Male,25,Regular,Indore,Madhya Pradesh,West,2022-08-28
9724,Arya Sami,Female,65,Regular,Surat,Gujarat,West,2024-08-08
9725,Dhruv Tandon,Male,29,New,Coimbatore,Tamil Nadu,South,2023-06-29
9726,Ekta Guha,Female,30,Premium,Kolkata,West Bengal,East,2022-12-20
9727,Guneet Sant,Male,45,Regular,Ahmedabad,Gujarat,West,2025-05-05
9728,Divya Andra,Male,28,New,Pune,Maharashtra,West,2025-04-19
9729,Bhavna Chauhan,Female,23,New,Bengaluru,Karnataka,South,2023-09-08
9730,Vamakshi Chawla,Male,59,New,Ahmedabad,Gujarat,West,2022-01-06
9731,Pavani Khurana,Male,41,New,Jaipur,Rajasthan,North,2026-03-12
9732,Watika Bath,Female,22,Regular,Bengaluru,Karnataka,South,2024-09-13
9733,Ekani Sethi,Male,46,Regular,Jaipur,Rajasthan,North,2024-09-24
9734,Isaac Vyas,Male,51,Regular,Patna,Bihar,East,2025-04-11
9735,Anusha Chhabra,Female,28,Regular,Guwahati,Assam,East,2022-09-03
9736,Arunima Mander,Female,46,Regular,Ranchi,Jharkhand,East,2025-01-05
9737,Wridesh Khanna,Female,50,Regular,Chandigarh,Chandigarh,North,2023-12-24
9738,Kamya Singh,Female,57,New,Ranchi,Jharkhand,East,2022-11-15
9739,Bakhshi Chandra,Male,53,New,Mumbai,Maharashtra,West,2022-10-12
9740,Nachiket Patil,Female,43,Regular,Bengaluru,Karnataka,South,2024-11-10
9741,Veda Nagarajan,Male,39,New,Patna,Bihar,East,2025-09-20
9742,Tanish Som,Female,63,New,Hyderabad,Telangana,South,2021-10-12
9743,Zarna Narang,Female,28,Premium,Delhi,Delhi,North,2021-08-17
9744,Amruta Badami,Female,59,Regular,Pune,Maharashtra,West,2024-08-23
9745,Omkaar Bail,Male,53,New,Pune,Maharashtra,West,2025-03-23
9746,Bachittar Palla,Male,25,Regular,Coimbatore,Tamil Nadu,South,2023-03-05
9747,Yadavi Bir,Male,41,Regular,Chennai,Tamil Nadu,South,2023-12-14
9748,Michael Ramakrishnan,Male,22,New,Delhi,Delhi,North,2024-03-10
9749,Mekhala Jha,Male,45,New,Hyderabad,Telangana,South,2023-07-12
9750,Bhavna Bose,Male,22,Premium,Kochi,Kerala,South,2025-03-29
9751,Gautam Pal,Male,29,New,Jaipur,Rajasthan,North,2023-09-01
9752,Lakshmi Goel,Female,38,New,Kolkata,West Bengal,East,2025-11-05
9753,Yashvi Walia,Female,58,Regular,Delhi,Delhi,North,2025-03-27
9754,Meera Thakkar,Male,64,Regular,Ranchi,Jharkhand,East,2026-07-10
9755,Jason Doctor,Male,60,New,Lucknow,Uttar Pradesh,North,2025-07-13
9756,Triveni Natarajan,Female,46,New,Ahmedabad,Gujarat,West,2026-05-03
9757,Naveen Kadakia,Female,30,New,Indore,Madhya Pradesh,West,2024-07-20
9758,Qasim Narayan,Female,21,Premium,Chandigarh,Chandigarh,North,2022-09-29
9759,Laksh Pal,Male,37,New,Indore,Madhya Pradesh,West,2023-06-27
9760,Zilmil Padmanabhan,Male,33,Regular,Guwahati,Assam,East,2021-07-19
9761,Jatin Samra,Male,25,Premium,Amritsar,Punjab,North,2026-04-02
9762,Jack Lal,Female,62,New,Jaipur,Rajasthan,North,2022-05-30
9763,Owen Taneja,Female,47,Premium,Surat,Gujarat,West,2021-12-29
9764,Ranbir Dhawan,Male,55,Premium,Surat,Gujarat,West,2024-10-19
9765,Viraj Suri,Female,54,Premium,Bhubaneswar,Odisha,East,2022-07-18
9766,Harrison More,Male,48,New,Mumbai,Maharashtra,West,2025-11-07
9767,Zayyan Goyal,Male,24,Regular,Amritsar,Punjab,North,2025-02-23
9768,Vasana Lal,Female,39,Regular,Surat,Gujarat,West,2021-09-16
9769,Dominic Mani,Female,20,Premium,Lucknow,Uttar Pradesh,North,2022-02-04
9770,Forum Deshpande,Male,53,New,Chennai,Tamil Nadu,South,2022-04-03
9771,Upkaar Agate,Female,32,Regular,Jaipur,Rajasthan,North,2024-11-07
9772,Jagrati Swamy,Male,46,New,Ranchi,Jharkhand,East,2025-11-08
9773,Megha Merchant,Female,30,New,Pune,Maharashtra,West,2024-01-04
9774,Vrinda Kade,Female,58,Regular,Bengaluru,Karnataka,South,2024-11-22
9775,Sudiksha Dixit,Female,51,Regular,Coimbatore,Tamil Nadu,South,2023-11-03
9776,Pahal Bora,Female,63,Regular,Pune,Maharashtra,West,2022-08-25
9777,Frederick Khatri,Female,28,Regular,Pune,Maharashtra,West,2022-03-05
9778,Ethan Khatri,Female,62,Premium,Chennai,Tamil Nadu,South,2023-02-20
9779,Hredhaan Balan,Male,62,Regular,Mumbai,Maharashtra,West,2024-10-24
9780,Kashish Basu,Male,54,Regular,Kolkata,West Bengal,East,2023-11-30
9781,Nidhi Mallick,Male,63,Regular,Surat,Gujarat,West,2022-06-05
9782,Hemang Garde,Female,52,Regular,Ranchi,Jharkhand,East,2026-04-24
9783,Pratyush Kari,Male,61,Regular,Patna,Bihar,East,2022-08-04
9784,Veda Krish,Male,38,Premium,Pune,Maharashtra,West,2025-10-26
9785,Urvi Bhargava,Male,63,Regular,Ahmedabad,Gujarat,West,2024-02-26
9786,Sarthak Cheema,Male,53,Regular,Coimbatore,Tamil Nadu,South,2026-03-30
9787,Ira Sarraf,Female,28,New,Surat,Gujarat,West,2022-10-12
9788,Varsha Gara,Male,39,New,Kochi,Kerala,South,2026-05-01
9789,Panini Grewal,Female,18,Regular,Chennai,Tamil Nadu,South,2022-02-26
9790,Zaitra Ahuja,Male,24,New,Pune,Maharashtra,West,2022-03-28
9791,Sanya Bir,Male,33,New,Surat,Gujarat,West,2024-08-15
9792,Falan Sen,Male,34,Regular,Kolkata,West Bengal,East,2023-05-26
9793,Anamika Koshy,Female,43,New,Bengaluru,Karnataka,South,2025-10-01
9794,Sachi Mall,Female,29,New,Hyderabad,Telangana,South,2024-03-28
9795,Vihaan Dasgupta,Female,28,Regular,Pune,Maharashtra,West,2026-06-17
9796,Sanaya Bhat,Male,30,Regular,Pune,Maharashtra,West,2022-01-05
9797,Meghana Gara,Male,36,Premium,Ranchi,Jharkhand,East,2024-11-22
9798,Dhriti Morar,Female,41,Regular,Patna,Bihar,East,2023-01-25
9799,Alexander Aurora,Male,35,Regular,Jaipur,Rajasthan,North,2021-09-09
9800,Ishani Nagy,Male,22,Premium,Bhubaneswar,Odisha,East,2023-02-21
9801,Samarth Lalla,Female,34,Regular,Lucknow,Uttar Pradesh,North,2024-10-14
9802,Jeet Vaidya,Female,48,New,Patna,Bihar,East,2024-04-18
9803,Vincent Varughese,Male,58,New,Bhubaneswar,Odisha,East,2021-09-03
9804,Laban Warrior,Female,42,Regular,Bhubaneswar,Odisha,East,2026-07-02
9805,Noah Oak,Male,41,Regular,Coimbatore,Tamil Nadu,South,2022-12-09
9806,Theodore Shetty,Male,25,Regular,Chandigarh,Chandigarh,North,2024-02-11
9807,Pooja Menon,Female,59,Regular,Ahmedabad,Gujarat,West,2021-11-20
9808,Tarak Bandi,Female,36,Regular,Hyderabad,Telangana,South,2022-01-14
9809,Lakshmi Roy,Female,29,Premium,Coimbatore,Tamil Nadu,South,2023-10-08
9810,Darsh Ratti,Male,38,Regular,Ranchi,Jharkhand,East,2023-08-14
9811,Gautam Chaudhry,Female,41,New,Coimbatore,Tamil Nadu,South,2022-08-08
9812,Raagini Chander,Male,18,Regular,Jaipur,Rajasthan,North,2024-05-27
9813,Geetika Kannan,Female,25,New,Lucknow,Uttar Pradesh,North,2026-07-13
9814,Vrishti Jha,Male,51,Regular,Patna,Bihar,East,2021-08-30
9815,Aadhya Bhandari,Female,54,Premium,Hyderabad,Telangana,South,2025-03-03
9816,Faras Shukla,Male,39,Regular,Chennai,Tamil Nadu,South,2022-09-08
9817,Vedika Kakar,Male,34,Regular,Indore,Madhya Pradesh,West,2021-07-30
9818,Laksh Behl,Male,19,Regular,Bhubaneswar,Odisha,East,2021-09-03
9819,Kamala Varughese,Female,43,Regular,Chandigarh,Chandigarh,North,2026-01-07
9820,Maanas Char,Female,52,Regular,Bhubaneswar,Odisha,East,2022-03-08
9821,Saumya Misra,Female,31,Regular,Pune,Maharashtra,West,2023-06-29
9822,Anamika Sridhar,Female,58,Regular,Delhi,Delhi,North,2022-03-03
9823,Ekani Bhat,Female,44,Regular,Mumbai,Maharashtra,West,2022-10-03
9824,Krish Bajwa,Male,42,New,Mumbai,Maharashtra,West,2025-05-17
9825,Leena Sastry,Female,37,Regular,Pune,Maharashtra,West,2023-03-19
9826,Kai Bajwa,Male,51,Regular,Chandigarh,Chandigarh,North,2024-08-28
9827,Bakhshi Pai,Male,42,Regular,Indore,Madhya Pradesh,West,2025-08-10
9828,Vivaan Murthy,Female,22,Regular,Kolkata,West Bengal,East,2023-12-02
9829,Advay Yogi,Male,40,Regular,Ranchi,Jharkhand,East,2025-01-05
9830,Adya Mall,Male,28,Regular,Delhi,Delhi,North,2022-01-11
9831,Sanya Yohannan,Male,64,Regular,Kolkata,West Bengal,East,2023-02-22
9832,Adya Menon,Female,20,Premium,Bengaluru,Karnataka,South,2025-06-08
9833,Divya Lad,Male,29,New,Jaipur,Rajasthan,North,2026-07-08
9834,Frado Pingle,Female,50,Premium,Pune,Maharashtra,West,2021-10-24
9835,Oni Sule,Male,29,New,Chennai,Tamil Nadu,South,2026-02-25
9836,Aditya Ghosh,Female,23,New,Amritsar,Punjab,North,2025-07-11
9837,Wishi Mutti,Female,27,Premium,Guwahati,Assam,East,2021-10-11
9838,Balendra Bajwa,Female,57,New,Kolkata,West Bengal,East,2024-07-17
9839,Farhan Mitter,Female,50,Regular,Surat,Gujarat,West,2021-11-22
9840,Charles Ram,Male,21,Regular,Bhubaneswar,Odisha,East,2025-11-26
9841,Ekbal Kumar,Male,35,Premium,Jaipur,Rajasthan,North,2024-09-08
9842,Rachita Parmer,Female,43,Premium,Bhubaneswar,Odisha,East,2025-06-15
9843,Abdul Bawa,Male,49,New,Lucknow,Uttar Pradesh,North,2023-01-31
9844,Baljiwan Bajaj,Female,22,Regular,Chennai,Tamil Nadu,South,2021-08-08
9845,Aachal Parmer,Female,28,New,Guwahati,Assam,East,2023-01-01
9846,Lekha Wadhwa,Female,47,Regular,Guwahati,Assam,East,2022-10-18
9847,Ridhi Panchal,Female,31,Regular,Ranchi,Jharkhand,East,2025-06-30
9848,Anirudh Manda,Male,55,Regular,Indore,Madhya Pradesh,West,2022-05-22
9849,Baghyawati Randhawa,Female,38,Regular,Bengaluru,Karnataka,South,2026-07-04
9850,Sachi Sami,Female,60,Regular,Surat,Gujarat,West,2023-08-30
9851,Balveer Singhal,Female,45,Regular,Kochi,Kerala,South,2021-11-02
9852,Gaurav Tripathi,Female,64,Premium,Lucknow,Uttar Pradesh,North,2024-07-19
9853,Leena Pandit,Female,55,New,Delhi,Delhi,North,2022-02-04
9854,Darpan Dalal,Female,64,Regular,Coimbatore,Tamil Nadu,South,2022-06-03
9855,Arin Morar,Male,35,Premium,Jaipur,Rajasthan,North,2023-05-18
9856,Anthony Sarna,Male,33,Regular,Coimbatore,Tamil Nadu,South,2022-09-26
9857,Widisha Kunda,Male,26,New,Ranchi,Jharkhand,East,2025-11-16
9858,Anvi Srivastava,Female,57,Regular,Guwahati,Assam,East,2021-11-22
9859,Lila Gulati,Male,57,New,Surat,Gujarat,West,2026-04-14
9860,Balveer Karnik,Female,37,New,Pune,Maharashtra,West,2025-08-18
9861,Yug Dara,Male,49,Regular,Surat,Gujarat,West,2025-06-03
9862,Urmi Bhardwaj,Male,23,Regular,Kolkata,West Bengal,East,2024-06-15
9863,Keya Chaudhry,Female,26,Premium,Delhi,Delhi,North,2022-05-07
9864,Brinda Mall,Male,42,Regular,Pune,Maharashtra,West,2023-08-09
9865,Barkha Pau,Male,51,Regular,Patna,Bihar,East,2023-06-08
9866,Zayan Morar,Female,40,New,Chandigarh,Chandigarh,North,2025-05-05
9867,Qasim Trivedi,Female,56,Regular,Kolkata,West Bengal,East,2021-12-15
9868,Gaurang Khurana,Female,41,New,Hyderabad,Telangana,South,2026-01-04
9869,Anita Mallick,Male,35,Premium,Hyderabad,Telangana,South,2025-11-09
9870,Tanvi Nair,Female,64,New,Kochi,Kerala,South,2025-05-17
9871,Amaira Mistry,Female,64,New,Kolkata,West Bengal,East,2026-06-07
9872,Anmol Ahluwalia,Female,47,Regular,Ahmedabad,Gujarat,West,2026-05-24
9873,Leena Nori,Female,53,New,Kochi,Kerala,South,2024-05-29
9874,Nidhi Keer,Female,22,New,Bhubaneswar,Odisha,East,2025-10-16
9875,Bimala Thakur,Female,65,Regular,Chennai,Tamil Nadu,South,2025-12-12
9876,Vansha Kohli,Female,55,New,Ranchi,Jharkhand,East,2024-01-04
9877,Omya Kumar,Female,38,New,Delhi,Delhi,North,2023-12-06
9878,Samesh Sethi,Female,55,Regular,Chennai,Tamil Nadu,South,2025-10-21
9879,Yuvraj Mahal,Female,54,Regular,Coimbatore,Tamil Nadu,South,2024-03-11
9880,Isaac Chaudhry,Male,31,Regular,Ahmedabad,Gujarat,West,2025-10-26
9881,Jason Sampath,Female,61,Regular,Surat,Gujarat,West,2025-10-24
9882,Damini Sathe,Male,32,Regular,Chandigarh,Chandigarh,North,2022-03-03
9883,Rachana Sandal,Male,46,Regular,Patna,Bihar,East,2023-09-18
9884,Dakshesh Bumb,Female,23,Premium,Delhi,Delhi,North,2025-01-03
9885,Janya Gade,Male,26,New,Guwahati,Assam,East,2024-06-23
9886,Jonathan Oommen,Female,54,Regular,Bhubaneswar,Odisha,East,2023-06-10
9887,Isaiah Sen,Female,32,Premium,Ranchi,Jharkhand,East,2024-06-02
9888,Alexander Wali,Male,61,Regular,Kolkata,West Bengal,East,2023-09-18
9889,Sara Nagar,Male,39,New,Surat,Gujarat,West,2025-07-03
9890,Kavya Sarin,Female,44,New,Coimbatore,Tamil Nadu,South,2024-05-30
9891,Ojasvi Sundaram,Male,64,Regular,Jaipur,Rajasthan,North,2025-03-16
9892,Arunima Sehgal,Male,35,New,Pune,Maharashtra,West,2021-10-07
9893,Indrajit Magar,Female,27,Regular,Amritsar,Punjab,North,2023-12-04
9894,Upadhriti Bhakta,Male,31,Regular,Lucknow,Uttar Pradesh,North,2021-09-15
9895,Andrew Chada,Male,22,Regular,Ranchi,Jharkhand,East,2022-03-18
9896,Aahana Manda,Female,30,New,Indore,Madhya Pradesh,West,2023-05-03
9897,Tara Naik,Male,59,Regular,Pune,Maharashtra,West,2021-09-18
9898,Tarak Swaminathan,Male,60,Regular,Ahmedabad,Gujarat,West,2022-03-13
9899,Amruta Parikh,Male,36,Regular,Coimbatore,Tamil Nadu,South,2022-10-29
9900,Urvashi Ramakrishnan,Male,48,New,Amritsar,Punjab,North,2023-03-22
9901,Shivansh Khurana,Male,33,New,Lucknow,Uttar Pradesh,North,2026-04-01
9902,Qarin Aggarwal,Male,50,Regular,Chennai,Tamil Nadu,South,2025-09-04
9903,Avi Om,Female,23,New,Patna,Bihar,East,2025-01-29
9904,Shivani Dyal,Female,59,Regular,Bhubaneswar,Odisha,East,2026-04-19
9905,Kalpit Wable,Male,61,Premium,Mumbai,Maharashtra,West,2023-11-21
9906,Vaishnavi Ramachandran,Male,23,Regular,Amritsar,Punjab,North,2024-08-29
9907,Darpan Mahajan,Male,64,Regular,Kochi,Kerala,South,2024-05-24
9908,Pooja Rau,Male,55,New,Bengaluru,Karnataka,South,2025-09-29
9909,Pallavi Zachariah,Female,64,New,Kochi,Kerala,South,2021-08-25
9910,Ucchal Saran,Female,47,New,Surat,Gujarat,West,2021-09-09
9911,Aishani Zachariah,Female,39,New,Pune,Maharashtra,West,2024-12-10
9912,Ronith Patel,Female,40,Premium,Surat,Gujarat,West,2022-05-26
9913,Mitali Chauhan,Female,57,New,Patna,Bihar,East,2021-10-07
9914,Vanya Tandon,Female,50,Regular,Chandigarh,Chandigarh,North,2023-09-12
9915,Aahana Dewan,Female,62,Regular,Amritsar,Punjab,North,2025-11-21
9916,Osha Mani,Female,65,Premium,Bhubaneswar,Odisha,East,2022-12-05
9917,Isaac Ramachandran,Male,26,New,Delhi,Delhi,North,2024-05-10
9918,Gauri Bains,Male,54,New,Indore,Madhya Pradesh,West,2022-07-02
9919,Oscar Oza,Male,33,New,Patna,Bihar,East,2025-10-23
9920,Balendra Chaudhary,Male,30,Regular,Amritsar,Punjab,North,2024-07-28
9921,Ikshita Sane,Male,31,New,Chennai,Tamil Nadu,South,2023-06-24
9922,Varsha Upadhyay,Female,59,Premium,Kolkata,West Bengal,East,2024-08-08
9923,Vanya Batra,Male,47,Regular,Patna,Bihar,East,2022-03-31
9924,Ronith Kale,Female,34,Regular,Chandigarh,Chandigarh,North,2021-08-22
9925,Andrew Dhaliwal,Male,45,Regular,Lucknow,Uttar Pradesh,North,2025-04-22
9926,Chandani Kata,Female,36,New,Lucknow,Uttar Pradesh,North,2022-07-30
9927,Parth Mallick,Male,65,Regular,Jaipur,Rajasthan,North,2022-06-04
9928,Aarush Chana,Female,45,Premium,Patna,Bihar,East,2024-08-27
9929,Jacob Dalal,Female,36,Regular,Bengaluru,Karnataka,South,2025-01-07
9930,Charita Salvi,Male,47,Premium,Hyderabad,Telangana,South,2024-10-05
9931,Yug Bir,Male,29,Regular,Pune,Maharashtra,West,2026-01-16
9932,Turvi Chandra,Female,54,New,Kolkata,West Bengal,East,2026-06-29
9933,Ikshita Char,Male,40,New,Ranchi,Jharkhand,East,2022-11-07
9934,Ayaan Gulati,Male,32,New,Bengaluru,Karnataka,South,2026-06-04
9935,Jhalak Rajan,Male,47,New,Guwahati,Assam,East,2025-09-01
9936,Zehaan Dube,Male,41,New,Mumbai,Maharashtra,West,2026-06-16
9937,Ranbir Johal,Female,51,Regular,Coimbatore,Tamil Nadu,South,2022-08-15
9938,Bhavini Dutt,Female,56,Regular,Amritsar,Punjab,North,2025-02-21
9939,Lekha Kibe,Female,61,Premium,Kolkata,West Bengal,East,2024-03-09
9940,Wyatt Mohan,Male,65,Regular,Guwahati,Assam,East,2023-11-28
9941,Chatresh Kohli,Female,60,Premium,Patna,Bihar,East,2024-09-04
9942,Saumya Soman,Female,34,New,Patna,Bihar,East,2021-08-01
9943,Sudiksha Jayaraman,Male,55,New,Bhubaneswar,Odisha,East,2025-06-27
9944,Nathan Parmar,Female,22,Regular,Delhi,Delhi,North,2025-08-10
9945,Indira Hora,Female,27,New,Bhubaneswar,Odisha,East,2021-10-08
9946,Madhav Mall,Female,39,New,Surat,Gujarat,West,2022-04-29
9947,Yasti Korpal,Male,22,New,Ranchi,Jharkhand,East,2025-11-05
9948,Megha Shenoy,Female,20,New,Surat,Gujarat,West,2024-12-28
9949,Wridesh Uppal,Female,46,Regular,Jaipur,Rajasthan,North,2025-05-07
9950,Fariq Garg,Male,45,Regular,Amritsar,Punjab,North,2025-12-08
9951,Saanvi Gandhi,Female,20,Regular,Pune,Maharashtra,West,2025-10-24
9952,Aarini Tank,Male,21,Regular,Coimbatore,Tamil Nadu,South,2024-01-26
9953,Fiyaz Ben,Female,48,Regular,Kolkata,West Bengal,East,2025-06-24
9954,Ladli Gandhi,Male,35,New,Lucknow,Uttar Pradesh,North,2023-01-04
9955,Dipta Goswami,Male,24,New,Mumbai,Maharashtra,West,2024-07-09
9956,Harish Nadig,Male,60,New,Mumbai,Maharashtra,West,2025-09-17
9957,Yoshita Bedi,Female,55,Regular,Kolkata,West Bengal,East,2023-12-20
9958,Anmol Lalla,Female,35,Regular,Bengaluru,Karnataka,South,2022-03-29
9959,Triveni Chaudry,Female,29,Regular,Ranchi,Jharkhand,East,2021-12-03
9960,Ati Krish,Female,59,New,Ahmedabad,Gujarat,West,2024-05-15
9961,Tanmayi Bhalla,Male,26,Regular,Coimbatore,Tamil Nadu,South,2025-06-21
9962,Pahal Patla,Female,23,Regular,Surat,Gujarat,West,2026-06-24
9963,Bishakha Randhawa,Female,43,Regular,Kolkata,West Bengal,East,2023-09-22
9964,Eesha Balan,Female,65,Regular,Jaipur,Rajasthan,North,2022-08-24
9965,Kala Kadakia,Female,41,Regular,Mumbai,Maharashtra,West,2021-12-06
9966,Azaan Comar,Male,44,Regular,Surat,Gujarat,West,2026-01-19
9967,Kala Randhawa,Female,20,Regular,Indore,Madhya Pradesh,West,2025-02-18
9968,Gavin Kanda,Male,42,New,Kochi,Kerala,South,2023-10-02
9969,Dominic Shenoy,Male,39,Regular,Ranchi,Jharkhand,East,2023-12-03
9970,George Seshadri,Male,62,New,Patna,Bihar,East,2022-11-29
9971,Xalak Kaul,Male,32,New,Mumbai,Maharashtra,West,2023-05-02
9972,Sai Kala,Female,44,Premium,Coimbatore,Tamil Nadu,South,2021-07-27
9973,Vasana Basu,Male,34,Premium,Chennai,Tamil Nadu,South,2023-10-20
9974,Guneet Mann,Male,41,New,Kolkata,West Bengal,East,2021-12-14
9975,Naksh Bose,Female,22,Regular,Indore,Madhya Pradesh,West,2024-05-13
9976,Nathaniel Lal,Male,59,New,Bengaluru,Karnataka,South,2025-09-03
9977,Ojasvi Brahmbhatt,Female,65,Regular,Indore,Madhya Pradesh,West,2021-08-12
9978,Gaurika Madan,Female,55,Regular,Guwahati,Assam,East,2022-07-31
9979,Neha Bera,Female,51,Premium,Indore,Madhya Pradesh,West,2025-10-08
9980,Frederick Madan,Female,65,Regular,Indore,Madhya Pradesh,West,2022-05-23
9981,Aradhana Sinha,Female,32,Regular,Bengaluru,Karnataka,South,2022-10-13
9982,Bachittar Mitter,Male,49,Regular,Jaipur,Rajasthan,North,2021-12-14
9983,Diya Kibe,Male,42,New,Jaipur,Rajasthan,North,2023-03-26
9984,Falak Ray,Female,54,Premium,Chennai,Tamil Nadu,South,2026-02-24
9985,Vasatika Ravi,Female,26,Premium,Lucknow,Uttar Pradesh,North,2021-10-29
9986,Anusha Talwar,Male,26,Regular,Bengaluru,Karnataka,South,2024-07-15
9987,Omisha Bawa,Female,55,New,Ahmedabad,Gujarat,West,2026-07-09
9988,Yadavi Natarajan,Female,42,New,Delhi,Delhi,North,2025-10-10
9989,Urmi Palla,Male,54,New,Bengaluru,Karnataka,South,2023-06-01
9990,Omkaar Gola,Female,61,Regular,Pune,Maharashtra,West,2021-07-30
9991,Dakshesh Ram,Female,60,Regular,Amritsar,Punjab,North,2023-01-31
9992,Xiti Sachdeva,Female,18,New,Bhubaneswar,Odisha,East,2024-06-28
9993,Geetika Kuruvilla,Male,30,Regular,Pune,Maharashtra,West,2025-04-27
9994,Wishi Tara,Male,40,Regular,Lucknow,Uttar Pradesh,North,2025-12-08
9995,Charita Chatterjee,Male,59,New,Surat,Gujarat,West,2022-01-30
9996,Ansh Borra,Female,41,Premium,Ranchi,Jharkhand,East,2023-06-14
9997,Irya Suri,Female,28,Premium,Indore,Madhya Pradesh,West,2024-05-16
9998,Neelima Swamy,Male,37,Premium,Kolkata,West Bengal,East,2021-09-29
9999,Eshana Batra,Male,65,Regular,Delhi,Delhi,North,2025-03-24
10000,Gavin Mistry,Male,19,New,Kochi,Kerala,South,2022-11-06
